dataset,method,setting_type,k,result_validity,paper_use_category,validity_reason,metric,n,mean,std,se,ci95_low,ci95_high,median,min,max,seeds
az_class,ahr_malcl_v14_5_az_validation_k25,other,25,unknown_review_needed,manual_review_needed,"not part of main final, ablation, memory-budget, or replay-drift evidence categories",mean_acc_seen,1,0.6237152645401749,,,,,0.6237152645401749,0.6237152645401749,0.6237152645401749,42
az_class,ahr_malcl_v14_5_az_validation_k25,other,25,unknown_review_needed,manual_review_needed,"not part of main final, ablation, memory-budget, or replay-drift evidence categories",min_acc_seen,1,0.474036205749501,,,,,0.474036205749501,0.474036205749501,0.474036205749501,42
az_class,ahr_malcl_v14_5_az_validation_k25,other,25,unknown_review_needed,manual_review_needed,"not part of main final, ablation, memory-budget, or replay-drift evidence categories",final_taskwise_average_accuracy,1,0.5383970432520587,,,,,0.5383970432520587,0.5383970432520587,0.5383970432520587,42
az_class,ahr_malcl_v14_5_az_validation_k25,other,25,unknown_review_needed,manual_review_needed,"not part of main final, ablation, memory-budget, or replay-drift evidence categories",forgetting,1,0.3626120163904365,,,,,0.3626120163904365,0.3626120163904365,0.3626120163904365,42
az_class,ahr_malcl_v14_5_az_validation_k25,other,25,unknown_review_needed,manual_review_needed,"not part of main final, ablation, memory-budget, or replay-drift evidence categories",macro_f1,1,0.4526595351794808,,,,,0.4526595351794808,0.4526595351794808,0.4526595351794808,42
az_class,ahr_malcl_v14_5_az_validation_k25,other,25,unknown_review_needed,manual_review_needed,"not part of main final, ablation, memory-budget, or replay-drift evidence categories",weighted_f1,1,0.472914819167178,,,,,0.472914819167178,0.472914819167178,0.472914819167178,42
az_class,ahr_malcl_v14_5_az_validation_k25,other,25,unknown_review_needed,manual_review_needed,"not part of main final, ablation, memory-budget, or replay-drift evidence categories",balanced_accuracy,1,0.6165830190625757,,,,,0.6165830190625757,0.6165830190625757,0.6165830190625757,42
az_class,ahr_malcl_v14_5_az_validation_k25,other,25,unknown_review_needed,manual_review_needed,"not part of main final, ablation, memory-budget, or replay-drift evidence categories",old_class_accuracy,1,0.4686612314162393,,,,,0.4686612314162393,0.4686612314162393,0.4686612314162393,42
az_class,ahr_malcl_v14_5_az_validation_k25,other,25,unknown_review_needed,manual_review_needed,"not part of main final, ablation, memory-budget, or replay-drift evidence categories",new_class_accuracy,1,0.5743801652892562,,,,,0.5743801652892562,0.5743801652892562,0.5743801652892562,42
az_class,ahr_malcl_v14_5_az_validation_k25,other,25,unknown_review_needed,manual_review_needed,"not part of main final, ablation, memory-budget, or replay-drift evidence categories",plasticity_stability_gap,1,0.1057189338730168,,,,,0.1057189338730168,0.1057189338730168,0.1057189338730168,42
az_class,ahr_malcl_v14_5_az_validation_k25,other,25,unknown_review_needed,manual_review_needed,"not part of main final, ablation, memory-budget, or replay-drift evidence categories",mmd_real_generated,1,0.0201663970947265,,,,,0.0201663970947265,0.0201663970947265,0.0201663970947265,42
az_class,ahr_malcl_v14_5_az_validation_k25,other,25,unknown_review_needed,manual_review_needed,"not part of main final, ablation, memory-budget, or replay-drift evidence categories",wasserstein_real_generated,1,0.0897252932190895,,,,,0.0897252932190895,0.0897252932190895,0.0897252932190895,42
az_class,ahr_malcl_v14_5_az_validation_k25,other,25,unknown_review_needed,manual_review_needed,"not part of main final, ablation, memory-budget, or replay-drift evidence categories",memory_MB,1,451.2638931274414,,,,,451.2638931274414,451.2638931274414,451.2638931274414,42
az_class,ahr_malcl_v14_5_az_validation_k25,other,25,unknown_review_needed,manual_review_needed,"not part of main final, ablation, memory-budget, or replay-drift evidence categories",gpu_peak_memory_MB,1,2862.6552734375,,,,,2862.6552734375,2862.6552734375,2862.6552734375,42
az_class,ahr_malcl_v14_5_az_validation_k25,other,25,unknown_review_needed,manual_review_needed,"not part of main final, ablation, memory-budget, or replay-drift evidence categories",elapsed_minutes,1,56.74260765314102,,,,,56.74260765314102,56.74260765314102,56.74260765314102,42
az_class,classifier_real_only,ablation,100,valid_ablation,ablation_table,controlled ablation result under final ablation folders,mean_acc_seen,5,0.13780366910759403,0.012613509952208378,0.005640933137601611,0.12214192790895201,0.15346541030623606,0.1305399304994103,0.1264499432450714,0.1528801556453868,"42,43,44,45,46"
az_class,classifier_real_only,ablation,100,valid_ablation,ablation_table,controlled ablation result under final ablation folders,min_acc_seen,5,0.014248405073218302,0.007721180952554164,0.0034530170952975377,0.00466129266081515,0.023835517485621453,0.0122746592408031,0.008788823138065,0.027473975490842,"42,43,44,45,46"
az_class,classifier_real_only,ablation,100,valid_ablation,ablation_table,controlled ablation result under final ablation folders,final_taskwise_average_accuracy,5,0.08946671364087032,0.002230546982098466,0.000997530935795835,0.0866971237568966,0.09223630352484403,0.0893305589438186,0.0874259839777081,0.0930021750250031,"42,43,44,45,46"
az_class,classifier_real_only,ablation,100,valid_ablation,ablation_table,controlled ablation result under final ablation folders,forgetting,5,0.9629409859866392,0.010052446528503511,0.004495590755583125,0.950459225038328,0.9754227469349505,0.961925898380367,0.9497528387059084,0.9761287578631874,"42,43,44,45,46"
az_class,classifier_real_only,ablation,100,valid_ablation,ablation_table,controlled ablation result under final ablation folders,macro_f1,5,0.0063446267537367994,0.003956820950602983,0.0017695441240687215,0.0014315846320346812,0.011257668875438918,0.0060928235335185,0.003005238748623,0.0126659977530023,"42,43,44,45,46"
az_class,classifier_real_only,ablation,100,valid_ablation,ablation_table,controlled ablation result under final ablation folders,weighted_f1,5,0.007610594193399839,0.005671644149960688,0.002536436372700222,0.0005683178417706615,0.014652870545029017,0.0070058579449286,0.0006398941274972,0.0154530611625484,"42,43,44,45,46"
az_class,classifier_real_only,ablation,100,valid_ablation,ablation_table,controlled ablation result under final ablation folders,balanced_accuracy,5,0.051133244194753305,0.004089443295548942,0.0018288546397956394,0.046055529681974426,0.056210958707532184,0.0496358511336478,0.0486131934032983,0.058409056011841,"42,43,44,45,46"
az_class,classifier_real_only,ablation,100,valid_ablation,ablation_table,controlled ablation result under final ablation folders,old_class_accuracy,5,0.0002742569120154,0.0006132570985656132,0.00027425691201539995,-0.00048720234891641914,0.0010357161729472192,0.0,0.0,0.001371284560077,"42,43,44,45,46"
az_class,classifier_real_only,ablation,100,valid_ablation,ablation_table,controlled ablation result under final ablation folders,new_class_accuracy,5,0.978260834176558,0.014264383093211045,0.0063792260507037225,0.9605492632331314,0.9959724051199845,0.9826361483820047,0.9616858237547892,0.9936588459099556,"42,43,44,45,46"
az_class,classifier_real_only,ablation,100,valid_ablation,ablation_table,controlled ablation result under final ablation folders,plasticity_stability_gap,5,0.9779865772645424,0.013902919888493874,0.006217574791281219,0.9607238221690885,0.9952493323599964,0.9826361483820047,0.9616858237547892,0.9922875613498784,"42,43,44,45,46"
az_class,classifier_real_only,ablation,100,valid_ablation,ablation_table,controlled ablation result under final ablation folders,mmd_real_generated,0,,,,,,,,,
az_class,classifier_real_only,ablation,100,valid_ablation,ablation_table,controlled ablation result under final ablation folders,wasserstein_real_generated,0,,,,,,,,,
az_class,classifier_real_only,ablation,100,valid_ablation,ablation_table,controlled ablation result under final ablation folders,memory_MB,5,358.1471328735352,0.0,0.0,358.1471328735352,358.1471328735352,358.1471328735352,358.1471328735352,358.1471328735352,"42,43,44,45,46"
az_class,classifier_real_only,ablation,100,valid_ablation,ablation_table,controlled ablation result under final ablation folders,gpu_peak_memory_MB,5,429.2080078125,0.0,0.0,429.2080078125,429.2080078125,429.2080078125,429.2080078125,429.2080078125,"42,43,44,45,46"
az_class,classifier_real_only,ablation,100,valid_ablation,ablation_table,controlled ablation result under final ablation folders,elapsed_minutes,5,1.7037020874023436,0.2377412889448402,0.10632113662781638,1.408507288032977,1.9988968867717103,1.6114087621370952,1.5440831025441488,2.124891670544942,"42,43,44,45,46"
az_class,hybrid_diversity_buffer,ablation,100,valid_ablation,ablation_table,controlled ablation result under final ablation folders,mean_acc_seen,5,0.6710760554931987,0.012864137188967992,0.005753017045283097,0.6551031194777029,0.6870489915086945,0.671500972635277,0.6519962510598061,0.6871885816843111,"42,43,44,45,46"
az_class,hybrid_diversity_buffer,ablation,100,valid_ablation,ablation_table,controlled ablation result under final ablation folders,min_acc_seen,5,0.5744673115381607,0.013709674068550979,0.00613115263332922,0.5574445028201331,0.5914901202561882,0.5698728947091986,0.5633600616268076,0.5979282486101668,"42,43,44,45,46"
az_class,hybrid_diversity_buffer,ablation,100,valid_ablation,ablation_table,controlled ablation result under final ablation folders,final_taskwise_average_accuracy,5,0.6342210366150113,0.03474446173032598,0.015538195654129769,0.591080089347497,0.6773619838825256,0.6355156290703745,0.5815481226479015,0.6751957587648817,"42,43,44,45,46"
az_class,hybrid_diversity_buffer,ablation,100,valid_ablation,ablation_table,controlled ablation result under final ablation folders,forgetting,5,0.2099609595151744,0.02636220418622,0.011789536119423488,0.17722795966384847,0.24269395936650034,0.2142779120032515,0.1725918575389287,0.2443511744706646,"42,43,44,45,46"
az_class,hybrid_diversity_buffer,ablation,100,valid_ablation,ablation_table,controlled ablation result under final ablation folders,macro_f1,5,0.554252600589556,0.007653155054549892,0.003422594988863934,0.5447499534856503,0.5637552476934619,0.556049796875627,0.5435196367607685,0.5638988706064245,"42,43,44,45,46"
az_class,hybrid_diversity_buffer,ablation,100,valid_ablation,ablation_table,controlled ablation result under final ablation folders,weighted_f1,5,0.5692830971452374,0.014144300543133145,0.006325523501726581,0.5517206283810551,0.5868455659094197,0.5635172289957009,0.5570838700885863,0.5932388937850637,"42,43,44,45,46"
az_class,hybrid_diversity_buffer,ablation,100,valid_ablation,ablation_table,controlled ablation result under final ablation folders,balanced_accuracy,5,0.7457115199249309,0.009341420771495077,0.004177610370298304,0.7341126140608927,0.7573104257889691,0.7436961370949642,0.7370466158983088,0.760511172158513,"42,43,44,45,46"
az_class,hybrid_diversity_buffer,ablation,100,valid_ablation,ablation_table,controlled ablation result under final ablation folders,old_class_accuracy,5,0.5679209091157483,0.013643223745805403,0.0061014351455720385,0.550980609371143,0.5848612088603536,0.5711357693123189,0.5532487213487403,0.5847231487658439,"42,43,44,45,46"
az_class,hybrid_diversity_buffer,ablation,100,valid_ablation,ablation_table,controlled ablation result under final ablation folders,new_class_accuracy,5,0.7519264080655375,0.1748902215347755,0.07821328479035111,0.5347715163479261,0.9690812997831488,0.7869685767097967,0.459366391184573,0.9118773946360154,"42,43,44,45,46"
az_class,hybrid_diversity_buffer,ablation,100,valid_ablation,ablation_table,controlled ablation result under final ablation folders,plasticity_stability_gap,5,0.18400549894978907,0.17627410578989808,0.07883217664384026,-0.03486771202508904,0.4028787099246672,0.2337198553610564,-0.116425839604522,0.3407416253236964,"42,43,44,45,46"
az_class,hybrid_diversity_buffer,ablation,100,valid_ablation,ablation_table,controlled ablation result under final ablation folders,mmd_real_generated,5,0.00336108207702634,0.0011415470282579638,0.000510515350939536,0.0019436642297819317,0.004778499924270749,0.0029618740081787,0.0021756887435913,0.0052082538604736,"42,43,44,45,46"
az_class,hybrid_diversity_buffer,ablation,100,valid_ablation,ablation_table,controlled ablation result under final ablation folders,wasserstein_real_generated,5,0.05560546666383738,0.0018140125626761247,0.0008112510804364825,0.053353072572473084,0.057857860755201676,0.0556342937052249,0.0535839982330799,0.0582152418792247,"42,43,44,45,46"
az_class,hybrid_diversity_buffer,ablation,100,valid_ablation,ablation_table,controlled ablation result under final ablation folders,memory_MB,5,544.3806533813477,0.0,0.0,544.3806533813477,544.3806533813477,544.3806533813477,544.3806533813477,544.3806533813477,"42,43,44,45,46"
az_class,hybrid_diversity_buffer,ablation,100,valid_ablation,ablation_table,controlled ablation result under final ablation folders,gpu_peak_memory_MB,5,3041.49833984375,109.85874637157512,49.130324961950066,2905.0906895863664,3177.9059901011333,3058.15625,2927.31591796875,3159.89794921875,"42,43,44,45,46"
az_class,hybrid_diversity_buffer,ablation,100,valid_ablation,ablation_table,controlled ablation result under final ablation folders,elapsed_minutes,5,19.9774661509196,0.21187305482896443,0.09475251063962091,19.71439100654902,20.24054129529018,19.944554444154104,19.734072510401408,20.31766575574875,"42,43,44,45,46"
az_class,hybrid_random_buffer,ablation,100,valid_memory_efficient_hr,memory_efficient_hr_table,ablation hybrid_random_buffer aggregate provides simplified HR memory-efficient result,mean_acc_seen,5,0.7336122714813581,0.014450825929172661,0.006462605821729326,0.7156692011807949,0.7515553417819213,0.7359395482979489,0.7144661597626837,0.7511489556893779,"42,43,44,45,46"
az_class,hybrid_random_buffer,ablation,100,valid_memory_efficient_hr,memory_efficient_hr_table,ablation hybrid_random_buffer aggregate provides simplified HR memory-efficient result,min_acc_seen,5,0.6737907262919512,0.004102463161872962,0.001834677301027333,0.6686968454798964,0.6788846071040061,0.6726623789667114,0.6687208935887111,0.6783481720022732,"42,43,44,45,46"
az_class,hybrid_random_buffer,ablation,100,valid_memory_efficient_hr,memory_efficient_hr_table,ablation hybrid_random_buffer aggregate provides simplified HR memory-efficient result,final_taskwise_average_accuracy,5,0.7129473423550008,0.011811407560742598,0.005282222043155085,0.698281542818715,0.7276131418912866,0.7125498645382027,0.7010945067679869,0.7254718933649008,"42,43,44,45,46"
az_class,hybrid_random_buffer,ablation,100,valid_memory_efficient_hr,memory_efficient_hr_table,ablation hybrid_random_buffer aggregate provides simplified HR memory-efficient result,forgetting,5,0.12891016499330907,0.010624134022122428,0.004751257175106801,0.1157185602659479,0.14210176972067023,0.1300743228883822,0.1192056303456737,0.1451837562131941,"42,43,44,45,46"
az_class,hybrid_random_buffer,ablation,100,valid_memory_efficient_hr,memory_efficient_hr_table,ablation hybrid_random_buffer aggregate provides simplified HR memory-efficient result,macro_f1,5,0.6404831115244924,0.012481696338465069,0.005581984297463623,0.6249850385445086,0.6559811845044763,0.6392906682138242,0.6225512796307549,0.656932308842058,"42,43,44,45,46"
az_class,hybrid_random_buffer,ablation,100,valid_memory_efficient_hr,memory_efficient_hr_table,ablation hybrid_random_buffer aggregate provides simplified HR memory-efficient result,weighted_f1,5,0.682600260601333,0.0053299317545673535,0.0023836179437294654,0.6759822762288038,0.6892182449738623,0.6842189210633007,0.6749892927912967,0.68913304960436,"42,43,44,45,46"
az_class,hybrid_random_buffer,ablation,100,valid_memory_efficient_hr,memory_efficient_hr_table,ablation hybrid_random_buffer aggregate provides simplified HR memory-efficient result,balanced_accuracy,5,0.7959336956981928,0.003440892594647209,0.0015388139489813577,0.7916612632417335,0.8002061281546522,0.796135340080347,0.7913255209379014,0.8002880430659638,"42,43,44,45,46"
az_class,hybrid_random_buffer,ablation,100,valid_memory_efficient_hr,memory_efficient_hr_table,ablation hybrid_random_buffer aggregate provides simplified HR memory-efficient result,old_class_accuracy,5,0.6743425697823895,0.007084618196099574,0.0031683375762221163,0.6655458544272733,0.6831392851375057,0.6736881985224474,0.6666788802579511,0.685616261482274,"42,43,44,45,46"
az_class,hybrid_random_buffer,ablation,100,valid_memory_efficient_hr,memory_efficient_hr_table,ablation hybrid_random_buffer aggregate provides simplified HR memory-efficient result,new_class_accuracy,5,0.7388623782823496,0.19718200647649686,0.08818247408425015,0.49402857974690195,0.9836961768177972,0.8281547241597971,0.4097796143250689,0.9118773946360154,"42,43,44,45,46"
az_class,hybrid_random_buffer,ablation,100,valid_memory_efficient_hr,memory_efficient_hr_table,ablation hybrid_random_buffer aggregate provides simplified HR memory-efficient result,plasticity_stability_gap,5,0.06451980849996022,0.2024949368841168,0.09055848879448292,-0.1869108644475911,0.3159504814475116,0.1530379796634662,-0.2758366471572051,0.2412646304830716,"42,43,44,45,46"
az_class,hybrid_random_buffer,ablation,100,valid_memory_efficient_hr,memory_efficient_hr_table,ablation hybrid_random_buffer aggregate provides simplified HR memory-efficient result,mmd_real_generated,5,0.002566123008728,0.0006797130201155209,0.0003039769036339973,0.001722147822540207,0.003410098194915793,0.0025292634963989,0.001516580581665,0.0031715631484985,"42,43,44,45,46"
az_class,hybrid_random_buffer,ablation,100,valid_memory_efficient_hr,memory_efficient_hr_table,ablation hybrid_random_buffer aggregate provides simplified HR memory-efficient result,wasserstein_real_generated,5,0.05320556163787839,0.00814107325041863,0.0036407986395482453,0.043097084076093875,0.0633140391996629,0.0528799146413803,0.0430074334144592,0.0655001550912857,"42,43,44,45,46"
az_class,hybrid_random_buffer,ablation,100,valid_memory_efficient_hr,memory_efficient_hr_table,ablation hybrid_random_buffer aggregate provides simplified HR memory-efficient result,memory_MB,5,544.3806533813477,0.0,0.0,544.3806533813477,544.3806533813477,544.3806533813477,544.3806533813477,544.3806533813477,"42,43,44,45,46"
az_class,hybrid_random_buffer,ablation,100,valid_memory_efficient_hr,memory_efficient_hr_table,ablation hybrid_random_buffer aggregate provides simplified HR memory-efficient result,gpu_peak_memory_MB,5,3027.26796875,110.5203968709776,49.4262240607522,2890.038770888115,3164.497166611885,2975.740234375,2933.87841796875,3159.9423828125,"42,43,44,45,46"
az_class,hybrid_random_buffer,ablation,100,valid_memory_efficient_hr,memory_efficient_hr_table,ablation hybrid_random_buffer aggregate provides simplified HR memory-efficient result,elapsed_minutes,5,13.757362310886382,0.1952311040127215,0.08731000397895544,13.514950877704212,13.999773744068552,13.777976437409718,13.501185210545858,13.989549922943116,"42,43,44,45,46"
az_class,hybrid_random_buffer,final_best_performance,200,valid_main_hr,main_final_table,official best-performance simplified AHR-MalCL-HR result,mean_acc_seen,5,0.7576337456084699,0.01398835523213295,0.006255782638492825,0.7402649085226451,0.7750025826942946,0.7585797449297865,0.7389552825624882,0.7741135160503443,"42,43,44,45,46"
az_class,hybrid_random_buffer,final_best_performance,200,valid_main_hr,main_final_table,official best-performance simplified AHR-MalCL-HR result,min_acc_seen,5,0.7079845606899555,0.007769951465581505,0.0034748279317828724,0.6983368916873524,0.7176322296925587,0.7109689730723019,0.6942820126755138,0.7132952834483001,"42,43,44,45,46"
az_class,hybrid_random_buffer,final_best_performance,200,valid_main_hr,main_final_table,official best-performance simplified AHR-MalCL-HR result,final_taskwise_average_accuracy,5,0.7431381495182756,0.012372829759675897,0.005533297683333538,0.7277752522497819,0.7585010467867693,0.747509802495242,0.7283873519348618,0.7588953437104986,"42,43,44,45,46"
az_class,hybrid_random_buffer,final_best_performance,200,valid_main_hr,main_final_table,official best-performance simplified AHR-MalCL-HR result,forgetting,5,0.08434590504668305,0.009431571689366102,0.004217927086417027,0.0726350620335193,0.09605674805984679,0.081882873516407,0.0750347732845376,0.0987489132704327,"42,43,44,45,46"
az_class,hybrid_random_buffer,final_best_performance,200,valid_main_hr,main_final_table,official best-performance simplified AHR-MalCL-HR result,macro_f1,5,0.6748001724012352,0.007364836461941052,0.003293654994413847,0.6656555201137847,0.6839448246886858,0.6781164512983427,0.6638206944923604,0.6818523765079041,"42,43,44,45,46"
az_class,hybrid_random_buffer,final_best_performance,200,valid_main_hr,main_final_table,official best-performance simplified AHR-MalCL-HR result,weighted_f1,5,0.713225893202971,0.007160686185012336,0.0032023562150462434,0.7043347269646062,0.7221170594413359,0.7143605075477201,0.7015385505460221,0.7202082334337633,"42,43,44,45,46"
az_class,hybrid_random_buffer,final_best_performance,200,valid_main_hr,main_final_table,official best-performance simplified AHR-MalCL-HR result,balanced_accuracy,5,0.8347580429980068,0.005965779669533179,0.0026679777759724835,0.8273505491611315,0.8421655368348822,0.8337593429685971,0.8285756341837501,0.8444721903431223,"42,43,44,45,46"
az_class,hybrid_random_buffer,final_best_performance,200,valid_main_hr,main_final_table,official best-performance simplified AHR-MalCL-HR result,old_class_accuracy,5,0.7093995546917099,0.0016328645507106441,0.0007302392266877305,0.7073720855651493,0.7114270238182705,0.708783709005054,0.7082499444073826,0.7122411477842957,"42,43,44,45,46"
az_class,hybrid_random_buffer,final_best_performance,200,valid_main_hr,main_final_table,official best-performance simplified AHR-MalCL-HR result,new_class_accuracy,5,0.7310848564226998,0.1835516413307962,0.08208678947946406,0.5031753915710401,0.9589943212743596,0.7996195307545974,0.4235537190082644,0.9003831417624522,"42,43,44,45,46"
az_class,hybrid_random_buffer,final_best_performance,200,valid_main_hr,main_final_table,official best-performance simplified AHR-MalCL-HR result,plasticity_stability_gap,5,0.021685301730990057,0.18285312305396406,0.08177440260935952,-0.20535683812423983,0.24872744158621996,0.0913695863472147,-0.2852299899967896,0.1881419939781564,"42,43,44,45,46"
az_class,hybrid_random_buffer,final_best_performance,200,valid_main_hr,main_final_table,official best-performance simplified AHR-MalCL-HR result,mmd_real_generated,5,0.00133268833160396,0.0005444123715331743,0.00024346861410800983,0.0006567110896944857,0.0020086655735134344,0.0011682510375976,0.0008014440536499,0.0021624565124511,"42,43,44,45,46"
az_class,hybrid_random_buffer,final_best_performance,200,valid_main_hr,main_final_table,official best-performance simplified AHR-MalCL-HR result,wasserstein_real_generated,5,0.03828473240137096,0.005192128209740447,0.002321990324974785,0.03183785372927808,0.04473161107346384,0.0360601134598255,0.0339687727391719,0.0464628152549266,"42,43,44,45,46"
az_class,hybrid_random_buffer,final_best_performance,200,valid_main_hr,main_final_table,official best-performance simplified AHR-MalCL-HR result,memory_MB,5,637.1435699462891,0.0,0.0,637.1435699462891,637.1435699462891,637.1435699462891,637.1435699462891,637.1435699462891,"42,43,44,45,46"
az_class,hybrid_random_buffer,final_best_performance,200,valid_main_hr,main_final_table,official best-performance simplified AHR-MalCL-HR result,gpu_peak_memory_MB,5,3065.92021484375,83.14202082952902,37.18224207230607,2962.6857608418163,3169.1546688456833,3085.27294921875,2927.31591796875,3146.4208984375,"42,43,44,45,46"
az_class,hybrid_random_buffer,final_best_performance,200,valid_main_hr,main_final_table,official best-performance simplified AHR-MalCL-HR result,elapsed_minutes,5,22.354953916072844,0.26754763099995577,0.11965093802698622,22.022749654855495,22.687158177290193,22.245619412263235,22.13408284584681,22.81222138007482,"42,43,44,45,46"
az_class,hybrid_random_buffer,final_memory_efficient,100,legacy_or_config_mismatch,supplementary_only,memory-efficient file uses full-complexity flags; not the final simplified AHR-MalCL-HR method,mean_acc_seen,5,0.6891800843501228,0.005424285214730609,0.002425814093896937,0.6824449446830028,0.6959152240172428,0.6891251727682963,0.6824244252323967,0.6973311085110429,"42,43,44,45,46"
az_class,hybrid_random_buffer,final_memory_efficient,100,legacy_or_config_mismatch,supplementary_only,memory-efficient file uses full-complexity flags; not the final simplified AHR-MalCL-HR method,min_acc_seen,5,0.5895019626206466,0.014561678589794309,0.0065121806386566694,0.5714212505622844,0.6075826746790087,0.5980251409363073,0.5669666304842607,0.60138660317238,"42,43,44,45,46"
az_class,hybrid_random_buffer,final_memory_efficient,100,legacy_or_config_mismatch,supplementary_only,memory-efficient file uses full-complexity flags; not the final simplified AHR-MalCL-HR method,final_taskwise_average_accuracy,5,0.6422426014676196,0.02844315040092067,0.012720163558141801,0.6069257656193014,0.6775594373159377,0.6516382942507716,0.609713202176583,0.6713183389213359,"42,43,44,45,46"
az_class,hybrid_random_buffer,final_memory_efficient,100,legacy_or_config_mismatch,supplementary_only,memory-efficient file uses full-complexity flags; not the final simplified AHR-MalCL-HR method,forgetting,5,0.19935236956762536,0.031388140574258525,0.014037203202272268,0.16037884544600972,0.238325893689241,0.1976983620298549,0.1705101425337536,0.2503750848908945,"42,43,44,45,46"
az_class,hybrid_random_buffer,final_memory_efficient,100,legacy_or_config_mismatch,supplementary_only,memory-efficient file uses full-complexity flags; not the final simplified AHR-MalCL-HR method,macro_f1,5,0.5684592218802995,0.005058634666592677,0.002262290197567642,0.5621780973347259,0.5747403464258731,0.5702784390140186,0.5615306675351337,0.5745337214575801,"42,43,44,45,46"
az_class,hybrid_random_buffer,final_memory_efficient,100,legacy_or_config_mismatch,supplementary_only,memory-efficient file uses full-complexity flags; not the final simplified AHR-MalCL-HR method,weighted_f1,5,0.5854228536360768,0.014060297243487563,0.00628795608405822,0.5679646887447947,0.602881018527359,0.5916797035102963,0.5638407631103735,0.5995244034620245,"42,43,44,45,46"
az_class,hybrid_random_buffer,final_memory_efficient,100,legacy_or_config_mismatch,supplementary_only,memory-efficient file uses full-complexity flags; not the final simplified AHR-MalCL-HR method,balanced_accuracy,5,0.760124471362527,0.013658462847934115,0.006108250279227211,0.7431652497734436,0.7770836929516105,0.7606445458895367,0.7398779150456168,0.7771724697341128,"42,43,44,45,46"
az_class,hybrid_random_buffer,final_memory_efficient,100,legacy_or_config_mismatch,supplementary_only,memory-efficient file uses full-complexity flags; not the final simplified AHR-MalCL-HR method,old_class_accuracy,5,0.5833700070090317,0.012961856326583063,0.005796718372165089,0.5672757366584239,0.5994642773596396,0.5856126306426507,0.5673422996779693,0.5959621867213836,"42,43,44,45,46"
az_class,hybrid_random_buffer,final_memory_efficient,100,legacy_or_config_mismatch,supplementary_only,memory-efficient file uses full-complexity flags; not the final simplified AHR-MalCL-HR method,new_class_accuracy,5,0.7359533605782264,0.16971553439777673,0.07589909435022651,0.5252236915805945,0.9466830295758583,0.7768022181146026,0.4586776859504132,0.9080459770114944,"42,43,44,45,46"
az_class,hybrid_random_buffer,final_memory_efficient,100,legacy_or_config_mismatch,supplementary_only,memory-efficient file uses full-complexity flags; not the final simplified AHR-MalCL-HR method,plasticity_stability_gap,5,0.1525833535691944,0.1638089210013157,0.07325757653596696,-0.05081228622274378,0.3559789933611326,0.2094599184366332,-0.1140894959583188,0.3128802409170707,"42,43,44,45,46"
az_class,hybrid_random_buffer,final_memory_efficient,100,legacy_or_config_mismatch,supplementary_only,memory-efficient file uses full-complexity flags; not the final simplified AHR-MalCL-HR method,mmd_real_generated,5,0.00433707237243648,0.0032450745986643786,0.0014512414789342796,0.0003077800717893927,0.008366364673083567,0.0028738975524902,0.0023298263549804,0.0100828409194946,"42,43,44,45,46"
az_class,hybrid_random_buffer,final_memory_efficient,100,legacy_or_config_mismatch,supplementary_only,memory-efficient file uses full-complexity flags; not the final simplified AHR-MalCL-HR method,wasserstein_real_generated,5,0.047994260489940585,0.010130927951375046,0.004530688714885457,0.035415051984321974,0.060573468995559196,0.0458630993962287,0.0404016561806201,0.065596655011177,"42,43,44,45,46"
az_class,hybrid_random_buffer,final_memory_efficient,100,legacy_or_config_mismatch,supplementary_only,memory-efficient file uses full-complexity flags; not the final simplified AHR-MalCL-HR method,memory_MB,5,544.3806533813477,0.0,0.0,544.3806533813477,544.3806533813477,544.3806533813477,544.3806533813477,544.3806533813477,"42,43,44,45,46"
az_class,hybrid_random_buffer,final_memory_efficient,100,legacy_or_config_mismatch,supplementary_only,memory-efficient file uses full-complexity flags; not the final simplified AHR-MalCL-HR method,gpu_peak_memory_MB,5,4876.398828125,946.1358207652229,423.1248022357191,3701.616042069854,6051.181614180146,4433.09033203125,4387.2216796875,6560.6630859375,"42,43,44,45,46"
az_class,hybrid_random_buffer,final_memory_efficient,100,legacy_or_config_mismatch,supplementary_only,memory-efficient file uses full-complexity flags; not the final simplified AHR-MalCL-HR method,elapsed_minutes,5,14.10283793926239,0.3100888097960353,0.13867593155318753,13.717811827892797,14.487864050631982,14.176180132230122,13.565749005476636,14.360740729173024,"42,43,44,45,46"
az_class,hybrid_random_buffer,memory_budget,0,valid_memory_budget,memory_budget_table,older memory-budget result used only for memory-budget analysis,mean_acc_seen,1,0.4071859046804425,,,,,0.4071859046804425,0.4071859046804425,0.4071859046804425,42
az_class,hybrid_random_buffer,memory_budget,0,valid_memory_budget,memory_budget_table,older memory-budget result used only for memory-budget analysis,min_acc_seen,1,0.1877866872089358,,,,,0.1877866872089358,0.1877866872089358,0.1877866872089358,42
az_class,hybrid_random_buffer,memory_budget,0,valid_memory_budget,memory_budget_table,older memory-budget result used only for memory-budget analysis,final_taskwise_average_accuracy,1,0.2667056505619286,,,,,0.2667056505619286,0.2667056505619286,0.2667056505619286,42
az_class,hybrid_random_buffer,memory_budget,0,valid_memory_budget,memory_budget_table,older memory-budget result used only for memory-budget analysis,forgetting,1,0.7399122500203741,,,,,0.7399122500203741,0.7399122500203741,0.7399122500203741,42
az_class,hybrid_random_buffer,memory_budget,0,valid_memory_budget,memory_budget_table,older memory-budget result used only for memory-budget analysis,macro_f1,1,0.1935020593510419,,,,,0.1935020593510419,0.1935020593510419,0.1935020593510419,42
az_class,hybrid_random_buffer,memory_budget,0,valid_memory_budget,memory_budget_table,older memory-budget result used only for memory-budget analysis,weighted_f1,1,0.185414463772796,,,,,0.185414463772796,0.185414463772796,0.185414463772796,42
az_class,hybrid_random_buffer,memory_budget,0,valid_memory_budget,memory_budget_table,older memory-budget result used only for memory-budget analysis,balanced_accuracy,1,0.2314630631776107,,,,,0.2314630631776107,0.2314630631776107,0.2314630631776107,42
az_class,hybrid_random_buffer,memory_budget,0,valid_memory_budget,memory_budget_table,older memory-budget result used only for memory-budget analysis,old_class_accuracy,1,0.1532445493783893,,,,,0.1532445493783893,0.1532445493783893,0.1532445493783893,42
az_class,hybrid_random_buffer,memory_budget,0,valid_memory_budget,memory_budget_table,older memory-budget result used only for memory-budget analysis,new_class_accuracy,1,0.8326446280991735,,,,,0.8326446280991735,0.8326446280991735,0.8326446280991735,42
az_class,hybrid_random_buffer,memory_budget,0,valid_memory_budget,memory_budget_table,older memory-budget result used only for memory-budget analysis,plasticity_stability_gap,1,0.6794000787207841,,,,,0.6794000787207841,0.6794000787207841,0.6794000787207841,42
az_class,hybrid_random_buffer,memory_budget,0,valid_memory_budget,memory_budget_table,older memory-budget result used only for memory-budget analysis,mmd_real_generated,1,0.1073125600814819,,,,,0.1073125600814819,0.1073125600814819,0.1073125600814819,42
az_class,hybrid_random_buffer,memory_budget,0,valid_memory_budget,memory_budget_table,older memory-budget result used only for memory-budget analysis,wasserstein_real_generated,1,0.2331268191337585,,,,,0.2331268191337585,0.2331268191337585,0.2331268191337585,42
az_class,hybrid_random_buffer,memory_budget,0,valid_memory_budget,memory_budget_table,older memory-budget result used only for memory-budget analysis,memory_MB,1,427.9847030639648,,,,,427.9847030639648,427.9847030639648,427.9847030639648,42
az_class,hybrid_random_buffer,memory_budget,0,valid_memory_budget,memory_budget_table,older memory-budget result used only for memory-budget analysis,gpu_peak_memory_MB,1,2862.6552734375,,,,,2862.6552734375,2862.6552734375,2862.6552734375,42
az_class,hybrid_random_buffer,memory_budget,0,valid_memory_budget,memory_budget_table,older memory-budget result used only for memory-budget analysis,elapsed_minutes,1,60.853690803051,,,,,60.853690803051,60.853690803051,60.853690803051,42
az_class,hybrid_random_buffer,memory_budget,10,valid_memory_budget,memory_budget_table,older memory-budget result used only for memory-budget analysis,mean_acc_seen,1,0.554406527078801,,,,,0.554406527078801,0.554406527078801,0.554406527078801,42
az_class,hybrid_random_buffer,memory_budget,10,valid_memory_budget,memory_budget_table,older memory-budget result used only for memory-budget analysis,min_acc_seen,1,0.3656290486361567,,,,,0.3656290486361567,0.3656290486361567,0.3656290486361567,42
az_class,hybrid_random_buffer,memory_budget,10,valid_memory_budget,memory_budget_table,older memory-budget result used only for memory-budget analysis,final_taskwise_average_accuracy,1,0.4299349200528748,,,,,0.4299349200528748,0.4299349200528748,0.4299349200528748,42
az_class,hybrid_random_buffer,memory_budget,10,valid_memory_budget,memory_budget_table,older memory-budget result used only for memory-budget analysis,forgetting,1,0.5172052590059896,,,,,0.5172052590059896,0.5172052590059896,0.5172052590059896,42
az_class,hybrid_random_buffer,memory_budget,10,valid_memory_budget,memory_budget_table,older memory-budget result used only for memory-budget analysis,macro_f1,1,0.3739236121097786,,,,,0.3739236121097786,0.3739236121097786,0.3739236121097786,42
az_class,hybrid_random_buffer,memory_budget,10,valid_memory_budget,memory_budget_table,older memory-budget result used only for memory-budget analysis,weighted_f1,1,0.367831796893344,,,,,0.367831796893344,0.367831796893344,0.367831796893344,42
az_class,hybrid_random_buffer,memory_budget,10,valid_memory_budget,memory_budget_table,older memory-budget result used only for memory-budget analysis,balanced_accuracy,1,0.4998223410422621,,,,,0.4998223410422621,0.4998223410422621,0.4998223410422621,42
az_class,hybrid_random_buffer,memory_budget,10,valid_memory_budget,memory_budget_table,older memory-budget result used only for memory-budget analysis,old_class_accuracy,1,0.3488397830818607,,,,,0.3488397830818607,0.3488397830818607,0.3488397830818607,42
az_class,hybrid_random_buffer,memory_budget,10,valid_memory_budget,memory_budget_table,older memory-budget result used only for memory-budget analysis,new_class_accuracy,1,0.6790633608815427,,,,,0.6790633608815427,0.6790633608815427,0.6790633608815427,42
az_class,hybrid_random_buffer,memory_budget,10,valid_memory_budget,memory_budget_table,older memory-budget result used only for memory-budget analysis,plasticity_stability_gap,1,0.330223577799682,,,,,0.330223577799682,0.330223577799682,0.330223577799682,42
az_class,hybrid_random_buffer,memory_budget,10,valid_memory_budget,memory_budget_table,older memory-budget result used only for memory-budget analysis,mmd_real_generated,1,0.0440545082092285,,,,,0.0440545082092285,0.0440545082092285,0.0440545082092285,42
az_class,hybrid_random_buffer,memory_budget,10,valid_memory_budget,memory_budget_table,older memory-budget result used only for memory-budget analysis,wasserstein_real_generated,1,0.1199094727635383,,,,,0.1199094727635383,0.1199094727635383,0.1199094727635383,42
az_class,hybrid_random_buffer,memory_budget,10,valid_memory_budget,memory_budget_table,older memory-budget result used only for memory-budget analysis,memory_MB,1,437.2963790893554,,,,,437.2963790893554,437.2963790893554,437.2963790893554,42
az_class,hybrid_random_buffer,memory_budget,10,valid_memory_budget,memory_budget_table,older memory-budget result used only for memory-budget analysis,gpu_peak_memory_MB,1,2862.6552734375,,,,,2862.6552734375,2862.6552734375,2862.6552734375,42
az_class,hybrid_random_buffer,memory_budget,10,valid_memory_budget,memory_budget_table,older memory-budget result used only for memory-budget analysis,elapsed_minutes,1,52.93184698025386,,,,,52.93184698025386,52.93184698025386,52.93184698025386,42
az_class,hybrid_random_buffer,memory_budget,25,valid_memory_budget,memory_budget_table,older memory-budget result used only for memory-budget analysis,mean_acc_seen,1,0.6200849545121578,,,,,0.6200849545121578,0.6200849545121578,0.6200849545121578,42
az_class,hybrid_random_buffer,memory_budget,25,valid_memory_budget,memory_budget_table,older memory-budget result used only for memory-budget analysis,min_acc_seen,1,0.467838509751742,,,,,0.467838509751742,0.467838509751742,0.467838509751742,42
az_class,hybrid_random_buffer,memory_budget,25,valid_memory_budget,memory_budget_table,older memory-budget result used only for memory-budget analysis,final_taskwise_average_accuracy,1,0.5189256437859867,,,,,0.5189256437859867,0.5189256437859867,0.5189256437859867,42
az_class,hybrid_random_buffer,memory_budget,25,valid_memory_budget,memory_budget_table,older memory-budget result used only for memory-budget analysis,forgetting,1,0.3782893287577787,,,,,0.3782893287577787,0.3782893287577787,0.3782893287577787,42
az_class,hybrid_random_buffer,memory_budget,25,valid_memory_budget,memory_budget_table,older memory-budget result used only for memory-budget analysis,macro_f1,1,0.4431158577031104,,,,,0.4431158577031104,0.4431158577031104,0.4431158577031104,42
az_class,hybrid_random_buffer,memory_budget,25,valid_memory_budget,memory_budget_table,older memory-budget result used only for memory-budget analysis,weighted_f1,1,0.4592210335718287,,,,,0.4592210335718287,0.4592210335718287,0.4592210335718287,42
az_class,hybrid_random_buffer,memory_budget,25,valid_memory_budget,memory_budget_table,older memory-budget result used only for memory-budget analysis,balanced_accuracy,1,0.6093989593272142,,,,,0.6093989593272142,0.6093989593272142,0.6093989593272142,42
az_class,hybrid_random_buffer,memory_budget,25,valid_memory_budget,memory_budget_table,older memory-budget result used only for memory-budget analysis,old_class_accuracy,1,0.4621315527354558,,,,,0.4621315527354558,0.4621315527354558,0.4621315527354558,42
az_class,hybrid_random_buffer,memory_budget,25,valid_memory_budget,memory_budget_table,older memory-budget result used only for memory-budget analysis,new_class_accuracy,1,0.5743801652892562,,,,,0.5743801652892562,0.5743801652892562,0.5743801652892562,42
az_class,hybrid_random_buffer,memory_budget,25,valid_memory_budget,memory_budget_table,older memory-budget result used only for memory-budget analysis,plasticity_stability_gap,1,0.1122486125538003,,,,,0.1122486125538003,0.1122486125538003,0.1122486125538003,42
az_class,hybrid_random_buffer,memory_budget,25,valid_memory_budget,memory_budget_table,older memory-budget result used only for memory-budget analysis,mmd_real_generated,1,0.0149844884872436,,,,,0.0149844884872436,0.0149844884872436,0.0149844884872436,42
az_class,hybrid_random_buffer,memory_budget,25,valid_memory_budget,memory_budget_table,older memory-budget result used only for memory-budget analysis,wasserstein_real_generated,1,0.0777808874845504,,,,,0.0777808874845504,0.0777808874845504,0.0777808874845504,42
az_class,hybrid_random_buffer,memory_budget,25,valid_memory_budget,memory_budget_table,older memory-budget result used only for memory-budget analysis,memory_MB,1,451.2638931274414,,,,,451.2638931274414,451.2638931274414,451.2638931274414,42
az_class,hybrid_random_buffer,memory_budget,25,valid_memory_budget,memory_budget_table,older memory-budget result used only for memory-budget analysis,gpu_peak_memory_MB,1,2862.6552734375,,,,,2862.6552734375,2862.6552734375,2862.6552734375,42
az_class,hybrid_random_buffer,memory_budget,25,valid_memory_budget,memory_budget_table,older memory-budget result used only for memory-budget analysis,elapsed_minutes,1,55.37244000434875,,,,,55.37244000434875,55.37244000434875,55.37244000434875,42
az_class,hybrid_random_buffer,memory_budget,50,valid_memory_budget,memory_budget_table,older memory-budget result used only for memory-budget analysis,mean_acc_seen,1,0.6576896448154413,,,,,0.6576896448154413,0.6576896448154413,0.6576896448154413,42
az_class,hybrid_random_buffer,memory_budget,50,valid_memory_budget,memory_budget_table,older memory-budget result used only for memory-budget analysis,min_acc_seen,1,0.5336671452081656,,,,,0.5336671452081656,0.5336671452081656,0.5336671452081656,42
az_class,hybrid_random_buffer,memory_budget,50,valid_memory_budget,memory_budget_table,older memory-budget result used only for memory-budget analysis,final_taskwise_average_accuracy,1,0.6041675130518714,,,,,0.6041675130518714,0.6041675130518714,0.6041675130518714,42
az_class,hybrid_random_buffer,memory_budget,50,valid_memory_budget,memory_budget_table,older memory-budget result used only for memory-budget analysis,forgetting,1,0.2579211657560537,,,,,0.2579211657560537,0.2579211657560537,0.2579211657560537,42
az_class,hybrid_random_buffer,memory_budget,50,valid_memory_budget,memory_budget_table,older memory-budget result used only for memory-budget analysis,macro_f1,1,0.4929279580816413,,,,,0.4929279580816413,0.4929279580816413,0.4929279580816413,42
az_class,hybrid_random_buffer,memory_budget,50,valid_memory_budget,memory_budget_table,older memory-budget result used only for memory-budget analysis,weighted_f1,1,0.5311293905324685,,,,,0.5311293905324685,0.5311293905324685,0.5311293905324685,42
az_class,hybrid_random_buffer,memory_budget,50,valid_memory_budget,memory_budget_table,older memory-budget result used only for memory-budget analysis,balanced_accuracy,1,0.6827825698105996,,,,,0.6827825698105996,0.6827825698105996,0.6827825698105996,42
az_class,hybrid_random_buffer,memory_budget,50,valid_memory_budget,memory_budget_table,older memory-budget result used only for memory-budget analysis,old_class_accuracy,1,0.5395285350647434,,,,,0.5395285350647434,0.5395285350647434,0.5395285350647434,42
az_class,hybrid_random_buffer,memory_budget,50,valid_memory_budget,memory_budget_table,older memory-budget result used only for memory-budget analysis,new_class_accuracy,1,0.4242424242424242,,,,,0.4242424242424242,0.4242424242424242,0.4242424242424242,42
az_class,hybrid_random_buffer,memory_budget,50,valid_memory_budget,memory_budget_table,older memory-budget result used only for memory-budget analysis,plasticity_stability_gap,1,-0.1152861108223191,,,,,-0.1152861108223191,-0.1152861108223191,-0.1152861108223191,42
az_class,hybrid_random_buffer,memory_budget,50,valid_memory_budget,memory_budget_table,older memory-budget result used only for memory-budget analysis,mmd_real_generated,1,0.003333568572998,,,,,0.003333568572998,0.003333568572998,0.003333568572998,42
az_class,hybrid_random_buffer,memory_budget,50,valid_memory_budget,memory_budget_table,older memory-budget result used only for memory-budget analysis,wasserstein_real_generated,1,0.0449952408671379,,,,,0.0449952408671379,0.0449952408671379,0.0449952408671379,42
az_class,hybrid_random_buffer,memory_budget,50,valid_memory_budget,memory_budget_table,older memory-budget result used only for memory-budget analysis,memory_MB,1,474.543083190918,,,,,474.543083190918,474.543083190918,474.543083190918,42
az_class,hybrid_random_buffer,memory_budget,50,valid_memory_budget,memory_budget_table,older memory-budget result used only for memory-budget analysis,gpu_peak_memory_MB,1,2862.6552734375,,,,,2862.6552734375,2862.6552734375,2862.6552734375,42
az_class,hybrid_random_buffer,memory_budget,50,valid_memory_budget,memory_budget_table,older memory-budget result used only for memory-budget analysis,elapsed_minutes,1,57.43081826766332,,,,,57.43081826766332,57.43081826766332,57.43081826766332,42
az_class,hybrid_random_buffer,memory_budget,100,valid_memory_budget,memory_budget_table,older memory-budget result used only for memory-budget analysis,mean_acc_seen,1,0.6951445539312577,,,,,0.6951445539312577,0.6951445539312577,0.6951445539312577,42
az_class,hybrid_random_buffer,memory_budget,100,valid_memory_budget,memory_budget_table,older memory-budget result used only for memory-budget analysis,min_acc_seen,1,0.5876606323750831,,,,,0.5876606323750831,0.5876606323750831,0.5876606323750831,42
az_class,hybrid_random_buffer,memory_budget,100,valid_memory_budget,memory_budget_table,older memory-budget result used only for memory-budget analysis,final_taskwise_average_accuracy,1,0.6418907448204677,,,,,0.6418907448204677,0.6418907448204677,0.6418907448204677,42
az_class,hybrid_random_buffer,memory_budget,100,valid_memory_budget,memory_budget_table,older memory-budget result used only for memory-budget analysis,forgetting,1,0.2082940880876304,,,,,0.2082940880876304,0.2082940880876304,0.2082940880876304,42
az_class,hybrid_random_buffer,memory_budget,100,valid_memory_budget,memory_budget_table,older memory-budget result used only for memory-budget analysis,macro_f1,1,0.5664708507685939,,,,,0.5664708507685939,0.5664708507685939,0.5664708507685939,42
az_class,hybrid_random_buffer,memory_budget,100,valid_memory_budget,memory_budget_table,older memory-budget result used only for memory-budget analysis,weighted_f1,1,0.5844314899938565,,,,,0.5844314899938565,0.5844314899938565,0.5844314899938565,42
az_class,hybrid_random_buffer,memory_budget,100,valid_memory_budget,memory_budget_table,older memory-budget result used only for memory-budget analysis,balanced_accuracy,1,0.7486957479730948,,,,,0.7486957479730948,0.7486957479730948,0.7486957479730948,42
az_class,hybrid_random_buffer,memory_budget,100,valid_memory_budget,memory_budget_table,older memory-budget result used only for memory-budget analysis,old_class_accuracy,1,0.5949016859113883,,,,,0.5949016859113883,0.5949016859113883,0.5949016859113883,42
az_class,hybrid_random_buffer,memory_budget,100,valid_memory_budget,memory_budget_table,older memory-budget result used only for memory-budget analysis,new_class_accuracy,1,0.4524793388429752,,,,,0.4524793388429752,0.4524793388429752,0.4524793388429752,42
az_class,hybrid_random_buffer,memory_budget,100,valid_memory_budget,memory_budget_table,older memory-budget result used only for memory-budget analysis,plasticity_stability_gap,1,-0.142422347068413,,,,,-0.142422347068413,-0.142422347068413,-0.142422347068413,42
az_class,hybrid_random_buffer,memory_budget,100,valid_memory_budget,memory_budget_table,older memory-budget result used only for memory-budget analysis,mmd_real_generated,1,0.0025649070739746,,,,,0.0025649070739746,0.0025649070739746,0.0025649070739746,42
az_class,hybrid_random_buffer,memory_budget,100,valid_memory_budget,memory_budget_table,older memory-budget result used only for memory-budget analysis,wasserstein_real_generated,1,0.042301245033741,,,,,0.042301245033741,0.042301245033741,0.042301245033741,42
az_class,hybrid_random_buffer,memory_budget,100,valid_memory_budget,memory_budget_table,older memory-budget result used only for memory-budget analysis,memory_MB,1,521.1014633178711,,,,,521.1014633178711,521.1014633178711,521.1014633178711,42
az_class,hybrid_random_buffer,memory_budget,100,valid_memory_budget,memory_budget_table,older memory-budget result used only for memory-budget analysis,gpu_peak_memory_MB,1,2862.6552734375,,,,,2862.6552734375,2862.6552734375,2862.6552734375,42
az_class,hybrid_random_buffer,memory_budget,100,valid_memory_budget,memory_budget_table,older memory-budget result used only for memory-budget analysis,elapsed_minutes,1,71.36240670283635,,,,,71.36240670283635,71.36240670283635,71.36240670283635,42
az_class,hybrid_random_buffer,memory_budget,150,valid_memory_budget,memory_budget_table,older memory-budget result used only for memory-budget analysis,mean_acc_seen,1,0.7185509930410757,,,,,0.7185509930410757,0.7185509930410757,0.7185509930410757,42
az_class,hybrid_random_buffer,memory_budget,150,valid_memory_budget,memory_budget_table,older memory-budget result used only for memory-budget analysis,min_acc_seen,1,0.6159879547603208,,,,,0.6159879547603208,0.6159879547603208,0.6159879547603208,42
az_class,hybrid_random_buffer,memory_budget,150,valid_memory_budget,memory_budget_table,older memory-budget result used only for memory-budget analysis,final_taskwise_average_accuracy,1,0.6516169801986395,,,,,0.6516169801986395,0.6516169801986395,0.6516169801986395,42
az_class,hybrid_random_buffer,memory_budget,150,valid_memory_budget,memory_budget_table,older memory-budget result used only for memory-budget analysis,forgetting,1,0.1774875700089554,,,,,0.1774875700089554,0.1774875700089554,0.1774875700089554,42
az_class,hybrid_random_buffer,memory_budget,150,valid_memory_budget,memory_budget_table,older memory-budget result used only for memory-budget analysis,macro_f1,1,0.6090280874511349,,,,,0.6090280874511349,0.6090280874511349,0.6090280874511349,42
az_class,hybrid_random_buffer,memory_budget,150,valid_memory_budget,memory_budget_table,older memory-budget result used only for memory-budget analysis,weighted_f1,1,0.6134714800325871,,,,,0.6134714800325871,0.6134714800325871,0.6134714800325871,42
az_class,hybrid_random_buffer,memory_budget,150,valid_memory_budget,memory_budget_table,older memory-budget result used only for memory-budget analysis,balanced_accuracy,1,0.7842292984700994,,,,,0.7842292984700994,0.7842292984700994,0.7842292984700994,42
az_class,hybrid_random_buffer,memory_budget,150,valid_memory_budget,memory_budget_table,older memory-budget result used only for memory-budget analysis,old_class_accuracy,1,0.6264064632751688,,,,,0.6264064632751688,0.6264064632751688,0.6264064632751688,42
az_class,hybrid_random_buffer,memory_budget,150,valid_memory_budget,memory_budget_table,older memory-budget result used only for memory-budget analysis,new_class_accuracy,1,0.4214876033057851,,,,,0.4214876033057851,0.4214876033057851,0.4214876033057851,42
az_class,hybrid_random_buffer,memory_budget,150,valid_memory_budget,memory_budget_table,older memory-budget result used only for memory-budget analysis,plasticity_stability_gap,1,-0.2049188599693837,,,,,-0.2049188599693837,-0.2049188599693837,-0.2049188599693837,42
az_class,hybrid_random_buffer,memory_budget,150,valid_memory_budget,memory_budget_table,older memory-budget result used only for memory-budget analysis,mmd_real_generated,1,0.0046675205230712,,,,,0.0046675205230712,0.0046675205230712,0.0046675205230712,42
az_class,hybrid_random_buffer,memory_budget,150,valid_memory_budget,memory_budget_table,older memory-budget result used only for memory-budget analysis,wasserstein_real_generated,1,0.0556777417659759,,,,,0.0556777417659759,0.0556777417659759,0.0556777417659759,42
az_class,hybrid_random_buffer,memory_budget,150,valid_memory_budget,memory_budget_table,older memory-budget result used only for memory-budget analysis,memory_MB,1,567.6598434448242,,,,,567.6598434448242,567.6598434448242,567.6598434448242,42
az_class,hybrid_random_buffer,memory_budget,150,valid_memory_budget,memory_budget_table,older memory-budget result used only for memory-budget analysis,gpu_peak_memory_MB,1,2862.6552734375,,,,,2862.6552734375,2862.6552734375,2862.6552734375,42
az_class,hybrid_random_buffer,memory_budget,150,valid_memory_budget,memory_budget_table,older memory-budget result used only for memory-budget analysis,elapsed_minutes,1,68.25425683657328,,,,,68.25425683657328,68.25425683657328,68.25425683657328,42
az_class,hybrid_random_buffer,memory_budget,200,valid_memory_budget,memory_budget_table,older memory-budget result used only for memory-budget analysis,mean_acc_seen,1,0.7340210085543659,,,,,0.7340210085543659,0.7340210085543659,0.7340210085543659,42
az_class,hybrid_random_buffer,memory_budget,200,valid_memory_budget,memory_budget_table,older memory-budget result used only for memory-budget analysis,min_acc_seen,1,0.6534192373682552,,,,,0.6534192373682552,0.6534192373682552,0.6534192373682552,42
az_class,hybrid_random_buffer,memory_budget,200,valid_memory_budget,memory_budget_table,older memory-budget result used only for memory-budget analysis,final_taskwise_average_accuracy,1,0.687708004779187,,,,,0.687708004779187,0.687708004779187,0.687708004779187,42
az_class,hybrid_random_buffer,memory_budget,200,valid_memory_budget,memory_budget_table,older memory-budget result used only for memory-budget analysis,forgetting,1,0.1221564328060928,,,,,0.1221564328060928,0.1221564328060928,0.1221564328060928,42
az_class,hybrid_random_buffer,memory_budget,200,valid_memory_budget,memory_budget_table,older memory-budget result used only for memory-budget analysis,macro_f1,1,0.63550890276011,,,,,0.63550890276011,0.63550890276011,0.63550890276011,42
az_class,hybrid_random_buffer,memory_budget,200,valid_memory_budget,memory_budget_table,older memory-budget result used only for memory-budget analysis,weighted_f1,1,0.6501524783607855,,,,,0.6501524783607855,0.6501524783607855,0.6501524783607855,42
az_class,hybrid_random_buffer,memory_budget,200,valid_memory_budget,memory_budget_table,older memory-budget result used only for memory-budget analysis,balanced_accuracy,1,0.8014895020348528,,,,,0.8014895020348528,0.8014895020348528,0.8014895020348528,42
az_class,hybrid_random_buffer,memory_budget,200,valid_memory_budget,memory_budget_table,older memory-budget result used only for memory-budget analysis,old_class_accuracy,1,0.6671339506400561,,,,,0.6671339506400561,0.6671339506400561,0.6671339506400561,42
az_class,hybrid_random_buffer,memory_budget,200,valid_memory_budget,memory_budget_table,older memory-budget result used only for memory-budget analysis,new_class_accuracy,1,0.3973829201101928,,,,,0.3973829201101928,0.3973829201101928,0.3973829201101928,42
az_class,hybrid_random_buffer,memory_budget,200,valid_memory_budget,memory_budget_table,older memory-budget result used only for memory-budget analysis,plasticity_stability_gap,1,-0.2697510305298632,,,,,-0.2697510305298632,-0.2697510305298632,-0.2697510305298632,42
az_class,hybrid_random_buffer,memory_budget,200,valid_memory_budget,memory_budget_table,older memory-budget result used only for memory-budget analysis,mmd_real_generated,1,0.0032809972763061,,,,,0.0032809972763061,0.0032809972763061,0.0032809972763061,42
az_class,hybrid_random_buffer,memory_budget,200,valid_memory_budget,memory_budget_table,older memory-budget result used only for memory-budget analysis,wasserstein_real_generated,1,0.043299376964569,,,,,0.043299376964569,0.043299376964569,0.043299376964569,42
az_class,hybrid_random_buffer,memory_budget,200,valid_memory_budget,memory_budget_table,older memory-budget result used only for memory-budget analysis,memory_MB,1,613.8643798828125,,,,,613.8643798828125,613.8643798828125,613.8643798828125,42
az_class,hybrid_random_buffer,memory_budget,200,valid_memory_budget,memory_budget_table,older memory-budget result used only for memory-budget analysis,gpu_peak_memory_MB,1,3257.11474609375,,,,,3257.11474609375,3257.11474609375,3257.11474609375,42
az_class,hybrid_random_buffer,memory_budget,200,valid_memory_budget,memory_budget_table,older memory-budget result used only for memory-budget analysis,elapsed_minutes,1,11.152017418543496,,,,,11.152017418543496,11.152017418543496,11.152017418543496,42
az_class,malcl_like,ablation,100,valid_ablation,ablation_table,controlled ablation result under final ablation folders,mean_acc_seen,5,0.23674206204075574,0.023618649978721692,0.010562581377839133,0.2074156346760009,0.26606848940551053,0.2211847509084147,0.2195360659534753,0.2724523394337496,"42,43,44,45,46"
az_class,malcl_like,ablation,100,valid_ablation,ablation_table,controlled ablation result under final ablation folders,min_acc_seen,5,0.06989032135181628,0.021225497538399158,0.009492331070422994,0.043535385214423426,0.09624525748920912,0.0612607051925005,0.0553611694269496,0.1064379414732593,"42,43,44,45,46"
az_class,malcl_like,ablation,100,valid_ablation,ablation_table,controlled ablation result under final ablation folders,final_taskwise_average_accuracy,5,0.14867544322453524,0.02192583812177836,0.009805532900790545,0.12145091939827941,0.17589996705079108,0.1559587956273141,0.1124501050597667,0.1703806988662472,"42,43,44,45,46"
az_class,malcl_like,ablation,100,valid_ablation,ablation_table,controlled ablation result under final ablation folders,forgetting,5,0.8722509386959125,0.025192403019855373,0.011266385133793518,0.8409704388379183,0.9035314385539067,0.8695469082169642,0.8504977373017697,0.9136840040830518,"42,43,44,45,46"
az_class,malcl_like,ablation,100,valid_ablation,ablation_table,controlled ablation result under final ablation folders,macro_f1,5,0.04179645781038088,0.012641948238261147,0.005653651125757126,0.026099405815776515,0.05749350980498525,0.0443881335093201,0.0287860778945265,0.0584597620993274,"42,43,44,45,46"
az_class,malcl_like,ablation,100,valid_ablation,ablation_table,controlled ablation result under final ablation folders,weighted_f1,5,0.07009409032912986,0.032037397313412805,0.014327559642992033,0.030314407488915188,0.10987377316934453,0.0628147224077274,0.0324740550389885,0.109539342223943,"42,43,44,45,46"
az_class,malcl_like,ablation,100,valid_ablation,ablation_table,controlled ablation result under final ablation folders,balanced_accuracy,5,0.08766219775872516,0.016861954225846732,0.007540895176496627,0.06672531625713145,0.10859907926031888,0.0872975077863333,0.0676565704334872,0.1114935131586165,"42,43,44,45,46"
az_class,malcl_like,ablation,100,valid_ablation,ablation_table,controlled ablation result under final ablation folders,old_class_accuracy,5,0.05390797830629176,0.030009420175544362,0.013420620695574172,0.01664636166734864,0.09116959494523488,0.0479185808184324,0.0183085019642724,0.0971713322585373,"42,43,44,45,46"
az_class,malcl_like,ablation,100,valid_ablation,ablation_table,controlled ablation result under final ablation folders,new_class_accuracy,5,0.9406461117262495,0.04155810659822167,0.01858535027396124,0.8890449069297233,0.9922473165227756,0.936858721389108,0.8808539944903582,0.9808429118773946,"42,43,44,45,46"
az_class,malcl_like,ablation,100,valid_ablation,ablation_table,controlled ablation result under final ablation folders,plasticity_stability_gap,5,0.886738133419958,0.05617935429566904,0.025124171027432158,0.8169822517486918,0.9564940150912242,0.8579364090059347,0.8396873891305707,0.9607656895385812,"42,43,44,45,46"
az_class,malcl_like,ablation,100,valid_ablation,ablation_table,controlled ablation result under final ablation folders,mmd_real_generated,5,0.06835167407989497,0.019646138300998255,0.008786020147278865,0.04395777144781336,0.09274557671197657,0.0593045949935913,0.0532120466232299,0.0988816022872924,"42,43,44,45,46"
az_class,malcl_like,ablation,100,valid_ablation,ablation_table,controlled ablation result under final ablation folders,wasserstein_real_generated,5,0.23560064435005187,0.013335313323640931,0.0059637334185839545,0.21904266589131996,0.2521586228087838,0.232914462685585,0.2195143848657608,0.2563859820365906,"42,43,44,45,46"
az_class,malcl_like,ablation,100,valid_ablation,ablation_table,controlled ablation result under final ablation folders,memory_MB,5,451.2531509399414,0.0,0.0,451.2531509399414,451.2531509399414,451.2531509399414,451.2531509399414,451.2531509399414,"42,43,44,45,46"
az_class,malcl_like,ablation,100,valid_ablation,ablation_table,controlled ablation result under final ablation folders,gpu_peak_memory_MB,5,2652.66796875,0.0,0.0,2652.66796875,2652.66796875,2652.66796875,2652.66796875,2652.66796875,"42,43,44,45,46"
az_class,malcl_like,ablation,100,valid_ablation,ablation_table,controlled ablation result under final ablation folders,elapsed_minutes,5,4.563393123944601,0.19688742331982081,0.08805073249157933,4.3189250987092755,4.807861149179926,4.675771733125051,4.251425246397655,4.723804171880087,"42,43,44,45,46"
az_class,plus_kd,ablation,100,valid_ablation,ablation_table,controlled ablation result under final ablation folders,mean_acc_seen,5,0.6884136193880664,0.008644462885730305,0.0038659213282933916,0.6776801010390465,0.6991471377370864,0.6869001146804966,0.6777364573209692,0.7008233971365052,"42,43,44,45,46"
az_class,plus_kd,ablation,100,valid_ablation,ablation_table,controlled ablation result under final ablation folders,min_acc_seen,5,0.5904688539514689,0.015586191728123953,0.006970356842886016,0.571116040813556,0.6098216670893817,0.5937182674463392,0.5734794635666515,0.6116460660387268,"42,43,44,45,46"
az_class,plus_kd,ablation,100,valid_ablation,ablation_table,controlled ablation result under final ablation folders,final_taskwise_average_accuracy,5,0.6454140104414032,0.02672863637327456,0.01195340957530307,0.6122260249356286,0.6786019959471778,0.6538733672430751,0.6048620091010687,0.6728096735908644,"42,43,44,45,46"
az_class,plus_kd,ablation,100,valid_ablation,ablation_table,controlled ablation result under final ablation folders,forgetting,5,0.19705917409512813,0.023546036349488993,0.010530107575627676,0.16782290845957046,0.2262954397306858,0.1982361441433942,0.1609686205832496,0.2218578055870957,"42,43,44,45,46"
az_class,plus_kd,ablation,100,valid_ablation,ablation_table,controlled ablation result under final ablation folders,macro_f1,5,0.5652268075579115,0.00867057495686322,0.003877599001510693,0.5544608667902473,0.5759927483255758,0.5630505595577843,0.5555212842600759,0.5780163322680029,"42,43,44,45,46"
az_class,plus_kd,ablation,100,valid_ablation,ablation_table,controlled ablation result under final ablation folders,weighted_f1,5,0.5873242541844328,0.015086005035628654,0.006746666553713961,0.568592504854972,0.6060560035138935,0.5902760675209792,0.5718656978608665,0.6075329305676654,"42,43,44,45,46"
az_class,plus_kd,ablation,100,valid_ablation,ablation_table,controlled ablation result under final ablation folders,balanced_accuracy,5,0.7610352099121424,0.010563520821384455,0.004724150127670011,0.7479188664139534,0.7741515534103313,0.7608527962933735,0.744864903720369,0.7739979916454588,"42,43,44,45,46"
az_class,plus_kd,ablation,100,valid_ablation,ablation_table,controlled ablation result under final ablation folders,old_class_accuracy,5,0.5846709573959069,0.015606279760183722,0.0069793404839299834,0.5652932016717908,0.6040487131200231,0.5909604919075553,0.5586285281303277,0.5991031057742199,"42,43,44,45,46"
az_class,plus_kd,ablation,100,valid_ablation,ablation_table,controlled ablation result under final ablation folders,new_class_accuracy,5,0.72371803584617,0.1969039035483037,0.08805810267381382,0.4792295477044549,0.9682065239878851,0.7989833641404805,0.3918732782369146,0.89272030651341,"42,43,44,45,46"
az_class,plus_kd,ablation,100,valid_ablation,ablation_table,controlled ablation result under final ablation folders,plasticity_stability_gap,5,0.13904707845026307,0.19629381955163944,0.08778526481610861,-0.10468389035691375,0.3827780472574399,0.2271492721585638,-0.1913340113930703,0.3017598146058546,"42,43,44,45,46"
az_class,plus_kd,ablation,100,valid_ablation,ablation_table,controlled ablation result under final ablation folders,mmd_real_generated,5,0.0028406381607055,0.0011823917985394196,0.0005287816875144757,0.001372504832687705,0.004308771488723296,0.0021525621414184,0.0018839836120605,0.0046309232711791,"42,43,44,45,46"
az_class,plus_kd,ablation,100,valid_ablation,ablation_table,controlled ablation result under final ablation folders,wasserstein_real_generated,5,0.041780971735715815,0.005051349569583145,0.002259032203140443,0.035508892832822346,0.04805305063860928,0.0428513437509536,0.0349977277219295,0.0482125543057918,"42,43,44,45,46"
az_class,plus_kd,ablation,100,valid_ablation,ablation_table,controlled ablation result under final ablation folders,memory_MB,5,544.3806533813477,0.0,0.0,544.3806533813477,544.3806533813477,544.3806533813477,544.3806533813477,544.3806533813477,"42,43,44,45,46"
az_class,plus_kd,ablation,100,valid_ablation,ablation_table,controlled ablation result under final ablation folders,gpu_peak_memory_MB,5,2940.0517578125,0.0,0.0,2940.0517578125,2940.0517578125,2940.0517578125,2940.0517578125,2940.0517578125,"42,43,44,45,46"
az_class,plus_kd,ablation,100,valid_ablation,ablation_table,controlled ablation result under final ablation folders,elapsed_minutes,5,18.776873177687328,0.051808478443660336,0.023169455922171404,18.71254445520212,18.841201900172535,18.75599712928136,18.724173188209534,18.846090769767763,"42,43,44,45,46"
az_class,real_buffer_only,ablation,100,valid_ablation,ablation_table,controlled ablation result under final ablation folders,mean_acc_seen,5,0.6826763201899329,0.006681574663925862,0.002988091029055708,0.6743800494784257,0.69097259090144,0.6836943499903526,0.6724695131100393,0.6894562509181,"42,43,44,45,46"
az_class,real_buffer_only,ablation,100,valid_ablation,ablation_table,controlled ablation result under final ablation folders,min_acc_seen,5,0.5793480163871283,0.015476546210509503,0.006921321876723204,0.5601313461410018,0.5985646866332548,0.5870653734374452,0.5571623656290486,0.5927028257291922,"42,43,44,45,46"
az_class,real_buffer_only,ablation,100,valid_ablation,ablation_table,controlled ablation result under final ablation folders,final_taskwise_average_accuracy,5,0.6182264901486836,0.03128466976680676,0.01399092965044248,0.5793814420035459,0.6570715382938213,0.6301739028339547,0.5758766263353832,0.6453390797900341,"42,43,44,45,46"
az_class,real_buffer_only,ablation,100,valid_ablation,ablation_table,controlled ablation result under final ablation folders,forgetting,5,0.183044364624588,0.028597708141122766,0.01278928388084993,0.14753561999461717,0.21855310925455884,0.1792587528688114,0.1507409282190372,0.2166716152741853,"42,43,44,45,46"
az_class,real_buffer_only,ablation,100,valid_ablation,ablation_table,controlled ablation result under final ablation folders,macro_f1,5,0.5522603396107886,0.00986280009332608,0.004410778291433676,0.5400140558134249,0.5645066234081523,0.5531410699221426,0.5360674043421509,0.5621599293257296,"42,43,44,45,46"
az_class,real_buffer_only,ablation,100,valid_ablation,ablation_table,controlled ablation result under final ablation folders,weighted_f1,5,0.5741783139409573,0.011990389823117701,0.005362265344242572,0.5592902785731633,0.5890663493087513,0.5802443318428583,0.5571669827299619,0.5854267478700759,"42,43,44,45,46"
az_class,real_buffer_only,ablation,100,valid_ablation,ablation_table,controlled ablation result under final ablation folders,balanced_accuracy,5,0.7516389140112023,0.009055329484013604,0.0040496664569825026,0.7403952373990296,0.762882590623375,0.7475828115672843,0.743468102977334,0.7651902031545701,"42,43,44,45,46"
az_class,real_buffer_only,ablation,100,valid_ablation,ablation_table,controlled ablation result under final ablation folders,old_class_accuracy,5,0.5738355747241142,0.015557959667261829,0.006957731081439491,0.5545178163197689,0.5931533331284594,0.5805351715958788,0.5513544231862095,0.5881943426645171,"42,43,44,45,46"
az_class,real_buffer_only,ablation,100,valid_ablation,ablation_table,controlled ablation result under final ablation folders,new_class_accuracy,5,0.6971303476275922,0.16918638649688378,0.07566245221491692,0.4870577025282241,0.9072029927269603,0.7874306839186691,0.4242424242424242,0.8314176245210728,"42,43,44,45,46"
az_class,real_buffer_only,ablation,100,valid_ablation,ablation_table,controlled ablation result under final ablation folders,plasticity_stability_gap,5,0.1232947729034779,0.16700667958082313,0.07468765764784932,-0.08407140859158188,0.3306609543985377,0.2203525899767274,-0.1400398644652896,0.2466059770548208,"42,43,44,45,46"
az_class,real_buffer_only,ablation,100,valid_ablation,ablation_table,controlled ablation result under final ablation folders,mmd_real_generated,0,,,,,,,,,
az_class,real_buffer_only,ablation,100,valid_ablation,ablation_table,controlled ablation result under final ablation folders,wasserstein_real_generated,0,,,,,,,,,
az_class,real_buffer_only,ablation,100,valid_ablation,ablation_table,controlled ablation result under final ablation folders,memory_MB,5,451.2638931274414,0.0,0.0,451.2638931274414,451.2638931274414,451.2638931274414,451.2638931274414,451.2638931274414,"42,43,44,45,46"
az_class,real_buffer_only,ablation,100,valid_ablation,ablation_table,controlled ablation result under final ablation folders,gpu_peak_memory_MB,5,445.21533203125,0.008976941558032341,0.004014610310760638,445.2041856861034,445.2264783763966,445.21533203125,445.20263671875,445.22802734375,"42,43,44,45,46"
az_class,real_buffer_only,ablation,100,valid_ablation,ablation_table,controlled ablation result under final ablation folders,elapsed_minutes,5,1.7495976885159812,0.02207296559207358,0.009871330305778083,1.722190481806713,1.7770048952252493,1.7554977893829349,1.7144813458124797,1.7702897548675538,"42,43,44,45,46"
az_class,wgan_projection_generated_only,ablation,100,valid_ablation,ablation_table,controlled ablation result under final ablation folders,mean_acc_seen,5,0.3213283259658336,0.048388413456961266,0.021639956362626195,0.26124617504612624,0.38141047688554097,0.3252218018840986,0.255615750595254,0.3828732231587201,"42,43,44,45,46"
az_class,wgan_projection_generated_only,ablation,100,valid_ablation,ablation_table,controlled ablation result under final ablation folders,min_acc_seen,5,0.133041317587069,0.025857103340604846,0.011563648154165867,0.10093548327120568,0.16514715190293233,0.128462553129122,0.0976924962358626,0.1690703064640741,"42,43,44,45,46"
az_class,wgan_projection_generated_only,ablation,100,valid_ablation,ablation_table,controlled ablation result under final ablation folders,final_taskwise_average_accuracy,5,0.28016532717304365,0.08864765160296398,0.03964443500598913,0.17009472965233308,0.39023592469375423,0.2762876872030176,0.1551079252186766,0.4054721942675104,"42,43,44,45,46"
az_class,wgan_projection_generated_only,ablation,100,valid_ablation,ablation_table,controlled ablation result under final ablation folders,forgetting,5,0.7313132700246685,0.09350514753017011,0.04181677322472139,0.6152112946897247,0.8474152453596123,0.7321861256580009,0.595607214587203,0.8578921575835532,"42,43,44,45,46"
az_class,wgan_projection_generated_only,ablation,100,valid_ablation,ablation_table,controlled ablation result under final ablation folders,macro_f1,5,0.18183120670074446,0.053268871907050555,0.02382256373377878,0.1156891662288319,0.247973247172657,0.1823843400613519,0.111056808165929,0.2537962699674012,"42,43,44,45,46"
az_class,wgan_projection_generated_only,ablation,100,valid_ablation,ablation_table,controlled ablation result under final ablation folders,weighted_f1,5,0.14765226734541292,0.06044042094186757,0.02702977796294355,0.07260557262561512,0.22269896206521073,0.1503726684317915,0.0712603555494962,0.2371212047542852,"42,43,44,45,46"
az_class,wgan_projection_generated_only,ablation,100,valid_ablation,ablation_table,controlled ablation result under final ablation folders,balanced_accuracy,5,0.22447476976841924,0.062227386536560556,0.02782893327158092,0.14720926420366237,0.3017402753331761,0.214089372365349,0.147385816322817,0.3156739040807285,"42,43,44,45,46"
az_class,wgan_projection_generated_only,ablation,100,valid_ablation,ablation_table,controlled ablation result under final ablation folders,old_class_accuracy,5,0.12036242410029092,0.051528189653603784,0.02304410696459188,0.056381726114795416,0.18434312208578643,0.1292669066111005,0.055225587486627,0.194466040002827,"42,43,44,45,46"
az_class,wgan_projection_generated_only,ablation,100,valid_ablation,ablation_table,controlled ablation result under final ablation folders,new_class_accuracy,5,0.9516839674814603,0.04388874297536752,0.019627642547987628,0.8971888954025281,1.0061790395603925,0.9494869771112864,0.890495867768595,0.9961685823754788,"42,43,44,45,46"
az_class,wgan_projection_generated_only,ablation,100,valid_ablation,ablation_table,controlled ablation result under final ablation folders,plasticity_stability_gap,5,0.8313215433811694,0.028698424255587586,0.012834325496524527,0.7956877431778286,0.8669553435845101,0.8352702802819679,0.8017025423726518,0.8617027711985543,"42,43,44,45,46"
az_class,wgan_projection_generated_only,ablation,100,valid_ablation,ablation_table,controlled ablation result under final ablation folders,mmd_real_generated,5,0.11341314315795892,0.025461524861349994,0.011386740080155899,0.08179848439825055,0.1450278019176673,0.1225864887237548,0.068363070487976,0.1308987140655517,"42,43,44,45,46"
az_class,wgan_projection_generated_only,ablation,100,valid_ablation,ablation_table,controlled ablation result under final ablation folders,wasserstein_real_generated,5,0.32643889188766473,0.054654329529496254,0.024442159218525543,0.25857657856492433,0.3943012052104051,0.3439638614654541,0.2305701375007629,0.3616697490215301,"42,43,44,45,46"
az_class,wgan_projection_generated_only,ablation,100,valid_ablation,ablation_table,controlled ablation result under final ablation folders,memory_MB,5,451.2638931274414,0.0,0.0,451.2638931274414,451.2638931274414,451.2638931274414,451.2638931274414,451.2638931274414,"42,43,44,45,46"
az_class,wgan_projection_generated_only,ablation,100,valid_ablation,ablation_table,controlled ablation result under final ablation folders,gpu_peak_memory_MB,5,2933.87841796875,0.0,0.0,2933.87841796875,2933.87841796875,2933.87841796875,2933.87841796875,2933.87841796875,"42,43,44,45,46"
az_class,wgan_projection_generated_only,ablation,100,valid_ablation,ablation_table,controlled ablation result under final ablation folders,elapsed_minutes,5,11.580903878211975,0.1383079171501214,0.06185318091481608,11.40917191682012,11.75263583960383,11.62612005074819,11.402546000480651,11.711638836065928,"42,43,44,45,46"
ember,ahr_malcl_v14_5_oracle_fidelity_k25,oracle_fidelity,25,unknown_review_needed,manual_review_needed,"not part of main final, ablation, memory-budget, or replay-drift evidence categories",mean_acc_seen,1,0.7643325076646107,,,,,0.7643325076646107,0.7643325076646107,0.7643325076646107,42
ember,ahr_malcl_v14_5_oracle_fidelity_k25,oracle_fidelity,25,unknown_review_needed,manual_review_needed,"not part of main final, ablation, memory-budget, or replay-drift evidence categories",min_acc_seen,1,0.6080287206266318,,,,,0.6080287206266318,0.6080287206266318,0.6080287206266318,42
ember,ahr_malcl_v14_5_oracle_fidelity_k25,oracle_fidelity,25,unknown_review_needed,manual_review_needed,"not part of main final, ablation, memory-budget, or replay-drift evidence categories",final_taskwise_average_accuracy,1,0.6607281904770261,,,,,0.6607281904770261,0.6607281904770261,0.6607281904770261,42
ember,ahr_malcl_v14_5_oracle_fidelity_k25,oracle_fidelity,25,unknown_review_needed,manual_review_needed,"not part of main final, ablation, memory-budget, or replay-drift evidence categories",forgetting,1,0.2422066192461928,,,,,0.2422066192461928,0.2422066192461928,0.2422066192461928,42
ember,ahr_malcl_v14_5_oracle_fidelity_k25,oracle_fidelity,25,unknown_review_needed,manual_review_needed,"not part of main final, ablation, memory-budget, or replay-drift evidence categories",macro_f1,1,0.5314012479708017,,,,,0.5314012479708017,0.5314012479708017,0.5314012479708017,42
ember,ahr_malcl_v14_5_oracle_fidelity_k25,oracle_fidelity,25,unknown_review_needed,manual_review_needed,"not part of main final, ablation, memory-budget, or replay-drift evidence categories",weighted_f1,1,0.6041506713562321,,,,,0.6041506713562321,0.6041506713562321,0.6041506713562321,42
ember,ahr_malcl_v14_5_oracle_fidelity_k25,oracle_fidelity,25,unknown_review_needed,manual_review_needed,"not part of main final, ablation, memory-budget, or replay-drift evidence categories",balanced_accuracy,1,0.6453790668755788,,,,,0.6453790668755788,0.6453790668755788,0.6453790668755788,42
ember,ahr_malcl_v14_5_oracle_fidelity_k25,oracle_fidelity,25,unknown_review_needed,manual_review_needed,"not part of main final, ablation, memory-budget, or replay-drift evidence categories",old_class_accuracy,1,0.6019225504213184,,,,,0.6019225504213184,0.6019225504213184,0.6019225504213184,42
ember,ahr_malcl_v14_5_oracle_fidelity_k25,oracle_fidelity,25,unknown_review_needed,manual_review_needed,"not part of main final, ablation, memory-budget, or replay-drift evidence categories",new_class_accuracy,1,0.8495788206979543,,,,,0.8495788206979543,0.8495788206979543,0.8495788206979543,42
ember,ahr_malcl_v14_5_oracle_fidelity_k25,oracle_fidelity,25,unknown_review_needed,manual_review_needed,"not part of main final, ablation, memory-budget, or replay-drift evidence categories",plasticity_stability_gap,1,0.2476562702766359,,,,,0.2476562702766359,0.2476562702766359,0.2476562702766359,42
ember,ahr_malcl_v14_5_oracle_fidelity_k25,oracle_fidelity,25,unknown_review_needed,manual_review_needed,"not part of main final, ablation, memory-budget, or replay-drift evidence categories",mmd_real_generated,1,0.0043902397155761,,,,,0.0043902397155761,0.0043902397155761,0.0043902397155761,42
ember,ahr_malcl_v14_5_oracle_fidelity_k25,oracle_fidelity,25,unknown_review_needed,manual_review_needed,"not part of main final, ablation, memory-budget, or replay-drift evidence categories",wasserstein_real_generated,1,0.0523811355233192,,,,,0.0523811355233192,0.0523811355233192,0.0523811355233192,42
ember,ahr_malcl_v14_5_oracle_fidelity_k25,oracle_fidelity,25,unknown_review_needed,manual_review_needed,"not part of main final, ablation, memory-budget, or replay-drift evidence categories",memory_MB,1,440.9429702758789,,,,,440.9429702758789,440.9429702758789,440.9429702758789,42
ember,ahr_malcl_v14_5_oracle_fidelity_k25,oracle_fidelity,25,unknown_review_needed,manual_review_needed,"not part of main final, ablation, memory-budget, or replay-drift evidence categories",gpu_peak_memory_MB,1,2797.2919921875,,,,,2797.2919921875,2797.2919921875,2797.2919921875,42
ember,ahr_malcl_v14_5_oracle_fidelity_k25,oracle_fidelity,25,unknown_review_needed,manual_review_needed,"not part of main final, ablation, memory-budget, or replay-drift evidence categories",elapsed_minutes,1,55.848153710365295,,,,,55.848153710365295,55.848153710365295,55.848153710365295,42
ember,ahr_malcl_v14_5_ordering_giant_first,ordering_sensitivity,25,unknown_review_needed,manual_review_needed,"not part of main final, ablation, memory-budget, or replay-drift evidence categories",mean_acc_seen,1,0.7536819063090342,,,,,0.7536819063090342,0.7536819063090342,0.7536819063090342,42
ember,ahr_malcl_v14_5_ordering_giant_first,ordering_sensitivity,25,unknown_review_needed,manual_review_needed,"not part of main final, ablation, memory-budget, or replay-drift evidence categories",min_acc_seen,1,0.6252373605506765,,,,,0.6252373605506765,0.6252373605506765,0.6252373605506765,42
ember,ahr_malcl_v14_5_ordering_giant_first,ordering_sensitivity,25,unknown_review_needed,manual_review_needed,"not part of main final, ablation, memory-budget, or replay-drift evidence categories",final_taskwise_average_accuracy,1,0.7335566223354694,,,,,0.7335566223354694,0.7335566223354694,0.7335566223354694,42
ember,ahr_malcl_v14_5_ordering_giant_first,ordering_sensitivity,25,unknown_review_needed,manual_review_needed,"not part of main final, ablation, memory-budget, or replay-drift evidence categories",forgetting,1,0.1737736389473068,,,,,0.1737736389473068,0.1737736389473068,0.1737736389473068,42
ember,ahr_malcl_v14_5_ordering_giant_first,ordering_sensitivity,25,unknown_review_needed,manual_review_needed,"not part of main final, ablation, memory-budget, or replay-drift evidence categories",macro_f1,1,0.5220652278132821,,,,,0.5220652278132821,0.5220652278132821,0.5220652278132821,42
ember,ahr_malcl_v14_5_ordering_giant_first,ordering_sensitivity,25,unknown_review_needed,manual_review_needed,"not part of main final, ablation, memory-budget, or replay-drift evidence categories",weighted_f1,1,0.6431278467866398,,,,,0.6431278467866398,0.6431278467866398,0.6431278467866398,42
ember,ahr_malcl_v14_5_ordering_giant_first,ordering_sensitivity,25,unknown_review_needed,manual_review_needed,"not part of main final, ablation, memory-budget, or replay-drift evidence categories",balanced_accuracy,1,0.6534118798550739,,,,,0.6534118798550739,0.6534118798550739,0.6534118798550739,42
ember,ahr_malcl_v14_5_ordering_giant_first,ordering_sensitivity,25,unknown_review_needed,manual_review_needed,"not part of main final, ablation, memory-budget, or replay-drift evidence categories",old_class_accuracy,1,0.624428848738241,,,,,0.624428848738241,0.624428848738241,0.624428848738241,42
ember,ahr_malcl_v14_5_ordering_giant_first,ordering_sensitivity,25,unknown_review_needed,manual_review_needed,"not part of main final, ablation, memory-budget, or replay-drift evidence categories",new_class_accuracy,1,0.7488584474885844,,,,,0.7488584474885844,0.7488584474885844,0.7488584474885844,42
ember,ahr_malcl_v14_5_ordering_giant_first,ordering_sensitivity,25,unknown_review_needed,manual_review_needed,"not part of main final, ablation, memory-budget, or replay-drift evidence categories",plasticity_stability_gap,1,0.1244295987503434,,,,,0.1244295987503434,0.1244295987503434,0.1244295987503434,42
ember,ahr_malcl_v14_5_ordering_giant_first,ordering_sensitivity,25,unknown_review_needed,manual_review_needed,"not part of main final, ablation, memory-budget, or replay-drift evidence categories",mmd_real_generated,1,0.007110595703125,,,,,0.007110595703125,0.007110595703125,0.007110595703125,42
ember,ahr_malcl_v14_5_ordering_giant_first,ordering_sensitivity,25,unknown_review_needed,manual_review_needed,"not part of main final, ablation, memory-budget, or replay-drift evidence categories",wasserstein_real_generated,1,0.064297042787075,,,,,0.064297042787075,0.064297042787075,0.064297042787075,42
ember,ahr_malcl_v14_5_ordering_giant_first,ordering_sensitivity,25,unknown_review_needed,manual_review_needed,"not part of main final, ablation, memory-budget, or replay-drift evidence categories",memory_MB,1,440.9429702758789,,,,,440.9429702758789,440.9429702758789,440.9429702758789,42
ember,ahr_malcl_v14_5_ordering_giant_first,ordering_sensitivity,25,unknown_review_needed,manual_review_needed,"not part of main final, ablation, memory-budget, or replay-drift evidence categories",gpu_peak_memory_MB,1,2797.2919921875,,,,,2797.2919921875,2797.2919921875,2797.2919921875,42
ember,ahr_malcl_v14_5_ordering_giant_first,ordering_sensitivity,25,unknown_review_needed,manual_review_needed,"not part of main final, ablation, memory-budget, or replay-drift evidence categories",elapsed_minutes,1,56.34957724014918,,,,,56.34957724014918,56.34957724014918,56.34957724014918,42
ember,ahr_malcl_v14_5_ordering_random,ordering_sensitivity,25,unknown_review_needed,manual_review_needed,"not part of main final, ablation, memory-budget, or replay-drift evidence categories",mean_acc_seen,1,0.7681471776142637,,,,,0.7681471776142637,0.7681471776142637,0.7681471776142637,42
ember,ahr_malcl_v14_5_ordering_random,ordering_sensitivity,25,unknown_review_needed,manual_review_needed,"not part of main final, ablation, memory-budget, or replay-drift evidence categories",min_acc_seen,1,0.6277296463327795,,,,,0.6277296463327795,0.6277296463327795,0.6277296463327795,42
ember,ahr_malcl_v14_5_ordering_random,ordering_sensitivity,25,unknown_review_needed,manual_review_needed,"not part of main final, ablation, memory-budget, or replay-drift evidence categories",final_taskwise_average_accuracy,1,0.6713799615609619,,,,,0.6713799615609619,0.6713799615609619,0.6713799615609619,42
ember,ahr_malcl_v14_5_ordering_random,ordering_sensitivity,25,unknown_review_needed,manual_review_needed,"not part of main final, ablation, memory-budget, or replay-drift evidence categories",forgetting,1,0.2393604590690533,,,,,0.2393604590690533,0.2393604590690533,0.2393604590690533,42
ember,ahr_malcl_v14_5_ordering_random,ordering_sensitivity,25,unknown_review_needed,manual_review_needed,"not part of main final, ablation, memory-budget, or replay-drift evidence categories",macro_f1,1,0.5308459267236827,,,,,0.5308459267236827,0.5308459267236827,0.5308459267236827,42
ember,ahr_malcl_v14_5_ordering_random,ordering_sensitivity,25,unknown_review_needed,manual_review_needed,"not part of main final, ablation, memory-budget, or replay-drift evidence categories",weighted_f1,1,0.6146380291975977,,,,,0.6146380291975977,0.6146380291975977,0.6146380291975977,42
ember,ahr_malcl_v14_5_ordering_random,ordering_sensitivity,25,unknown_review_needed,manual_review_needed,"not part of main final, ablation, memory-budget, or replay-drift evidence categories",balanced_accuracy,1,0.6470435756936745,,,,,0.6470435756936745,0.6470435756936745,0.6470435756936745,42
ember,ahr_malcl_v14_5_ordering_random,ordering_sensitivity,25,unknown_review_needed,manual_review_needed,"not part of main final, ablation, memory-budget, or replay-drift evidence categories",old_class_accuracy,1,0.6211784747361057,,,,,0.6211784747361057,0.6211784747361057,0.6211784747361057,42
ember,ahr_malcl_v14_5_ordering_random,ordering_sensitivity,25,unknown_review_needed,manual_review_needed,"not part of main final, ablation, memory-budget, or replay-drift evidence categories",new_class_accuracy,1,0.8868832731648616,,,,,0.8868832731648616,0.8868832731648616,0.8868832731648616,42
ember,ahr_malcl_v14_5_ordering_random,ordering_sensitivity,25,unknown_review_needed,manual_review_needed,"not part of main final, ablation, memory-budget, or replay-drift evidence categories",plasticity_stability_gap,1,0.2657047984287559,,,,,0.2657047984287559,0.2657047984287559,0.2657047984287559,42
ember,ahr_malcl_v14_5_ordering_random,ordering_sensitivity,25,unknown_review_needed,manual_review_needed,"not part of main final, ablation, memory-budget, or replay-drift evidence categories",mmd_real_generated,1,0.0035040378570556,,,,,0.0035040378570556,0.0035040378570556,0.0035040378570556,42
ember,ahr_malcl_v14_5_ordering_random,ordering_sensitivity,25,unknown_review_needed,manual_review_needed,"not part of main final, ablation, memory-budget, or replay-drift evidence categories",wasserstein_real_generated,1,0.0538467243313789,,,,,0.0538467243313789,0.0538467243313789,0.0538467243313789,42
ember,ahr_malcl_v14_5_ordering_random,ordering_sensitivity,25,unknown_review_needed,manual_review_needed,"not part of main final, ablation, memory-budget, or replay-drift evidence categories",memory_MB,1,440.9429702758789,,,,,440.9429702758789,440.9429702758789,440.9429702758789,42
ember,ahr_malcl_v14_5_ordering_random,ordering_sensitivity,25,unknown_review_needed,manual_review_needed,"not part of main final, ablation, memory-budget, or replay-drift evidence categories",gpu_peak_memory_MB,1,2797.2919921875,,,,,2797.2919921875,2797.2919921875,2797.2919921875,42
ember,ahr_malcl_v14_5_ordering_random,ordering_sensitivity,25,unknown_review_needed,manual_review_needed,"not part of main final, ablation, memory-budget, or replay-drift evidence categories",elapsed_minutes,1,55.72058458725611,,,,,55.72058458725611,55.72058458725611,55.72058458725611,42
ember,ahr_malcl_v14_5_scaler_incremental,scaler_sensitivity,25,unknown_review_needed,manual_review_needed,"not part of main final, ablation, memory-budget, or replay-drift evidence categories",mean_acc_seen,1,0.7682401236290268,,,,,0.7682401236290268,0.7682401236290268,0.7682401236290268,42
ember,ahr_malcl_v14_5_scaler_incremental,scaler_sensitivity,25,unknown_review_needed,manual_review_needed,"not part of main final, ablation, memory-budget, or replay-drift evidence categories",min_acc_seen,1,0.6345537621647283,,,,,0.6345537621647283,0.6345537621647283,0.6345537621647283,42
ember,ahr_malcl_v14_5_scaler_incremental,scaler_sensitivity,25,unknown_review_needed,manual_review_needed,"not part of main final, ablation, memory-budget, or replay-drift evidence categories",final_taskwise_average_accuracy,1,0.6726630241439296,,,,,0.6726630241439296,0.6726630241439296,0.6726630241439296,42
ember,ahr_malcl_v14_5_scaler_incremental,scaler_sensitivity,25,unknown_review_needed,manual_review_needed,"not part of main final, ablation, memory-budget, or replay-drift evidence categories",forgetting,1,0.2328983412177814,,,,,0.2328983412177814,0.2328983412177814,0.2328983412177814,42
ember,ahr_malcl_v14_5_scaler_incremental,scaler_sensitivity,25,unknown_review_needed,manual_review_needed,"not part of main final, ablation, memory-budget, or replay-drift evidence categories",macro_f1,1,0.5315735691257005,,,,,0.5315735691257005,0.5315735691257005,0.5315735691257005,42
ember,ahr_malcl_v14_5_scaler_incremental,scaler_sensitivity,25,unknown_review_needed,manual_review_needed,"not part of main final, ablation, memory-budget, or replay-drift evidence categories",weighted_f1,1,0.627277735182693,,,,,0.627277735182693,0.627277735182693,0.627277735182693,42
ember,ahr_malcl_v14_5_scaler_incremental,scaler_sensitivity,25,unknown_review_needed,manual_review_needed,"not part of main final, ablation, memory-budget, or replay-drift evidence categories",balanced_accuracy,1,0.6584732972745485,,,,,0.6584732972745485,0.6584732972745485,0.6584732972745485,42
ember,ahr_malcl_v14_5_scaler_incremental,scaler_sensitivity,25,unknown_review_needed,manual_review_needed,"not part of main final, ablation, memory-budget, or replay-drift evidence categories",old_class_accuracy,1,0.628448879019256,,,,,0.628448879019256,0.628448879019256,0.628448879019256,42
ember,ahr_malcl_v14_5_scaler_incremental,scaler_sensitivity,25,unknown_review_needed,manual_review_needed,"not part of main final, ablation, memory-budget, or replay-drift evidence categories",new_class_accuracy,1,0.8760529482551144,,,,,0.8760529482551144,0.8760529482551144,0.8760529482551144,42
ember,ahr_malcl_v14_5_scaler_incremental,scaler_sensitivity,25,unknown_review_needed,manual_review_needed,"not part of main final, ablation, memory-budget, or replay-drift evidence categories",plasticity_stability_gap,1,0.2476040692358584,,,,,0.2476040692358584,0.2476040692358584,0.2476040692358584,42
ember,ahr_malcl_v14_5_scaler_incremental,scaler_sensitivity,25,unknown_review_needed,manual_review_needed,"not part of main final, ablation, memory-budget, or replay-drift evidence categories",mmd_real_generated,1,0.0060282945632934,,,,,0.0060282945632934,0.0060282945632934,0.0060282945632934,42
ember,ahr_malcl_v14_5_scaler_incremental,scaler_sensitivity,25,unknown_review_needed,manual_review_needed,"not part of main final, ablation, memory-budget, or replay-drift evidence categories",wasserstein_real_generated,1,0.0560029596090316,,,,,0.0560029596090316,0.0560029596090316,0.0560029596090316,42
ember,ahr_malcl_v14_5_scaler_incremental,scaler_sensitivity,25,unknown_review_needed,manual_review_needed,"not part of main final, ablation, memory-budget, or replay-drift evidence categories",memory_MB,1,440.9429702758789,,,,,440.9429702758789,440.9429702758789,440.9429702758789,42
ember,ahr_malcl_v14_5_scaler_incremental,scaler_sensitivity,25,unknown_review_needed,manual_review_needed,"not part of main final, ablation, memory-budget, or replay-drift evidence categories",gpu_peak_memory_MB,1,2797.2919921875,,,,,2797.2919921875,2797.2919921875,2797.2919921875,42
ember,ahr_malcl_v14_5_scaler_incremental,scaler_sensitivity,25,unknown_review_needed,manual_review_needed,"not part of main final, ablation, memory-budget, or replay-drift evidence categories",elapsed_minutes,1,69.15004395246505,,,,,69.15004395246505,69.15004395246505,69.15004395246505,42
ember,ahr_malcl_v15_1_final_paper_critic2_ember_k25,final_memory_efficient,25,excluded_incomplete,exclude_from_paper_claims,stray incomplete EMBER critic2 memory-efficient seed file; not part of declared final result set,mean_acc_seen,1,0.7518273478814933,,,,,0.7518273478814933,0.7518273478814933,0.7518273478814933,42
ember,ahr_malcl_v15_1_final_paper_critic2_ember_k25,final_memory_efficient,25,excluded_incomplete,exclude_from_paper_claims,stray incomplete EMBER critic2 memory-efficient seed file; not part of declared final result set,min_acc_seen,1,0.5541478756230714,,,,,0.5541478756230714,0.5541478756230714,0.5541478756230714,42
ember,ahr_malcl_v15_1_final_paper_critic2_ember_k25,final_memory_efficient,25,excluded_incomplete,exclude_from_paper_claims,stray incomplete EMBER critic2 memory-efficient seed file; not part of declared final result set,final_taskwise_average_accuracy,1,0.608220995070588,,,,,0.608220995070588,0.608220995070588,0.608220995070588,42
ember,ahr_malcl_v15_1_final_paper_critic2_ember_k25,final_memory_efficient,25,excluded_incomplete,exclude_from_paper_claims,stray incomplete EMBER critic2 memory-efficient seed file; not part of declared final result set,forgetting,1,0.3010303429375604,,,,,0.3010303429375604,0.3010303429375604,0.3010303429375604,42
ember,ahr_malcl_v15_1_final_paper_critic2_ember_k25,final_memory_efficient,25,excluded_incomplete,exclude_from_paper_claims,stray incomplete EMBER critic2 memory-efficient seed file; not part of declared final result set,macro_f1,1,0.4949968781638342,,,,,0.4949968781638342,0.4949968781638342,0.4949968781638342,42
ember,ahr_malcl_v15_1_final_paper_critic2_ember_k25,final_memory_efficient,25,excluded_incomplete,exclude_from_paper_claims,stray incomplete EMBER critic2 memory-efficient seed file; not part of declared final result set,weighted_f1,1,0.553522164849984,,,,,0.553522164849984,0.553522164849984,0.553522164849984,42
ember,ahr_malcl_v15_1_final_paper_critic2_ember_k25,final_memory_efficient,25,excluded_incomplete,exclude_from_paper_claims,stray incomplete EMBER critic2 memory-efficient seed file; not part of declared final result set,balanced_accuracy,1,0.6097700844647764,,,,,0.6097700844647764,0.6097700844647764,0.6097700844647764,42
ember,ahr_malcl_v15_1_final_paper_critic2_ember_k25,final_memory_efficient,25,excluded_incomplete,exclude_from_paper_claims,stray incomplete EMBER critic2 memory-efficient seed file; not part of declared final result set,old_class_accuracy,1,0.5454324217442886,,,,,0.5454324217442886,0.5454324217442886,0.5454324217442886,42
ember,ahr_malcl_v15_1_final_paper_critic2_ember_k25,final_memory_efficient,25,excluded_incomplete,exclude_from_paper_claims,stray incomplete EMBER critic2 memory-efficient seed file; not part of declared final result set,new_class_accuracy,1,0.8989169675090253,,,,,0.8989169675090253,0.8989169675090253,0.8989169675090253,42
ember,ahr_malcl_v15_1_final_paper_critic2_ember_k25,final_memory_efficient,25,excluded_incomplete,exclude_from_paper_claims,stray incomplete EMBER critic2 memory-efficient seed file; not part of declared final result set,plasticity_stability_gap,1,0.3534845457647366,,,,,0.3534845457647366,0.3534845457647366,0.3534845457647366,42
ember,ahr_malcl_v15_1_final_paper_critic2_ember_k25,final_memory_efficient,25,excluded_incomplete,exclude_from_paper_claims,stray incomplete EMBER critic2 memory-efficient seed file; not part of declared final result set,mmd_real_generated,1,0.0062357187271118,,,,,0.0062357187271118,0.0062357187271118,0.0062357187271118,42
ember,ahr_malcl_v15_1_final_paper_critic2_ember_k25,final_memory_efficient,25,excluded_incomplete,exclude_from_paper_claims,stray incomplete EMBER critic2 memory-efficient seed file; not part of declared final result set,wasserstein_real_generated,1,0.0643864423036575,,,,,0.0643864423036575,0.0643864423036575,0.0643864423036575,42
ember,ahr_malcl_v15_1_final_paper_critic2_ember_k25,final_memory_efficient,25,excluded_incomplete,exclude_from_paper_claims,stray incomplete EMBER critic2 memory-efficient seed file; not part of declared final result set,memory_MB,1,440.9429702758789,,,,,440.9429702758789,440.9429702758789,440.9429702758789,42
ember,ahr_malcl_v15_1_final_paper_critic2_ember_k25,final_memory_efficient,25,excluded_incomplete,exclude_from_paper_claims,stray incomplete EMBER critic2 memory-efficient seed file; not part of declared final result set,gpu_peak_memory_MB,1,4351.548828125,,,,,4351.548828125,4351.548828125,4351.548828125,42
ember,ahr_malcl_v15_1_final_paper_critic2_ember_k25,final_memory_efficient,25,excluded_incomplete,exclude_from_paper_claims,stray incomplete EMBER critic2 memory-efficient seed file; not part of declared final result set,elapsed_minutes,1,7.69155151049296,,,,,7.69155151049296,7.69155151049296,7.69155151049296,42
ember,classifier_real_only,ablation,25,valid_ablation,ablation_table,controlled ablation result under final ablation folders,mean_acc_seen,5,0.1334426819559997,0.01163706516798699,0.005204253754842784,0.11899335709215922,0.1478920068198402,0.132877073350235,0.1211387060703835,0.148912617935236,"42,43,44,45,46"
ember,classifier_real_only,ablation,25,valid_ablation,ablation_table,controlled ablation result under final ablation folders,min_acc_seen,5,0.01625286016780806,0.004478677477672273,0.0020029254578744996,0.010691847584216357,0.021813872751399763,0.0165712670482651,0.0118702748533879,0.023177172384969,"42,43,44,45,46"
ember,classifier_real_only,ablation,25,valid_ablation,ablation_table,controlled ablation result under final ablation folders,final_taskwise_average_accuracy,5,0.08893191606311421,0.001147677337628518,0.0005132569086346687,0.08750688643142653,0.09035694569480189,0.0891919191919192,0.0870579997666005,0.0899593511377882,"42,43,44,45,46"
ember,classifier_real_only,ablation,25,valid_ablation,ablation_table,controlled ablation result under final ablation folders,forgetting,5,0.9666489275647067,0.00941375277283839,0.004209958224688755,0.9549602096586823,0.978337645470731,0.9709381320273318,0.9559134611084932,0.9769707770935764,"42,43,44,45,46"
ember,classifier_real_only,ablation,25,valid_ablation,ablation_table,controlled ablation result under final ablation folders,macro_f1,5,0.00708921020129228,0.004636381684360689,0.0020734529231730948,0.001332381981890285,0.012846038420694275,0.0060614506051343,0.0023390027334167,0.0148544697422883,"42,43,44,45,46"
ember,classifier_real_only,ablation,25,valid_ablation,ablation_table,controlled ablation result under final ablation folders,weighted_f1,5,0.006439727117378799,0.005683634924122196,0.002541798809925818,-0.0006174377468373153,0.013496891981594913,0.0031311390013053,0.0013319475429867,0.0137950731752238,"42,43,44,45,46"
ember,classifier_real_only,ablation,25,valid_ablation,ablation_table,controlled ablation result under final ablation folders,balanced_accuracy,5,0.048795257052913724,0.0006079253426346272,0.0002718724782751755,0.04804041804136862,0.04955009606445883,0.0488771943804547,0.0477847093669011,0.0493653921955065,"42,43,44,45,46"
ember,classifier_real_only,ablation,25,valid_ablation,ablation_table,controlled ablation result under final ablation folders,old_class_accuracy,5,0.0,0.0,0.0,0.0,0.0,0.0,0.0,0.0,"42,43,44,45,46"
ember,classifier_real_only,ablation,25,valid_ablation,ablation_table,controlled ablation result under final ablation folders,new_class_accuracy,5,0.9782510766942568,0.012624450713913674,0.005645825994981345,0.9625757507456923,0.9939264026428213,0.9811111111111112,0.957637997432606,0.9895528625156708,"42,43,44,45,46"
ember,classifier_real_only,ablation,25,valid_ablation,ablation_table,controlled ablation result under final ablation folders,plasticity_stability_gap,5,0.9782510766942568,0.012624450713913674,0.005645825994981345,0.9625757507456923,0.9939264026428213,0.9811111111111112,0.957637997432606,0.9895528625156708,"42,43,44,45,46"
ember,classifier_real_only,ablation,25,valid_ablation,ablation_table,controlled ablation result under final ablation folders,mmd_real_generated,0,,,,,,,,,
ember,classifier_real_only,ablation,25,valid_ablation,ablation_table,controlled ablation result under final ablation folders,wasserstein_real_generated,0,,,,,,,,,
ember,classifier_real_only,ablation,25,valid_ablation,ablation_table,controlled ablation result under final ablation folders,memory_MB,5,350.0387344360352,0.0,0.0,350.0387344360352,350.0387344360352,350.0387344360352,350.0387344360352,350.0387344360352,"42,43,44,45,46"
ember,classifier_real_only,ablation,25,valid_ablation,ablation_table,controlled ablation result under final ablation folders,gpu_peak_memory_MB,5,420.13671875,0.0,0.0,420.13671875,420.13671875,420.13671875,420.13671875,420.13671875,"42,43,44,45,46"
ember,classifier_real_only,ablation,25,valid_ablation,ablation_table,controlled ablation result under final ablation folders,elapsed_minutes,5,1.7769266017278036,0.3393019612227923,0.15174045003863226,1.3556275719575326,2.1982256314980746,1.6713648915290833,1.5274770657221477,2.3701581160227456,"42,43,44,45,46"
ember,hybrid_diversity_buffer,ablation,25,valid_ablation,ablation_table,controlled ablation result under final ablation folders,mean_acc_seen,5,0.7186817200795529,0.01855224467936771,0.008296816047654998,0.6956460657753146,0.7417173743837912,0.7245301467704055,0.6880240396179943,0.734001610233624,"42,43,44,45,46"
ember,hybrid_diversity_buffer,ablation,25,valid_ablation,ablation_table,controlled ablation result under final ablation folders,min_acc_seen,5,0.5673815939389801,0.037961386121596746,0.016976847977601482,0.5202463074698814,0.6145168804080788,0.5771421789698552,0.5105032043674341,0.6143527833668678,"42,43,44,45,46"
ember,hybrid_diversity_buffer,ablation,25,valid_ablation,ablation_table,controlled ablation result under final ablation folders,final_taskwise_average_accuracy,5,0.6345988928008197,0.020764768127703583,0.00928628661411325,0.6088160277856012,0.6603817578160383,0.6433417128770902,0.6081318704165469,0.659093854137278,"42,43,44,45,46"
ember,hybrid_diversity_buffer,ablation,25,valid_ablation,ablation_table,controlled ablation result under final ablation folders,forgetting,5,0.2816889913050848,0.02389636508278562,0.010686779348052207,0.2520177350938564,0.3113602475163132,0.2800618486576423,0.253485651857352,0.3118524366560009,"42,43,44,45,46"
ember,hybrid_diversity_buffer,ablation,25,valid_ablation,ablation_table,controlled ablation result under final ablation folders,macro_f1,5,0.49038962956426735,0.020690940248945373,0.009253269783005655,0.4646984339681666,0.516080825160368,0.4935748898109034,0.4693997098866096,0.5199898629690828,"42,43,44,45,46"
ember,hybrid_diversity_buffer,ablation,25,valid_ablation,ablation_table,controlled ablation result under final ablation folders,weighted_f1,5,0.5690632391357175,0.03917883248303017,0.017521306542226465,0.5204162933498828,0.6177101849215523,0.574135878086693,0.5247465341931287,0.6269430940763796,"42,43,44,45,46"
ember,hybrid_diversity_buffer,ablation,25,valid_ablation,ablation_table,controlled ablation result under final ablation folders,balanced_accuracy,5,0.5982076575265214,0.012758778471039171,0.005705899194220884,0.5823655416379748,0.614049773415068,0.6027974404490154,0.5778833975154488,0.6098235577259261,"42,43,44,45,46"
ember,hybrid_diversity_buffer,ablation,25,valid_ablation,ablation_table,controlled ablation result under final ablation folders,old_class_accuracy,5,0.5576132605649706,0.04214495550421698,0.018847797083226616,0.5052833866094848,0.6099431345204565,0.5682469075620011,0.5031131359149582,0.6148637858899428,"42,43,44,45,46"
ember,hybrid_diversity_buffer,ablation,25,valid_ablation,ablation_table,controlled ablation result under final ablation folders,new_class_accuracy,5,0.8665756858696628,0.053588899388956376,0.02396568437462068,0.800036278795032,0.9331150929442936,0.8336815712494776,0.8228498074454429,0.9455782312925172,"42,43,44,45,46"
ember,hybrid_diversity_buffer,ablation,25,valid_ablation,ablation_table,controlled ablation result under final ablation folders,plasticity_stability_gap,5,0.30896242530469226,0.05799592296627675,0.02593656523408721,0.23695097571486756,0.38097387489451695,0.3197366715304847,0.2188177853595347,0.3773313237305159,"42,43,44,45,46"
ember,hybrid_diversity_buffer,ablation,25,valid_ablation,ablation_table,controlled ablation result under final ablation folders,mmd_real_generated,5,0.0042832374572753405,0.0016734534288753303,0.0007483911248290696,0.0022053705819701994,0.006361104332580482,0.0039694309234619,0.0030876398086547,0.0071617364883422,"42,43,44,45,46"
ember,hybrid_diversity_buffer,ablation,25,valid_ablation,ablation_table,controlled ablation result under final ablation folders,wasserstein_real_generated,5,0.06771042048931117,0.0048058512348709516,0.002149242010184551,0.061743168030248805,0.07367767294837353,0.0670814514160156,0.0631399825215339,0.075790025293827,"42,43,44,45,46"
ember,hybrid_diversity_buffer,ablation,25,valid_ablation,ablation_table,controlled ablation result under final ablation folders,memory_MB,5,463.66902923583984,0.0,0.0,463.66902923583984,463.66902923583984,463.66902923583984,463.66902923583984,463.66902923583984,"42,43,44,45,46"
ember,hybrid_diversity_buffer,ablation,25,valid_ablation,ablation_table,controlled ablation result under final ablation folders,gpu_peak_memory_MB,5,2867.11083984375,0.0,0.0,2867.11083984375,2867.11083984375,2867.11083984375,2867.11083984375,2867.11083984375,"42,43,44,45,46"
ember,hybrid_diversity_buffer,ablation,25,valid_ablation,ablation_table,controlled ablation result under final ablation folders,elapsed_minutes,5,12.817171788215637,0.14015407537599422,0.0626788079728705,12.643147518619728,12.991196057811546,12.79282221396764,12.682548014322917,12.97507080634435,"42,43,44,45,46"
ember,hybrid_random_buffer,ablation,25,valid_memory_efficient_hr,memory_efficient_hr_table,ablation hybrid_random_buffer aggregate provides simplified HR memory-efficient result,mean_acc_seen,5,0.7950161615475181,0.007543080698086016,0.00337336824013738,0.785650189809159,0.8043821332858772,0.7993518043722637,0.786507995460374,0.8020424156642421,"42,43,44,45,46"
ember,hybrid_random_buffer,ablation,25,valid_memory_efficient_hr,memory_efficient_hr_table,ablation hybrid_random_buffer aggregate provides simplified HR memory-efficient result,min_acc_seen,5,0.7216532611709872,0.025454990419047613,0.011383817788719263,0.690046715993034,0.7532598063489403,0.7297650130548303,0.6890280085449798,0.7487241870401139,"42,43,44,45,46"
ember,hybrid_random_buffer,ablation,25,valid_memory_efficient_hr,memory_efficient_hr_table,ablation hybrid_random_buffer aggregate provides simplified HR memory-efficient result,final_taskwise_average_accuracy,5,0.7427515336287188,0.01955004515727538,0.008743045986971662,0.7184769463936721,0.7670261208637655,0.7469119203616604,0.7104609641921956,0.7598336930207069,"42,43,44,45,46"
ember,hybrid_random_buffer,ablation,25,valid_memory_efficient_hr,memory_efficient_hr_table,ablation hybrid_random_buffer aggregate provides simplified HR memory-efficient result,forgetting,5,0.182218153266521,0.017803450003593364,0.007961944888410727,0.16011225035323845,0.20432405617980354,0.1740673608971749,0.1688342197647199,0.2129402944705783,"42,43,44,45,46"
ember,hybrid_random_buffer,ablation,25,valid_memory_efficient_hr,memory_efficient_hr_table,ablation hybrid_random_buffer aggregate provides simplified HR memory-efficient result,macro_f1,5,0.6739005211289539,0.00980885224854835,0.004386652081801155,0.6617212224282314,0.6860798198296765,0.6737503920952365,0.662219574178462,0.686138832494194,"42,43,44,45,46"
ember,hybrid_random_buffer,ablation,25,valid_memory_efficient_hr,memory_efficient_hr_table,ablation hybrid_random_buffer aggregate provides simplified HR memory-efficient result,weighted_f1,5,0.7483634178637341,0.021830164902925678,0.009762746536594383,0.7212576880289199,0.7754691476985482,0.7531164977529002,0.7107614476375771,0.7642017788735419,"42,43,44,45,46"
ember,hybrid_random_buffer,ablation,25,valid_memory_efficient_hr,memory_efficient_hr_table,ablation hybrid_random_buffer aggregate provides simplified HR memory-efficient result,balanced_accuracy,5,0.7350179007049255,0.005532033249109345,0.0024740004797595043,0.7281489741826401,0.7418868272272108,0.7361351059253769,0.7260199033269157,0.7411923074820487,"42,43,44,45,46"
ember,hybrid_random_buffer,ablation,25,valid_memory_efficient_hr,memory_efficient_hr_table,ablation hybrid_random_buffer aggregate provides simplified HR memory-efficient result,old_class_accuracy,5,0.722469548433991,0.02290320237591524,0.010242623482996234,0.6940314666002422,0.7509076302677399,0.7279271070615034,0.6833267423113193,0.7417840375586855,"42,43,44,45,46"
ember,hybrid_random_buffer,ablation,25,valid_memory_efficient_hr,memory_efficient_hr_table,ablation hybrid_random_buffer aggregate provides simplified HR memory-efficient result,new_class_accuracy,5,0.8734504933973815,0.05880456058591207,0.02629819897142085,0.8004349875876624,0.9464659992071005,0.8533333333333334,0.8074454428754814,0.9523809523809524,"42,43,44,45,46"
ember,hybrid_random_buffer,ablation,25,valid_memory_efficient_hr,memory_efficient_hr_table,ablation hybrid_random_buffer aggregate provides simplified HR memory-efficient result,plasticity_stability_gap,5,0.15098094496339037,0.07317572776909687,0.032725180318943926,0.06012127825014335,0.2418406116766374,0.1182023824882811,0.0795183358139779,0.2312340278451187,"42,43,44,45,46"
ember,hybrid_random_buffer,ablation,25,valid_memory_efficient_hr,memory_efficient_hr_table,ablation hybrid_random_buffer aggregate provides simplified HR memory-efficient result,mmd_real_generated,5,0.0024696588516234996,0.0006505978717728379,0.0002909562134601514,0.0016618348969351779,0.003277482806311821,0.0021177530288696,0.0018517971038818,0.0034055709838867,"42,43,44,45,46"
ember,hybrid_random_buffer,ablation,25,valid_memory_efficient_hr,memory_efficient_hr_table,ablation hybrid_random_buffer aggregate provides simplified HR memory-efficient result,wasserstein_real_generated,5,0.05407281219959255,0.004777065109139113,0.0021363684633955017,0.048141302436499174,0.06000432196268592,0.0547274835407733,0.0478577576577663,0.0609091967344284,"42,43,44,45,46"
ember,hybrid_random_buffer,ablation,25,valid_memory_efficient_hr,memory_efficient_hr_table,ablation hybrid_random_buffer aggregate provides simplified HR memory-efficient result,memory_MB,5,463.66902923583984,0.0,0.0,463.66902923583984,463.66902923583984,463.66902923583984,463.66902923583984,463.66902923583984,"42,43,44,45,46"
ember,hybrid_random_buffer,ablation,25,valid_memory_efficient_hr,memory_efficient_hr_table,ablation hybrid_random_buffer aggregate provides simplified HR memory-efficient result,gpu_peak_memory_MB,5,2934.06669921875,95.89858118895664,42.88714929685793,2814.9928834776015,3053.140514959898,2867.11083984375,2867.11083984375,3074.2685546875,"42,43,44,45,46"
ember,hybrid_random_buffer,ablation,25,valid_memory_efficient_hr,memory_efficient_hr_table,ablation hybrid_random_buffer aggregate provides simplified HR memory-efficient result,elapsed_minutes,5,13.215598066647846,0.17081357002267206,0.076390150810023,13.003505006346037,13.427691126949655,13.252376353740692,13.03763568798701,13.439524479707082,"42,43,44,45,46"
ember,hybrid_random_buffer,final_best_performance,100,valid_main_hr,main_final_table,official best-performance simplified AHR-MalCL-HR result,mean_acc_seen,5,0.8369998087266065,0.006704548445970353,0.002998365216726057,0.8286750122970321,0.8453246051561809,0.8340412843585153,0.8312393149401965,0.8468627330547364,"42,43,44,45,46"
ember,hybrid_random_buffer,final_best_performance,100,valid_main_hr,main_final_table,official best-performance simplified AHR-MalCL-HR result,min_acc_seen,5,0.7939789926005153,0.004099737032910707,0.0018334581390923267,0.7888884967246473,0.7990694884763833,0.7951578447661999,0.7895009444884529,0.7982732019938287,"42,43,44,45,46"
ember,hybrid_random_buffer,final_best_performance,100,valid_main_hr,main_final_table,official best-performance simplified AHR-MalCL-HR result,final_taskwise_average_accuracy,5,0.7976402212479385,0.01422635083187687,0.006362217506367472,0.7799758735941809,0.8153045689016962,0.7974227954639477,0.7817605641854574,0.8134740549995443,"42,43,44,45,46"
ember,hybrid_random_buffer,final_best_performance,100,valid_main_hr,main_final_table,official best-performance simplified AHR-MalCL-HR result,forgetting,5,0.08384557425498688,0.011519280078633475,0.005151578661536714,0.06954249889612188,0.09814864961385189,0.0812858209537107,0.0706597353463935,0.0958984259888765,"42,43,44,45,46"
ember,hybrid_random_buffer,final_best_performance,100,valid_main_hr,main_final_table,official best-performance simplified AHR-MalCL-HR result,macro_f1,5,0.7267985019579272,0.005908749813409692,0.002642473248964654,0.7194618200402232,0.7341351838756311,0.7277835130791821,0.7174219793461515,0.7338408527303312,"42,43,44,45,46"
ember,hybrid_random_buffer,final_best_performance,100,valid_main_hr,main_final_table,official best-performance simplified AHR-MalCL-HR result,weighted_f1,5,0.8084260211739046,0.006291562303988752,0.0028136721992788093,0.8006140147685858,0.8162380275792234,0.8078601878478097,0.8004237203577487,0.8163694943805784,"42,43,44,45,46"
ember,hybrid_random_buffer,final_best_performance,100,valid_main_hr,main_final_table,official best-performance simplified AHR-MalCL-HR result,balanced_accuracy,5,0.7951073555246753,0.003037808929114234,0.0013585494536310532,0.7913354175439722,0.7988792935053783,0.7962775795256956,0.790698538881888,0.797917596643079,"42,43,44,45,46"
ember,hybrid_random_buffer,final_best_performance,100,valid_main_hr,main_final_table,official best-performance simplified AHR-MalCL-HR result,old_class_accuracy,5,0.7940442208781924,0.005870383196285223,0.00262531517617325,0.7867551774077046,0.8013332643486801,0.796324981017464,0.7866081795897304,0.8009325796046118,"42,43,44,45,46"
ember,hybrid_random_buffer,final_best_performance,100,valid_main_hr,main_final_table,official best-performance simplified AHR-MalCL-HR result,new_class_accuracy,5,0.8212496298866281,0.07911863489920844,0.03538292918432345,0.723010869345253,0.9194883904280031,0.8266666666666667,0.7458279845956355,0.935374149659864,"42,43,44,45,46"
ember,hybrid_random_buffer,final_best_performance,100,valid_main_hr,main_final_table,official best-performance simplified AHR-MalCL-HR result,plasticity_stability_gap,5,0.027205409008435842,0.08291960855091443,0.0370827762775035,-0.0757528836743836,0.13016370169125527,0.0400584870769362,-0.0533354212260075,0.1459646072797531,"42,43,44,45,46"
ember,hybrid_random_buffer,final_best_performance,100,valid_main_hr,main_final_table,official best-performance simplified AHR-MalCL-HR result,mmd_real_generated,5,0.0025450944900512204,0.001103365235893985,0.0004934399342938083,0.0011750855997720558,0.003915103380330385,0.0024579763412475,0.0009938478469848,0.0037696361541748,"42,43,44,45,46"
ember,hybrid_random_buffer,final_best_performance,100,valid_main_hr,main_final_table,official best-performance simplified AHR-MalCL-HR result,wasserstein_real_generated,5,0.04961035698652262,0.009933348292557997,0.004442328405268229,0.037276476030034526,0.06194423794301072,0.0476003251969814,0.0374893806874752,0.0613666214048862,"42,43,44,45,46"
ember,hybrid_random_buffer,final_best_performance,100,valid_main_hr,main_final_table,official best-performance simplified AHR-MalCL-HR result,memory_MB,5,531.8472061157227,0.0,0.0,531.8472061157227,531.8472061157227,531.8472061157227,531.8472061157227,531.8472061157227,"42,43,44,45,46"
ember,hybrid_random_buffer,final_best_performance,100,valid_main_hr,main_final_table,official best-performance simplified AHR-MalCL-HR result,gpu_peak_memory_MB,5,3029.17353515625,42.27083720167558,18.904093089754717,2976.6873584289974,3081.659711883503,3047.68701171875,2974.822265625,3074.224609375,"42,43,44,45,46"
ember,hybrid_random_buffer,final_best_performance,100,valid_main_hr,main_final_table,official best-performance simplified AHR-MalCL-HR result,elapsed_minutes,5,15.116950137615206,0.311399774865278,0.13926221295537838,14.730296248116233,15.503604027114179,15.09244210322698,14.71840405066808,15.582517131169636,"42,43,44,45,46"
ember,hybrid_random_buffer,final_memory_efficient,25,legacy_or_config_mismatch,supplementary_only,memory-efficient file uses full-complexity flags; not the final simplified AHR-MalCL-HR method,mean_acc_seen,5,0.7380725952162419,0.01744446564454463,0.007801402202472294,0.7164124302575084,0.7597327601749754,0.7403320114632274,0.7119230735972383,0.7608761601683404,"42,43,44,45,46"
ember,hybrid_random_buffer,final_memory_efficient,25,legacy_or_config_mismatch,supplementary_only,memory-efficient file uses full-complexity flags; not the final simplified AHR-MalCL-HR method,min_acc_seen,5,0.5912888677901733,0.03354024713288828,0.014999654514256121,0.5496431504344089,0.6329345851459377,0.6028661286494185,0.532281034892001,0.6139330643247093,"42,43,44,45,46"
ember,hybrid_random_buffer,final_memory_efficient,25,legacy_or_config_mismatch,supplementary_only,memory-efficient file uses full-complexity flags; not the final simplified AHR-MalCL-HR method,final_taskwise_average_accuracy,5,0.6697631137571873,0.009838270974479158,0.004399808535999699,0.6575472868836035,0.6819789406307711,0.6659568497817971,0.6583439203456612,0.6815816821529336,"42,43,44,45,46"
ember,hybrid_random_buffer,final_memory_efficient,25,legacy_or_config_mismatch,supplementary_only,memory-efficient file uses full-complexity flags; not the final simplified AHR-MalCL-HR method,forgetting,5,0.2501721441995022,0.00597286932572532,0.00267114836660903,0.24275584739177344,0.2575884410072309,0.2519495907883075,0.2436725509570944,0.2567016611406789,"42,43,44,45,46"
ember,hybrid_random_buffer,final_memory_efficient,25,legacy_or_config_mismatch,supplementary_only,memory-efficient file uses full-complexity flags; not the final simplified AHR-MalCL-HR method,macro_f1,5,0.5139462059280508,0.015592314624288062,0.006973095085294439,0.49458579021040633,0.5333066216456954,0.5169465657693499,0.4896782022641048,0.5275237797107645,"42,43,44,45,46"
ember,hybrid_random_buffer,final_memory_efficient,25,legacy_or_config_mismatch,supplementary_only,memory-efficient file uses full-complexity flags; not the final simplified AHR-MalCL-HR method,weighted_f1,5,0.5866726336916724,0.027970205705007693,0.012508656260209925,0.5519430362454109,0.621402231137934,0.595281054836249,0.5396642051041759,0.610983127465945,"42,43,44,45,46"
ember,hybrid_random_buffer,final_memory_efficient,25,legacy_or_config_mismatch,supplementary_only,memory-efficient file uses full-complexity flags; not the final simplified AHR-MalCL-HR method,balanced_accuracy,5,0.6254004457288228,0.01540364674694199,0.0068887202455111575,0.6062742921220964,0.6445265993355492,0.6199082373223442,0.6116437395902189,0.6517752953821797,"42,43,44,45,46"
ember,hybrid_random_buffer,final_memory_efficient,25,legacy_or_config_mismatch,supplementary_only,memory-efficient file uses full-complexity flags; not the final simplified AHR-MalCL-HR method,old_class_accuracy,5,0.5790006330548267,0.0319383443823452,0.014283261825544478,0.5393439406730353,0.6186573254366182,0.5944236849669445,0.5253151100987092,0.6048991530071294,"42,43,44,45,46"
ember,hybrid_random_buffer,final_memory_efficient,25,legacy_or_config_mismatch,supplementary_only,memory-efficient file uses full-complexity flags; not the final simplified AHR-MalCL-HR method,new_class_accuracy,5,0.867884285482306,0.05741549955953522,0.025676991995445996,0.796593526740347,0.939175044224265,0.8640740740740741,0.8044295862933556,0.9501133786848072,"42,43,44,45,46"
ember,hybrid_random_buffer,final_memory_efficient,25,legacy_or_config_mismatch,supplementary_only,memory-efficient file uses full-complexity flags; not the final simplified AHR-MalCL-HR method,plasticity_stability_gap,5,0.28888365242747926,0.04910612000333005,0.021960924487741635,0.22791035112787064,0.3498569537270879,0.2985995807883037,0.210005901326411,0.3452142256776779,"42,43,44,45,46"
ember,hybrid_random_buffer,final_memory_efficient,25,legacy_or_config_mismatch,supplementary_only,memory-efficient file uses full-complexity flags; not the final simplified AHR-MalCL-HR method,mmd_real_generated,5,0.007911396026611301,0.0023663554702551496,0.0010582663380837992,0.004973177632242943,0.010849614420979658,0.0071108341217041,0.0056008100509643,0.0114530324935913,"42,43,44,45,46"
ember,hybrid_random_buffer,final_memory_efficient,25,legacy_or_config_mismatch,supplementary_only,memory-efficient file uses full-complexity flags; not the final simplified AHR-MalCL-HR method,wasserstein_real_generated,5,0.0640190295875072,0.006040306043319742,0.0027013069835531466,0.05651899903538445,0.07151906013962996,0.0601630918681621,0.0596444644033908,0.0733982473611831,"42,43,44,45,46"
ember,hybrid_random_buffer,final_memory_efficient,25,legacy_or_config_mismatch,supplementary_only,memory-efficient file uses full-complexity flags; not the final simplified AHR-MalCL-HR method,memory_MB,5,463.66902923583984,0.0,0.0,463.66902923583984,463.66902923583984,463.66902923583984,463.66902923583984,463.66902923583984,"42,43,44,45,46"
ember,hybrid_random_buffer,final_memory_efficient,25,legacy_or_config_mismatch,supplementary_only,memory-efficient file uses full-complexity flags; not the final simplified AHR-MalCL-HR method,gpu_peak_memory_MB,5,4796.26064453125,1091.3568836487436,488.0696359101839,3441.162092912751,6151.35919614975,4276.9140625,4276.9140625,6746.03515625,"42,43,44,45,46"
ember,hybrid_random_buffer,final_memory_efficient,25,legacy_or_config_mismatch,supplementary_only,memory-efficient file uses full-complexity flags; not the final simplified AHR-MalCL-HR method,elapsed_minutes,5,13.36003339926402,0.32954485143327844,0.1473769378879759,12.950849421445911,13.76921737708213,13.553023966153464,12.983105615774791,13.64518310626348,"42,43,44,45,46"
ember,hybrid_random_buffer,memory_budget,0,valid_memory_budget,memory_budget_table,older memory-budget result used only for memory-budget analysis,mean_acc_seen,1,0.4717018301125635,,,,,0.4717018301125635,0.4717018301125635,0.4717018301125635,42
ember,hybrid_random_buffer,memory_budget,0,valid_memory_budget,memory_budget_table,older memory-budget result used only for memory-budget analysis,min_acc_seen,1,0.2110135295513885,,,,,0.2110135295513885,0.2110135295513885,0.2110135295513885,42
ember,hybrid_random_buffer,memory_budget,0,valid_memory_budget,memory_budget_table,older memory-budget result used only for memory-budget analysis,final_taskwise_average_accuracy,1,0.4062110773169964,,,,,0.4062110773169964,0.4062110773169964,0.4062110773169964,42
ember,hybrid_random_buffer,memory_budget,0,valid_memory_budget,memory_budget_table,older memory-budget result used only for memory-budget analysis,forgetting,1,0.5883950574218784,,,,,0.5883950574218784,0.5883950574218784,0.5883950574218784,42
ember,hybrid_random_buffer,memory_budget,0,valid_memory_budget,memory_budget_table,older memory-budget result used only for memory-budget analysis,macro_f1,1,0.2279510396168722,,,,,0.2279510396168722,0.2279510396168722,0.2279510396168722,42
ember,hybrid_random_buffer,memory_budget,0,valid_memory_budget,memory_budget_table,older memory-budget result used only for memory-budget analysis,weighted_f1,1,0.2153346466516566,,,,,0.2153346466516566,0.2153346466516566,0.2153346466516566,42
ember,hybrid_random_buffer,memory_budget,0,valid_memory_budget,memory_budget_table,older memory-budget result used only for memory-budget analysis,balanced_accuracy,1,0.2773548930318658,,,,,0.2773548930318658,0.2773548930318658,0.2773548930318658,42
ember,hybrid_random_buffer,memory_budget,0,valid_memory_budget,memory_budget_table,older memory-budget result used only for memory-budget analysis,old_class_accuracy,1,0.1920725215222218,,,,,0.1920725215222218,0.1920725215222218,0.1920725215222218,42
ember,hybrid_random_buffer,memory_budget,0,valid_memory_budget,memory_budget_table,older memory-budget result used only for memory-budget analysis,new_class_accuracy,1,0.96028880866426,,,,,0.96028880866426,0.96028880866426,0.96028880866426,42
ember,hybrid_random_buffer,memory_budget,0,valid_memory_budget,memory_budget_table,older memory-budget result used only for memory-budget analysis,plasticity_stability_gap,1,0.768216287142038,,,,,0.768216287142038,0.768216287142038,0.768216287142038,42
ember,hybrid_random_buffer,memory_budget,0,valid_memory_budget,memory_budget_table,older memory-budget result used only for memory-budget analysis,mmd_real_generated,1,0.0737733840942382,,,,,0.0737733840942382,0.0737733840942382,0.0737733840942382,42
ember,hybrid_random_buffer,memory_budget,0,valid_memory_budget,memory_budget_table,older memory-budget result used only for memory-budget analysis,wasserstein_real_generated,1,0.2156757265329361,,,,,0.2156757265329361,0.2156757265329361,0.2156757265329361,42
ember,hybrid_random_buffer,memory_budget,0,valid_memory_budget,memory_budget_table,older memory-budget result used only for memory-budget analysis,memory_MB,1,418.216911315918,,,,,418.216911315918,418.216911315918,418.216911315918,42
ember,hybrid_random_buffer,memory_budget,0,valid_memory_budget,memory_budget_table,older memory-budget result used only for memory-budget analysis,gpu_peak_memory_MB,1,2797.2919921875,,,,,2797.2919921875,2797.2919921875,2797.2919921875,42
ember,hybrid_random_buffer,memory_budget,0,valid_memory_budget,memory_budget_table,older memory-budget result used only for memory-budget analysis,elapsed_minutes,1,57.14145979086558,,,,,57.14145979086558,57.14145979086558,57.14145979086558,42
ember,hybrid_random_buffer,memory_budget,10,valid_memory_budget,memory_budget_table,older memory-budget result used only for memory-budget analysis,mean_acc_seen,1,0.7286644123940026,,,,,0.7286644123940026,0.7286644123940026,0.7286644123940026,42
ember,hybrid_random_buffer,memory_budget,10,valid_memory_budget,memory_budget_table,older memory-budget result used only for memory-budget analysis,min_acc_seen,1,0.5237953952053169,,,,,0.5237953952053169,0.5237953952053169,0.5237953952053169,42
ember,hybrid_random_buffer,memory_budget,10,valid_memory_budget,memory_budget_table,older memory-budget result used only for memory-budget analysis,final_taskwise_average_accuracy,1,0.5924023508096722,,,,,0.5924023508096722,0.5924023508096722,0.5924023508096722,42
ember,hybrid_random_buffer,memory_budget,10,valid_memory_budget,memory_budget_table,older memory-budget result used only for memory-budget analysis,forgetting,1,0.3493835961474346,,,,,0.3493835961474346,0.3493835961474346,0.3493835961474346,42
ember,hybrid_random_buffer,memory_budget,10,valid_memory_budget,memory_budget_table,older memory-budget result used only for memory-budget analysis,macro_f1,1,0.4750250184380658,,,,,0.4750250184380658,0.4750250184380658,0.4750250184380658,42
ember,hybrid_random_buffer,memory_budget,10,valid_memory_budget,memory_budget_table,older memory-budget result used only for memory-budget analysis,weighted_f1,1,0.523293419343648,,,,,0.523293419343648,0.523293419343648,0.523293419343648,42
ember,hybrid_random_buffer,memory_budget,10,valid_memory_budget,memory_budget_table,older memory-budget result used only for memory-budget analysis,balanced_accuracy,1,0.5733712467760615,,,,,0.5733712467760615,0.5733712467760615,0.5733712467760615,42
ember,hybrid_random_buffer,memory_budget,10,valid_memory_budget,memory_budget_table,older memory-budget result used only for memory-budget analysis,old_class_accuracy,1,0.5133087944513735,,,,,0.5133087944513735,0.5133087944513735,0.5133087944513735,42
ember,hybrid_random_buffer,memory_budget,10,valid_memory_budget,memory_budget_table,older memory-budget result used only for memory-budget analysis,new_class_accuracy,1,0.9386281588447654,,,,,0.9386281588447654,0.9386281588447654,0.9386281588447654,42
ember,hybrid_random_buffer,memory_budget,10,valid_memory_budget,memory_budget_table,older memory-budget result used only for memory-budget analysis,plasticity_stability_gap,1,0.4253193643933919,,,,,0.4253193643933919,0.4253193643933919,0.4253193643933919,42
ember,hybrid_random_buffer,memory_budget,10,valid_memory_budget,memory_budget_table,older memory-budget result used only for memory-budget analysis,mmd_real_generated,1,0.0142686367034912,,,,,0.0142686367034912,0.0142686367034912,0.0142686367034912,42
ember,hybrid_random_buffer,memory_budget,10,valid_memory_budget,memory_budget_table,older memory-budget result used only for memory-budget analysis,wasserstein_real_generated,1,0.0914293825626373,,,,,0.0914293825626373,0.0914293825626373,0.0914293825626373,42
ember,hybrid_random_buffer,memory_budget,10,valid_memory_budget,memory_budget_table,older memory-budget result used only for memory-budget analysis,memory_MB,1,427.3073348999024,,,,,427.3073348999024,427.3073348999024,427.3073348999024,42
ember,hybrid_random_buffer,memory_budget,10,valid_memory_budget,memory_budget_table,older memory-budget result used only for memory-budget analysis,gpu_peak_memory_MB,1,2797.2919921875,,,,,2797.2919921875,2797.2919921875,2797.2919921875,42
ember,hybrid_random_buffer,memory_budget,10,valid_memory_budget,memory_budget_table,older memory-budget result used only for memory-budget analysis,elapsed_minutes,1,55.73090782960256,,,,,55.73090782960256,55.73090782960256,55.73090782960256,42
ember,hybrid_random_buffer,memory_budget,25,valid_memory_budget,memory_budget_table,older memory-budget result used only for memory-budget analysis,mean_acc_seen,1,0.769838548302572,,,,,0.769838548302572,0.769838548302572,0.769838548302572,42
ember,hybrid_random_buffer,memory_budget,25,valid_memory_budget,memory_budget_table,older memory-budget result used only for memory-budget analysis,min_acc_seen,1,0.6357702349869452,,,,,0.6357702349869452,0.6357702349869452,0.6357702349869452,42
ember,hybrid_random_buffer,memory_budget,25,valid_memory_budget,memory_budget_table,older memory-budget result used only for memory-budget analysis,final_taskwise_average_accuracy,1,0.6769231926211742,,,,,0.6769231926211742,0.6769231926211742,0.6769231926211742,42
ember,hybrid_random_buffer,memory_budget,25,valid_memory_budget,memory_budget_table,older memory-budget result used only for memory-budget analysis,forgetting,1,0.2330881845550917,,,,,0.2330881845550917,0.2330881845550917,0.2330881845550917,42
ember,hybrid_random_buffer,memory_budget,25,valid_memory_budget,memory_budget_table,older memory-budget result used only for memory-budget analysis,macro_f1,1,0.5499592916408994,,,,,0.5499592916408994,0.5499592916408994,0.5499592916408994,42
ember,hybrid_random_buffer,memory_budget,25,valid_memory_budget,memory_budget_table,older memory-budget result used only for memory-budget analysis,weighted_f1,1,0.6272119926645943,,,,,0.6272119926645943,0.6272119926645943,0.6272119926645943,42
ember,hybrid_random_buffer,memory_budget,25,valid_memory_budget,memory_budget_table,older memory-budget result used only for memory-budget analysis,balanced_accuracy,1,0.6571561965173492,,,,,0.6571561965173492,0.6571561965173492,0.6571561965173492,42
ember,hybrid_random_buffer,memory_budget,25,valid_memory_budget,memory_budget_table,older memory-budget result used only for memory-budget analysis,old_class_accuracy,1,0.6296048428801753,,,,,0.6296048428801753,0.6296048428801753,0.6296048428801753,42
ember,hybrid_random_buffer,memory_budget,25,valid_memory_budget,memory_budget_table,older memory-budget result used only for memory-budget analysis,new_class_accuracy,1,0.8796630565583634,,,,,0.8796630565583634,0.8796630565583634,0.8796630565583634,42
ember,hybrid_random_buffer,memory_budget,25,valid_memory_budget,memory_budget_table,older memory-budget result used only for memory-budget analysis,plasticity_stability_gap,1,0.2500582136781881,,,,,0.2500582136781881,0.2500582136781881,0.2500582136781881,42
ember,hybrid_random_buffer,memory_budget,25,valid_memory_budget,memory_budget_table,older memory-budget result used only for memory-budget analysis,mmd_real_generated,1,0.0039253234863281,,,,,0.0039253234863281,0.0039253234863281,0.0039253234863281,42
ember,hybrid_random_buffer,memory_budget,25,valid_memory_budget,memory_budget_table,older memory-budget result used only for memory-budget analysis,wasserstein_real_generated,1,0.0508394911885261,,,,,0.0508394911885261,0.0508394911885261,0.0508394911885261,42
ember,hybrid_random_buffer,memory_budget,25,valid_memory_budget,memory_budget_table,older memory-budget result used only for memory-budget analysis,memory_MB,1,440.9429702758789,,,,,440.9429702758789,440.9429702758789,440.9429702758789,42
ember,hybrid_random_buffer,memory_budget,25,valid_memory_budget,memory_budget_table,older memory-budget result used only for memory-budget analysis,gpu_peak_memory_MB,1,2797.2919921875,,,,,2797.2919921875,2797.2919921875,2797.2919921875,42
ember,hybrid_random_buffer,memory_budget,25,valid_memory_budget,memory_budget_table,older memory-budget result used only for memory-budget analysis,elapsed_minutes,1,57.21630307038625,,,,,57.21630307038625,57.21630307038625,57.21630307038625,42
ember,hybrid_random_buffer,memory_budget,50,valid_memory_budget,memory_budget_table,older memory-budget result used only for memory-budget analysis,mean_acc_seen,1,0.7895689921350122,,,,,0.7895689921350122,0.7895689921350122,0.7895689921350122,42
ember,hybrid_random_buffer,memory_budget,50,valid_memory_budget,memory_budget_table,older memory-budget result used only for memory-budget analysis,min_acc_seen,1,0.6618502254925231,,,,,0.6618502254925231,0.6618502254925231,0.6618502254925231,42
ember,hybrid_random_buffer,memory_budget,50,valid_memory_budget,memory_budget_table,older memory-budget result used only for memory-budget analysis,final_taskwise_average_accuracy,1,0.6855361043447282,,,,,0.6855361043447282,0.6855361043447282,0.6855361043447282,42
ember,hybrid_random_buffer,memory_budget,50,valid_memory_budget,memory_budget_table,older memory-budget result used only for memory-budget analysis,forgetting,1,0.2004958796236236,,,,,0.2004958796236236,0.2004958796236236,0.2004958796236236,42
ember,hybrid_random_buffer,memory_budget,50,valid_memory_budget,memory_budget_table,older memory-budget result used only for memory-budget analysis,macro_f1,1,0.5871748595936052,,,,,0.5871748595936052,0.5871748595936052,0.5871748595936052,42
ember,hybrid_random_buffer,memory_budget,50,valid_memory_budget,memory_budget_table,older memory-budget result used only for memory-budget analysis,weighted_f1,1,0.6578496959280429,,,,,0.6578496959280429,0.6578496959280429,0.6578496959280429,42
ember,hybrid_random_buffer,memory_budget,50,valid_memory_budget,memory_budget_table,older memory-budget result used only for memory-budget analysis,balanced_accuracy,1,0.6972166235624315,,,,,0.6972166235624315,0.6972166235624315,0.6972166235624315,42
ember,hybrid_random_buffer,memory_budget,50,valid_memory_budget,memory_budget_table,older memory-budget result used only for memory-budget analysis,old_class_accuracy,1,0.6571350348310163,,,,,0.6571350348310163,0.6571350348310163,0.6571350348310163,42
ember,hybrid_random_buffer,memory_budget,50,valid_memory_budget,memory_budget_table,older memory-budget result used only for memory-budget analysis,new_class_accuracy,1,0.8483754512635379,,,,,0.8483754512635379,0.8483754512635379,0.8483754512635379,42
ember,hybrid_random_buffer,memory_budget,50,valid_memory_budget,memory_budget_table,older memory-budget result used only for memory-budget analysis,plasticity_stability_gap,1,0.1912404164325215,,,,,0.1912404164325215,0.1912404164325215,0.1912404164325215,42
ember,hybrid_random_buffer,memory_budget,50,valid_memory_budget,memory_budget_table,older memory-budget result used only for memory-budget analysis,mmd_real_generated,1,0.0026475191116333,,,,,0.0026475191116333,0.0026475191116333,0.0026475191116333,42
ember,hybrid_random_buffer,memory_budget,50,valid_memory_budget,memory_budget_table,older memory-budget result used only for memory-budget analysis,wasserstein_real_generated,1,0.0493467263877391,,,,,0.0493467263877391,0.0493467263877391,0.0493467263877391,42
ember,hybrid_random_buffer,memory_budget,50,valid_memory_budget,memory_budget_table,older memory-budget result used only for memory-budget analysis,memory_MB,1,463.66902923583984,,,,,463.66902923583984,463.66902923583984,463.66902923583984,42
ember,hybrid_random_buffer,memory_budget,50,valid_memory_budget,memory_budget_table,older memory-budget result used only for memory-budget analysis,gpu_peak_memory_MB,1,2797.2919921875,,,,,2797.2919921875,2797.2919921875,2797.2919921875,42
ember,hybrid_random_buffer,memory_budget,50,valid_memory_budget,memory_budget_table,older memory-budget result used only for memory-budget analysis,elapsed_minutes,1,59.63257629474004,,,,,59.63257629474004,59.63257629474004,59.63257629474004,42
ember,hybrid_random_buffer,memory_budget,100,valid_memory_budget,memory_budget_table,older memory-budget result used only for memory-budget analysis,mean_acc_seen,1,0.8117895454219504,,,,,0.8117895454219504,0.8117895454219504,0.8117895454219504,42
ember,hybrid_random_buffer,memory_budget,100,valid_memory_budget,memory_budget_table,older memory-budget result used only for memory-budget analysis,min_acc_seen,1,0.7146629480180394,,,,,0.7146629480180394,0.7146629480180394,0.7146629480180394,42
ember,hybrid_random_buffer,memory_budget,100,valid_memory_budget,memory_budget_table,older memory-budget result used only for memory-budget analysis,final_taskwise_average_accuracy,1,0.724358590365041,,,,,0.724358590365041,0.724358590365041,0.724358590365041,42
ember,hybrid_random_buffer,memory_budget,100,valid_memory_budget,memory_budget_table,older memory-budget result used only for memory-budget analysis,forgetting,1,0.1435128150957095,,,,,0.1435128150957095,0.1435128150957095,0.1435128150957095,42
ember,hybrid_random_buffer,memory_budget,100,valid_memory_budget,memory_budget_table,older memory-budget result used only for memory-budget analysis,macro_f1,1,0.6266638267517698,,,,,0.6266638267517698,0.6266638267517698,0.6266638267517698,42
ember,hybrid_random_buffer,memory_budget,100,valid_memory_budget,memory_budget_table,older memory-budget result used only for memory-budget analysis,weighted_f1,1,0.7122034697673852,,,,,0.7122034697673852,0.7122034697673852,0.7122034697673852,42
ember,hybrid_random_buffer,memory_budget,100,valid_memory_budget,memory_budget_table,older memory-budget result used only for memory-budget analysis,balanced_accuracy,1,0.7347282029241672,,,,,0.7347282029241672,0.7347282029241672,0.7347282029241672,42
ember,hybrid_random_buffer,memory_budget,100,valid_memory_budget,memory_budget_table,older memory-budget result used only for memory-budget analysis,old_class_accuracy,1,0.7108265141605573,,,,,0.7108265141605573,0.7108265141605573,0.7108265141605573,42
ember,hybrid_random_buffer,memory_budget,100,valid_memory_budget,memory_budget_table,older memory-budget result used only for memory-budget analysis,new_class_accuracy,1,0.8664259927797834,,,,,0.8664259927797834,0.8664259927797834,0.8664259927797834,42
ember,hybrid_random_buffer,memory_budget,100,valid_memory_budget,memory_budget_table,older memory-budget result used only for memory-budget analysis,plasticity_stability_gap,1,0.155599478619226,,,,,0.155599478619226,0.155599478619226,0.155599478619226,42
ember,hybrid_random_buffer,memory_budget,100,valid_memory_budget,memory_budget_table,older memory-budget result used only for memory-budget analysis,mmd_real_generated,1,0.0023353099822998,,,,,0.0023353099822998,0.0023353099822998,0.0023353099822998,42
ember,hybrid_random_buffer,memory_budget,100,valid_memory_budget,memory_budget_table,older memory-budget result used only for memory-budget analysis,wasserstein_real_generated,1,0.0430232658982276,,,,,0.0430232658982276,0.0430232658982276,0.0430232658982276,42
ember,hybrid_random_buffer,memory_budget,100,valid_memory_budget,memory_budget_table,older memory-budget result used only for memory-budget analysis,memory_MB,1,509.1211471557617,,,,,509.1211471557617,509.1211471557617,509.1211471557617,42
ember,hybrid_random_buffer,memory_budget,100,valid_memory_budget,memory_budget_table,older memory-budget result used only for memory-budget analysis,gpu_peak_memory_MB,1,2797.2919921875,,,,,2797.2919921875,2797.2919921875,2797.2919921875,42
ember,hybrid_random_buffer,memory_budget,100,valid_memory_budget,memory_budget_table,older memory-budget result used only for memory-budget analysis,elapsed_minutes,1,73.57746444543203,,,,,73.57746444543203,73.57746444543203,73.57746444543203,42
ember,malcl_like,ablation,25,valid_ablation,ablation_table,controlled ablation result under final ablation folders,mean_acc_seen,5,0.3984198502762747,0.015228294602176208,0.0068103003823718235,0.37951142511471175,0.4173282754378376,0.3911846251356493,0.3812599352525454,0.4146028292094499,"42,43,44,45,46"
ember,malcl_like,ablation,25,valid_ablation,ablation_table,controlled ablation result under final ablation folders,min_acc_seen,5,0.19612205936745863,0.04987428800975995,0.02230445966384519,0.13419495150969404,0.25804916722522325,0.2257595537621647,0.1135770234986945,0.2308773274568043,"42,43,44,45,46"
ember,malcl_like,ablation,25,valid_ablation,ablation_table,controlled ablation result under final ablation folders,final_taskwise_average_accuracy,5,0.2185216109468519,0.05479069795340106,0.024503145031692673,0.15048997386165713,0.2865532480320467,0.2337302793247343,0.1244557913844343,0.2670779634222801,"42,43,44,45,46"
ember,malcl_like,ablation,25,valid_ablation,ablation_table,controlled ablation result under final ablation folders,forgetting,5,0.807487140399382,0.06324674024343097,0.028284802107916646,0.7289559400353686,0.8860183407633954,0.7893529854394116,0.7422528645700633,0.9124276850959684,"42,43,44,45,46"
ember,malcl_like,ablation,25,valid_ablation,ablation_table,controlled ablation result under final ablation folders,macro_f1,5,0.0747682385419135,0.02184810282525088,0.009770768619333235,0.04764023583474554,0.10189624124908146,0.0735989578031083,0.04259206616908,0.096846078286994,"42,43,44,45,46"
ember,malcl_like,ablation,25,valid_ablation,ablation_table,controlled ablation result under final ablation folders,weighted_f1,5,0.18463301147507177,0.06739818303136612,0.030141383763621493,0.10094711406067663,0.2683189088894669,0.2032092907442396,0.0710047545996659,0.2396548391093577,"42,43,44,45,46"
ember,malcl_like,ablation,25,valid_ablation,ablation_table,controlled ablation result under final ablation folders,balanced_accuracy,5,0.11723816742890822,0.021868498020548372,0.00977988962795315,0.09008484074200303,0.14439149411581342,0.1301127147324461,0.0816362801353951,0.1335704222509462,"42,43,44,45,46"
ember,malcl_like,ablation,25,valid_ablation,ablation_table,controlled ablation result under final ablation folders,old_class_accuracy,5,0.16132737461186963,0.06760443711833512,0.030233623395441465,0.07738537892320269,0.24526937030053658,0.1830985915492957,0.0442523545348987,0.206735010494935,"42,43,44,45,46"
ember,malcl_like,ablation,25,valid_ablation,ablation_table,controlled ablation result under final ablation folders,new_class_accuracy,5,0.9510704977686067,0.028004527542486616,0.01252400545255304,0.9162982841323953,0.9858427114048182,0.958629335562056,0.9096296296296296,0.9783393501805054,"42,43,44,45,46"
ember,malcl_like,ablation,25,valid_ablation,ablation_table,controlled ablation result under final ablation folders,plasticity_stability_gap,5,0.7897431231567371,0.04243312368867662,0.018976669813107507,0.73705544114118,0.8424308051722942,0.7716043396855704,0.7654521723787112,0.865377275094731,"42,43,44,45,46"
ember,malcl_like,ablation,25,valid_ablation,ablation_table,controlled ablation result under final ablation folders,mmd_real_generated,5,0.07439270019531244,0.01175832000103715,0.005258480564702893,0.05979281757066536,0.08899258281995952,0.0755637884140014,0.0594247579574584,0.0886707305908203,"42,43,44,45,46"
ember,malcl_like,ablation,25,valid_ablation,ablation_table,controlled ablation result under final ablation folders,wasserstein_real_generated,5,0.2731465309858322,0.02944830880092076,0.013169684060252828,0.23658162613974182,0.30971143583192257,0.268112301826477,0.2448080778121948,0.3164689838886261,"42,43,44,45,46"
ember,malcl_like,ablation,25,valid_ablation,ablation_table,controlled ablation result under final ablation folders,memory_MB,5,440.9322280883789,0.0,0.0,440.9322280883789,440.9322280883789,440.9322280883789,440.9322280883789,440.9322280883789,"42,43,44,45,46"
ember,malcl_like,ablation,25,valid_ablation,ablation_table,controlled ablation result under final ablation folders,gpu_peak_memory_MB,5,2592.451171875,0.0,0.0,2592.451171875,2592.451171875,2592.451171875,2592.451171875,2592.451171875,"42,43,44,45,46"
ember,malcl_like,ablation,25,valid_ablation,ablation_table,controlled ablation result under final ablation folders,elapsed_minutes,5,4.855417369206746,0.1345539105434713,0.0601743381227255,4.688346622667388,5.022488115746104,4.884855115413666,4.666048034032186,5.030485626061758,"42,43,44,45,46"
ember,plus_kd,ablation,25,valid_ablation,ablation_table,controlled ablation result under final ablation folders,mean_acc_seen,5,0.7387449006386222,0.018955468474297358,0.008477143210776623,0.7152085778650007,0.7622812234122437,0.7318078161130963,0.718252369987786,0.7663580712217262,"42,43,44,45,46"
ember,plus_kd,ablation,25,valid_ablation,ablation_table,controlled ablation result under final ablation folders,min_acc_seen,5,0.5972881557085212,0.031346768232591374,0.014018700928601049,0.5583660021340751,0.6362103092829674,0.6102243057203893,0.5454545454545454,0.621024210776169,"42,43,44,45,46"
ember,plus_kd,ablation,25,valid_ablation,ablation_table,controlled ablation result under final ablation folders,final_taskwise_average_accuracy,5,0.6715352292715236,0.017761158748317463,0.007943031664080585,0.649481837887356,0.6935886206556913,0.6609649230373941,0.6564630799213703,0.6965630574321341,"42,43,44,45,46"
ember,plus_kd,ablation,25,valid_ablation,ablation_table,controlled ablation result under final ablation folders,forgetting,5,0.2499981636825796,0.012230271774619899,0.005469543814269416,0.2348122755317864,0.2651840518333728,0.2507824620678301,0.234417557364535,0.2666799134486407,"42,43,44,45,46"
ember,plus_kd,ablation,25,valid_ablation,ablation_table,controlled ablation result under final ablation folders,macro_f1,5,0.5185754908134772,0.012489049136762694,0.00558527256882729,0.5030682881285612,0.5340826934983932,0.5231237317076101,0.5034242173148727,0.5316789437282893,"42,43,44,45,46"
ember,plus_kd,ablation,25,valid_ablation,ablation_table,controlled ablation result under final ablation folders,weighted_f1,5,0.5924038137732497,0.02648827912231452,0.011845918544896746,0.5595142712126994,0.6252933563338,0.6077838497080827,0.5557852107267514,0.6170570862708232,"42,43,44,45,46"
ember,plus_kd,ablation,25,valid_ablation,ablation_table,controlled ablation result under final ablation folders,balanced_accuracy,5,0.6313624496326167,0.007728456257382448,0.003456270710528153,0.6217663037361323,0.6409585955291011,0.6339371319584847,0.620546606491403,0.6387273993610223,"42,43,44,45,46"
ember,plus_kd,ablation,25,valid_ablation,ablation_table,controlled ablation result under final ablation folders,old_class_accuracy,5,0.5849949412754741,0.031097993086963704,0.013907445301253873,0.5463816828430018,0.6236081997079465,0.6028655735710158,0.5391343963553531,0.6123331911522759,"42,43,44,45,46"
ember,plus_kd,ablation,25,valid_ablation,ablation_table,controlled ablation result under final ablation folders,new_class_accuracy,5,0.8682005766886467,0.056673415253985254,0.025345121804996908,0.7978312373125211,0.9385699160647722,0.8677777777777778,0.8125802310654685,0.9444444444444444,"42,43,44,45,46"
ember,plus_kd,ablation,25,valid_ablation,ablation_table,controlled ablation result under final ablation folders,plasticity_stability_gap,5,0.28320563541317256,0.0454794708113125,0.02033903766296245,0.2267354138494069,0.33967585697693825,0.2984581328068422,0.2108717415030849,0.3321112532921685,"42,43,44,45,46"
ember,plus_kd,ablation,25,valid_ablation,ablation_table,controlled ablation result under final ablation folders,mmd_real_generated,5,0.00873181819915764,0.0040234019326280115,0.0017993200444320525,0.003736104869109992,0.013727531529205288,0.0073785781860351,0.0046203136444091,0.0143268108367919,"42,43,44,45,46"
ember,plus_kd,ablation,25,valid_ablation,ablation_table,controlled ablation result under final ablation folders,wasserstein_real_generated,5,0.06835490614175792,0.013813928262387948,0.006177776526201001,0.051202648744581324,0.0855071635389345,0.0644840076565742,0.0516980774700641,0.0843193307518959,"42,43,44,45,46"
ember,plus_kd,ablation,25,valid_ablation,ablation_table,controlled ablation result under final ablation folders,memory_MB,5,463.66902923583984,0.0,0.0,463.66902923583984,463.66902923583984,463.66902923583984,463.66902923583984,463.66902923583984,"42,43,44,45,46"
ember,plus_kd,ablation,25,valid_ablation,ablation_table,controlled ablation result under final ablation folders,gpu_peak_memory_MB,5,2879.6201171875,0.0,0.0,2879.6201171875,2879.6201171875,2879.6201171875,2879.6201171875,2879.6201171875,"42,43,44,45,46"
ember,plus_kd,ablation,25,valid_ablation,ablation_table,controlled ablation result under final ablation folders,elapsed_minutes,5,12.900226403872171,0.037188094507412686,0.016631021454452263,12.854051285760518,12.946401521983825,12.879996514320371,12.86724497874578,12.943848470846811,"42,43,44,45,46"
ember,real_buffer_only,ablation,25,valid_ablation,ablation_table,controlled ablation result under final ablation folders,mean_acc_seen,5,0.7085969019845854,0.011970300704586023,0.005353281217313595,0.6937338105520278,0.723459993417143,0.7090276970562687,0.6914951190471837,0.7235146542099908,"42,43,44,45,46"
ember,real_buffer_only,ablation,25,valid_ablation,ablation_table,controlled ablation result under final ablation folders,min_acc_seen,5,0.5541834797056728,0.017945160613546503,0.008025319799808363,0.531901619829848,0.5764653395814977,0.5616247329693805,0.5261690007120816,0.5707334441015903,"42,43,44,45,46"
ember,real_buffer_only,ablation,25,valid_ablation,ablation_table,controlled ablation result under final ablation folders,final_taskwise_average_accuracy,5,0.5937646114215213,0.036771330839167476,0.016444639075902573,0.5481069737524872,0.6394222490905553,0.5904992110893482,0.5396786173738076,0.6290120097811445,"42,43,44,45,46"
ember,real_buffer_only,ablation,25,valid_ablation,ablation_table,controlled ablation result under final ablation folders,forgetting,5,0.29378222419393624,0.03350918700791373,0.014985764004089575,0.25217507307713244,0.33538937531074003,0.2850274443087052,0.2566597631451348,0.3429141388142022,"42,43,44,45,46"
ember,real_buffer_only,ablation,25,valid_ablation,ablation_table,controlled ablation result under final ablation folders,macro_f1,5,0.4746924520552017,0.012264812674125413,0.00548499097412908,0.45946367571302693,0.4899212283973765,0.4806829962038286,0.4597678465022086,0.4879435297572177,"42,43,44,45,46"
ember,real_buffer_only,ablation,25,valid_ablation,ablation_table,controlled ablation result under final ablation folders,weighted_f1,5,0.5449628780983167,0.014020550021810954,0.00627018058614109,0.527554065901219,0.5623716902954143,0.5483267327785194,0.5256862627296124,0.5633280605288441,"42,43,44,45,46"
ember,real_buffer_only,ablation,25,valid_ablation,ablation_table,controlled ablation result under final ablation folders,balanced_accuracy,5,0.5865184265959572,0.019059187412907103,0.008523527730233727,0.5628533197503321,0.6101835334415823,0.5906804773280063,0.5535992383667692,0.6023085756297863,"42,43,44,45,46"
ember,real_buffer_only,ablation,25,valid_ablation,ablation_table,controlled ablation result under final ablation folders,old_class_accuracy,5,0.5421988656184155,0.0133555874185402,0.005972800269459364,0.5256157135459509,0.55878201769088,0.5435427686750097,0.5210022779043281,0.5541183609594073,"42,43,44,45,46"
ember,real_buffer_only,ablation,25,valid_ablation,ablation_table,controlled ablation result under final ablation folders,new_class_accuracy,5,0.8167844990538271,0.05514666108719133,0.024662336584620453,0.7483108753607172,0.885258122746937,0.8151851851851852,0.7445442875481386,0.8888888888888888,"42,43,44,45,46"
ember,real_buffer_only,ablation,25,valid_ablation,ablation_table,controlled ablation result under final ablation folders,plasticity_stability_gap,5,0.27458563343541165,0.04778542168266518,0.021370290243186346,0.21525219569306075,0.33391907117776254,0.2716424165101755,0.2235420096438105,0.3360584702672327,"42,43,44,45,46"
ember,real_buffer_only,ablation,25,valid_ablation,ablation_table,controlled ablation result under final ablation folders,mmd_real_generated,0,,,,,,,,,
ember,real_buffer_only,ablation,25,valid_ablation,ablation_table,controlled ablation result under final ablation folders,wasserstein_real_generated,0,,,,,,,,,
ember,real_buffer_only,ablation,25,valid_ablation,ablation_table,controlled ablation result under final ablation folders,memory_MB,5,372.7647933959961,0.0,0.0,372.7647933959961,372.7647933959961,372.7647933959961,372.7647933959961,372.7647933959961,"42,43,44,45,46"
ember,real_buffer_only,ablation,25,valid_ablation,ablation_table,controlled ablation result under final ablation folders,gpu_peak_memory_MB,5,435.85166015625,0.013907018061654607,0.006219407550035412,435.83439231260047,435.8689279998995,435.84912109375,435.83642578125,435.87451171875,"42,43,44,45,46"
ember,real_buffer_only,ablation,25,valid_ablation,ablation_table,controlled ablation result under final ablation folders,elapsed_minutes,5,1.7716848198572799,0.09124052886886182,0.0408040049707614,1.6583947399837429,1.8849748997308169,1.782626779874166,1.672665774822235,1.8970765391985576,"42,43,44,45,46"
ember,replay_drift_k0_no_anchor,replay_drift,0,valid_replay_drift,replay_drift_table,replay-drift result used only for replay-drift analysis,mean_acc_seen,1,0.4534795904198438,,,,,0.4534795904198438,0.4534795904198438,0.4534795904198438,42
ember,replay_drift_k0_no_anchor,replay_drift,0,valid_replay_drift,replay_drift_table,replay-drift result used only for replay-drift analysis,min_acc_seen,1,0.2190837882743888,,,,,0.2190837882743888,0.2190837882743888,0.2190837882743888,42
ember,replay_drift_k0_no_anchor,replay_drift,0,valid_replay_drift,replay_drift_table,replay-drift result used only for replay-drift analysis,final_taskwise_average_accuracy,1,0.4444599835909333,,,,,0.4444599835909333,0.4444599835909333,0.4444599835909333,42
ember,replay_drift_k0_no_anchor,replay_drift,0,valid_replay_drift,replay_drift_table,replay-drift result used only for replay-drift analysis,forgetting,1,0.5452073788799454,,,,,0.5452073788799454,0.5452073788799454,0.5452073788799454,42
ember,replay_drift_k0_no_anchor,replay_drift,0,valid_replay_drift,replay_drift_table,replay-drift result used only for replay-drift analysis,macro_f1,1,0.2535719429585274,,,,,0.2535719429585274,0.2535719429585274,0.2535719429585274,42
ember,replay_drift_k0_no_anchor,replay_drift,0,valid_replay_drift,replay_drift_table,replay-drift result used only for replay-drift analysis,weighted_f1,1,0.2252392912178229,,,,,0.2252392912178229,0.2252392912178229,0.2252392912178229,42
ember,replay_drift_k0_no_anchor,replay_drift,0,valid_replay_drift,replay_drift_table,replay-drift result used only for replay-drift analysis,balanced_accuracy,1,0.2983363041008694,,,,,0.2983363041008694,0.2983363041008694,0.2983363041008694,42
ember,replay_drift_k0_no_anchor,replay_drift,0,valid_replay_drift,replay_drift_table,replay-drift result used only for replay-drift analysis,old_class_accuracy,1,0.2001642685486569,,,,,0.2001642685486569,0.2001642685486569,0.2001642685486569,42
ember,replay_drift_k0_no_anchor,replay_drift,0,valid_replay_drift,replay_drift_table,replay-drift result used only for replay-drift analysis,new_class_accuracy,1,0.967509025270758,,,,,0.967509025270758,0.967509025270758,0.967509025270758,42
ember,replay_drift_k0_no_anchor,replay_drift,0,valid_replay_drift,replay_drift_table,replay-drift result used only for replay-drift analysis,plasticity_stability_gap,1,0.7673447567221011,,,,,0.7673447567221011,0.7673447567221011,0.7673447567221011,42
ember,replay_drift_k0_no_anchor,replay_drift,0,valid_replay_drift,replay_drift_table,replay-drift result used only for replay-drift analysis,mmd_real_generated,1,0.0619820356369018,,,,,0.0619820356369018,0.0619820356369018,0.0619820356369018,42
ember,replay_drift_k0_no_anchor,replay_drift,0,valid_replay_drift,replay_drift_table,replay-drift result used only for replay-drift analysis,wasserstein_real_generated,1,0.2068850398063659,,,,,0.2068850398063659,0.2068850398063659,0.2068850398063659,42
ember,replay_drift_k0_no_anchor,replay_drift,0,valid_replay_drift,replay_drift_table,replay-drift result used only for replay-drift analysis,memory_MB,1,418.216911315918,,,,,418.216911315918,418.216911315918,418.216911315918,42
ember,replay_drift_k0_no_anchor,replay_drift,0,valid_replay_drift,replay_drift_table,replay-drift result used only for replay-drift analysis,gpu_peak_memory_MB,1,2797.2919921875,,,,,2797.2919921875,2797.2919921875,2797.2919921875,42
ember,replay_drift_k0_no_anchor,replay_drift,0,valid_replay_drift,replay_drift_table,replay-drift result used only for replay-drift analysis,elapsed_minutes,1,57.40295110146205,,,,,57.40295110146205,57.40295110146205,57.40295110146205,42
ember,replay_drift_k25_anchor,replay_drift,25,valid_replay_drift,replay_drift_table,replay-drift result used only for replay-drift analysis,mean_acc_seen,1,0.7678809302878515,,,,,0.7678809302878515,0.7678809302878515,0.7678809302878515,42
ember,replay_drift_k25_anchor,replay_drift,25,valid_replay_drift,replay_drift_table,replay-drift result used only for replay-drift analysis,min_acc_seen,1,0.6251780204130074,,,,,0.6251780204130074,0.6251780204130074,0.6251780204130074,42
ember,replay_drift_k25_anchor,replay_drift,25,valid_replay_drift,replay_drift_table,replay-drift result used only for replay-drift analysis,final_taskwise_average_accuracy,1,0.6733258872535863,,,,,0.6733258872535863,0.6733258872535863,0.6733258872535863,42
ember,replay_drift_k25_anchor,replay_drift,25,valid_replay_drift,replay_drift_table,replay-drift result used only for replay-drift analysis,forgetting,1,0.2354564947913147,,,,,0.2354564947913147,0.2354564947913147,0.2354564947913147,42
ember,replay_drift_k25_anchor,replay_drift,25,valid_replay_drift,replay_drift_table,replay-drift result used only for replay-drift analysis,macro_f1,1,0.5374219450884945,,,,,0.5374219450884945,0.5374219450884945,0.5374219450884945,42
ember,replay_drift_k25_anchor,replay_drift,25,valid_replay_drift,replay_drift_table,replay-drift result used only for replay-drift analysis,weighted_f1,1,0.6228222934487795,,,,,0.6228222934487795,0.6228222934487795,0.6228222934487795,42
ember,replay_drift_k25_anchor,replay_drift,25,valid_replay_drift,replay_drift_table,replay-drift result used only for replay-drift analysis,balanced_accuracy,1,0.6539294966421165,,,,,0.6539294966421165,0.6539294966421165,0.6539294966421165,42
ember,replay_drift_k25_anchor,replay_drift,25,valid_replay_drift,replay_drift_table,replay-drift result used only for replay-drift analysis,old_class_accuracy,1,0.6185319258966325,,,,,0.6185319258966325,0.6185319258966325,0.6185319258966325,42
ember,replay_drift_k25_anchor,replay_drift,25,valid_replay_drift,replay_drift_table,replay-drift result used only for replay-drift analysis,new_class_accuracy,1,0.8880866425992779,,,,,0.8880866425992779,0.8880866425992779,0.8880866425992779,42
ember,replay_drift_k25_anchor,replay_drift,25,valid_replay_drift,replay_drift_table,replay-drift result used only for replay-drift analysis,plasticity_stability_gap,1,0.2695547167026454,,,,,0.2695547167026454,0.2695547167026454,0.2695547167026454,42
ember,replay_drift_k25_anchor,replay_drift,25,valid_replay_drift,replay_drift_table,replay-drift result used only for replay-drift analysis,mmd_real_generated,1,0.0064382553100585,,,,,0.0064382553100585,0.0064382553100585,0.0064382553100585,42
ember,replay_drift_k25_anchor,replay_drift,25,valid_replay_drift,replay_drift_table,replay-drift result used only for replay-drift analysis,wasserstein_real_generated,1,0.0653297901153564,,,,,0.0653297901153564,0.0653297901153564,0.0653297901153564,42
ember,replay_drift_k25_anchor,replay_drift,25,valid_replay_drift,replay_drift_table,replay-drift result used only for replay-drift analysis,memory_MB,1,440.9429702758789,,,,,440.9429702758789,440.9429702758789,440.9429702758789,42
ember,replay_drift_k25_anchor,replay_drift,25,valid_replay_drift,replay_drift_table,replay-drift result used only for replay-drift analysis,gpu_peak_memory_MB,1,2797.2919921875,,,,,2797.2919921875,2797.2919921875,2797.2919921875,42
ember,replay_drift_k25_anchor,replay_drift,25,valid_replay_drift,replay_drift_table,replay-drift result used only for replay-drift analysis,elapsed_minutes,1,56.36373296578725,,,,,56.36373296578725,56.36373296578725,56.36373296578725,42
ember,wgan_projection_generated_only,ablation,25,valid_ablation,ablation_table,controlled ablation result under final ablation folders,mean_acc_seen,5,0.472794215530649,0.04820691404214518,0.021558787356745157,0.4129374259000138,0.5326510051612842,0.467230222946738,0.3999951530343233,0.5273236596558927,"42,43,44,45,46"
ember,wgan_projection_generated_only,ablation,25,valid_ablation,ablation_table,controlled ablation result under final ablation folders,min_acc_seen,5,0.1985513305520435,0.02836792498421966,0.012686521729065961,0.16332789939539286,0.23377476170869413,0.2048122822861566,0.1596746077861708,0.2244897959183673,"42,43,44,45,46"
ember,wgan_projection_generated_only,ablation,25,valid_ablation,ablation_table,controlled ablation result under final ablation folders,final_taskwise_average_accuracy,5,0.4204770222965541,0.04852073814111077,0.02169913376039809,0.36023056858046465,0.48072347601264354,0.4349957006201235,0.3519383854595315,0.480840028072139,"42,43,44,45,46"
ember,wgan_projection_generated_only,ablation,25,valid_ablation,ablation_table,controlled ablation result under final ablation folders,forgetting,5,0.5839582446860441,0.04493813217694378,0.020096943665903377,0.5281601838154109,0.6397563055566773,0.5815437921035144,0.5234832265355646,0.6491000147550066,"42,43,44,45,46"
ember,wgan_projection_generated_only,ablation,25,valid_ablation,ablation_table,controlled ablation result under final ablation folders,macro_f1,5,0.2521061515874575,0.03384201570731056,0.015134609523432407,0.2100857390570437,0.29412656411787136,0.2646143254334452,0.2046292734371914,0.2914020790343555,"42,43,44,45,46"
ember,wgan_projection_generated_only,ablation,25,valid_ablation,ablation_table,controlled ablation result under final ablation folders,weighted_f1,5,0.23470888187331224,0.03969229985576469,0.017750936132158987,0.18542438213650075,0.2839933816101237,0.2314690339032296,0.1848413405019681,0.2887032452379921,"42,43,44,45,46"
ember,wgan_projection_generated_only,ablation,25,valid_ablation,ablation_table,controlled ablation result under final ablation folders,balanced_accuracy,5,0.29176968850515206,0.027938453448934027,0.012494456219605985,0.25707951669211887,0.32645986031818525,0.3048501141878004,0.2500247233524224,0.3160052034616714,"42,43,44,45,46"
ember,wgan_projection_generated_only,ablation,25,valid_ablation,ablation_table,controlled ablation result under final ablation folders,old_class_accuracy,5,0.20454507997331134,0.03443378266620059,0.015399255752815694,0.16178989171471725,0.24730026823190543,0.207046317388003,0.1585521906038632,0.2454408993644406,"42,43,44,45,46"
ember,wgan_projection_generated_only,ablation,25,valid_ablation,ablation_table,controlled ablation result under final ablation folders,new_class_accuracy,5,0.9446125601107338,0.029504557590604927,0.013194839283730005,0.9079778131675501,0.9812473070539175,0.938382541720154,0.9107407407407409,0.9783393501805054,"42,43,44,45,46"
ember,wgan_projection_generated_only,ablation,25,valid_ablation,ablation_table,controlled ablation result under final ablation folders,plasticity_stability_gap,5,0.7400674801374224,0.061995195068408636,0.027725094090264284,0.6630902783593599,0.817044681915485,0.731336224332151,0.6785039397496422,0.8131031381943227,"42,43,44,45,46"
ember,wgan_projection_generated_only,ablation,25,valid_ablation,ablation_table,controlled ablation result under final ablation folders,mmd_real_generated,5,0.08015568256378171,0.015641480166749627,0.006995082584313382,0.06073421976211049,0.09957714536545292,0.0782347917556762,0.062197208404541,0.1040925979614257,"42,43,44,45,46"
ember,wgan_projection_generated_only,ablation,25,valid_ablation,ablation_table,controlled ablation result under final ablation folders,wasserstein_real_generated,5,0.27074389457702636,0.018000382443265038,0.008050015752826874,0.24839346774332505,0.29309432141072767,0.2646237313747406,0.2558296918869018,0.3017062246799469,"42,43,44,45,46"
ember,wgan_projection_generated_only,ablation,25,valid_ablation,ablation_table,controlled ablation result under final ablation folders,memory_MB,5,440.9429702758789,0.0,0.0,440.9429702758789,440.9429702758789,440.9429702758789,440.9429702758789,440.9429702758789,"42,43,44,45,46"
ember,wgan_projection_generated_only,ablation,25,valid_ablation,ablation_table,controlled ablation result under final ablation folders,gpu_peak_memory_MB,5,2971.49833984375,97.45081567258995,43.5813296613426,2850.4971704275035,3092.499509259996,3007.994140625,2867.11083984375,3060.88916015625,"42,43,44,45,46"
ember,wgan_projection_generated_only,ablation,25,valid_ablation,ablation_table,controlled ablation result under final ablation folders,elapsed_minutes,5,13.115245952606198,0.3793435989782443,0.1696476148289548,12.644228662805865,13.586263242406531,12.959746185938515,12.848604134718578,13.78324433962504,"42,43,44,45,46"
