dataset,method,method_raw,seed,config_hash,setting_type,k,source_file,source_files,duplicate_source_count,source_kind,context_label,early_stop_reason,task_count,accs_seen_per_task,acc_matrix_taskwise,use_diversity_buffer,use_kd,use_proto_align,gan_train_on_real_buffer,use_wgan_gp,use_projection_critic,main_method_variant,classifier_backbone,clf_optimizer,scaler_mode,buffer_update_mode,result_validity,paper_use_category,validity_reason,mean_acc_seen,min_acc_seen,final_taskwise_average_accuracy,forgetting,backward_transfer,bwt,precision_macro,precision_weighted,recall_macro,recall_weighted,macro_f1,weighted_f1,balanced_accuracy,old_class_accuracy,new_class_accuracy,plasticity_stability_gap,memory_MB,replay_memory_MB,generated_replay_MB,real_buffer_MB,model_memory_MB,gpu_peak_memory_MB,mmd_real_generated,wasserstein_real_generated,feature_center_l2,elapsed_minutes
az_class,ahr_malcl_v14_5_az_validation_k25,ahr_malcl_v14_5_az_validation_k25,42,315d97b2dc19b4cc,other,25,result/AZ-Class/first run/ahr_malcl_v14_5_az_validation_k25_results.json,result/AZ-Class/first run/ahr_malcl_v14_5_az_validation_k25_results.json,1,run,az,,11,"[0.8284886273821024, 0.7771207641573801, 0.7211413748378729, 0.646339342646803, 0.6232255419463947, 0.6081328200192493, 0.5629995195877189, 0.55294025953782, 0.5258081938122059, 0.5406352602648762, 0.47403620574950106]","[[0.828489, -1.0, -1.0, -1.0, -1.0, -1.0, -1.0, -1.0, -1.0, -1.0, -1.0], [0.746202, 0.972284, -1.0, -1.0, -1.0, -1.0, -1.0, -1.0, -1.0, -1.0, -1.0], [0.669711, 0.899113, 0.902606, -1.0, -1.0, -1.0, -1.0, -1.0, -1.0, -1.0, -1.0], [0.563362, 0.756652, 0.731139, 0.885473, -1.0, -1.0, -1.0, -1.0, -1.0, -1.0, -1.0], [0.52033, 0.858647, 0.69273, 0.73136, 0.784262, -1.0, -1.0, -1.0, -1.0, -1.0, -1.0], [0.505489, 0.865299, 0.58642, 0.662183, 0.679487, 0.951066, -1.0, -1.0, -1.0, -1.0, -1.0], [0.473698, 0.849778, 0.524005, 0.539969, 0.411141, 0.87135, 0.831838, -1.0, -1.0, -1.0, -1.0], [0.453939, 0.721175, 0.358711, 0.433128, 0.438108, 0.823994, 0.730751, 0.899783, -1.0, -1.0, -1.0], [0.421533, 0.732262, 0.331962, 0.450423, 0.442971, 0.823204, 0.660841, 0.78437, 0.923372, -1.0, -1.0], [0.443576, 0.742794, 0.346365, 0.435434, 0.433687, 0.832676, 0.571564, 0.710203, 0.911877, 0.994937, -1.0], [0.409326, 0.723392, 0.361454, 0.264028, 0.387268, 0.396212, 0.518186, 0.61288, 0.681992, 0.993249, 0.57438]]",True,True,True,True,True,True,,mlp,adamw,incremental,strict,unknown_review_needed,manual_review_needed,"not part of main final, ablation, memory-budget, or replay-drift evidence categories",0.6237152645401749,0.47403620574950106,0.5383970432520587,0.3626120163904365,-0.3626120163904365,-0.3626120163904365,,,,,0.4526595351794808,0.472914819167178,0.6165830190625757,0.46866123141623933,0.5743801652892562,0.10571893387301684,451.2638931274414,93.11676025390625,69.83757019042969,23.279190063476562,358.14713287353516,2862.6552734375,0.020166397094726562,0.08972529321908951,1.606782078742981,56.74260765314102
az_class,hybrid_random_buffer,ahr_malcl_v14_5_az_memory_k0,42,83751a87a9e580af,memory_budget,0,result/AZ-Class/memory budget /k=0/ahr_malcl_v14_5_az_memory_k0_results.json,result/AZ-Class/memory budget /k=0/ahr_malcl_v14_5_az_memory_k0_results.json,1,run,az,,11,"[0.8284886273821024, 0.6881964976120082, 0.49587002525769674, 0.3918613413715147, 0.3643724696356275, 0.3837824831568816, 0.3134908503297375, 0.2699427146253069, 0.2533755111488311, 0.30187774375622534, 0.18778668720893588]","[[0.828489, -1.0, -1.0, -1.0, -1.0, -1.0, -1.0, -1.0, -1.0, -1.0, -1.0], [0.640379, 0.990022, -1.0, -1.0, -1.0, -1.0, -1.0, -1.0, -1.0, -1.0, -1.0], [0.39712, 0.730599, 0.97668, -1.0, -1.0, -1.0, -1.0, -1.0, -1.0, -1.0, -1.0], [0.252217, 0.493902, 0.366941, 0.946195, -1.0, -1.0, -1.0, -1.0, -1.0, -1.0, -1.0], [0.194432, 0.486696, 0.313443, 0.60146, 0.882405, -1.0, -1.0, -1.0, -1.0, -1.0, -1.0], [0.248792, 0.519956, 0.309328, 0.400077, 0.647215, 0.985004, -1.0, -1.0, -1.0, -1.0, -1.0], [0.188197, 0.523282, 0.259945, 0.153344, 0.175066, 0.722178, 0.945678, -1.0, -1.0, -1.0, -1.0], [0.101607, 0.412417, 0.173525, 0.028055, 0.206454, 0.539858, 0.391592, 0.984081, -1.0, -1.0, -1.0], [0.121191, 0.412417, 0.21262, 0.088394, 0.199823, 0.517758, 0.45111, 0.575253, 0.961686, -1.0, -1.0], [0.181084, 0.412417, 0.213306, 0.162567, 0.23298, 0.560379, 0.432215, 0.40919, 0.670498, 1.0, -1.0], [0.10512, 0.412417, 0.044582, 0.006149, 0.088859, 0.072612, 0.094473, 0.178365, 0.168582, 0.929958, 0.832645]]",True,True,True,True,True,True,,mlp,adamw,incremental,strict,valid_memory_budget,memory_budget_table,older memory-budget result used only for memory-budget analysis,0.4071859046804425,0.18778668720893588,0.2667056505619286,0.7399122500203741,-0.7399122500203741,-0.7399122500203741,,,,,0.19350205935104195,0.185414463772796,0.2314630631776107,0.15324454937838936,0.8326446280991735,0.6794000787207841,427.98470306396484,69.83757019042969,69.83757019042969,0.0,358.14713287353516,2862.6552734375,0.10731256008148193,0.23312681913375854,4.297867298126221,60.853690803050995
az_class,hybrid_random_buffer,ahr_malcl_v14_5_az_memory_k10,42,b74956b9e399ddb1,memory_budget,10,result/AZ-Class/memory budget /k=10/ahr_malcl_v14_5_az_memory_k10_results.json,result/AZ-Class/memory budget /k=10/ahr_malcl_v14_5_az_memory_k10_results.json,1,run,az,,11,"[0.8284886273821024, 0.7664316579486014, 0.6595672059526247, 0.5809518288794853, 0.5286219443447958, 0.5254571703561116, 0.4698432109009914, 0.4637387475156853, 0.44251986729419024, 0.4672224886560667, 0.36562904863615675]","[[0.828489, -1.0, -1.0, -1.0, -1.0, -1.0, -1.0, -1.0, -1.0, -1.0, -1.0], [0.733117, 0.976718, -1.0, -1.0, -1.0, -1.0, -1.0, -1.0, -1.0, -1.0, -1.0], [0.589795, 0.872506, 0.941015, -1.0, -1.0, -1.0, -1.0, -1.0, -1.0, -1.0, -1.0], [0.488013, 0.607539, 0.696159, 0.904689, -1.0, -1.0, -1.0, -1.0, -1.0, -1.0, -1.0], [0.403443, 0.752772, 0.564472, 0.63259, 0.837312, -1.0, -1.0, -1.0, -1.0, -1.0, -1.0], [0.403003, 0.75388, 0.501372, 0.515373, 0.736074, 0.973165, -1.0, -1.0, -1.0, -1.0, -1.0], [0.380873, 0.73337, 0.449246, 0.356264, 0.272767, 0.826361, 0.874823, -1.0, -1.0, -1.0, -1.0], [0.343901, 0.68071, 0.259945, 0.243274, 0.3855, 0.649566, 0.680208, 0.943922, -1.0, -1.0, -1.0], [0.363397, 0.685698, 0.259259, 0.234819, 0.360743, 0.642463, 0.621634, 0.692475, 0.94636, -1.0, -1.0], [0.367524, 0.696231, 0.246914, 0.278248, 0.356764, 0.684294, 0.577704, 0.664978, 0.862069, 0.995781, -1.0], [0.302275, 0.597007, 0.260631, 0.135665, 0.198055, 0.202841, 0.441663, 0.462373, 0.467433, 0.982278, 0.679063]]",True,True,True,True,True,True,,mlp,adamw,incremental,strict,valid_memory_budget,memory_budget_table,older memory-budget result used only for memory-budget analysis,0.554406527078801,0.36562904863615675,0.42993492005287487,0.5172052590059896,-0.5172052590059896,-0.5172052590059896,,,,,0.3739236121097786,0.367831796893344,0.4998223410422621,0.34883978308186075,0.6790633608815427,0.330223577799682,437.29637908935547,79.14924621582031,69.83757019042969,9.311676025390625,358.14713287353516,2862.6552734375,0.044054508209228516,0.11990947276353836,2.5445265769958496,52.93184698025386
az_class,hybrid_random_buffer,ahr_malcl_v14_5_az_memory_k100,42,4918be47353ccd54,memory_budget,100,result/AZ-Class/memory budget /k=100/ahr_malcl_v14_5_az_memory_k100_results.json,result/AZ-Class/memory budget /k=100/ahr_malcl_v14_5_az_memory_k100_results.json,1,run,az,,11,"[0.8284886273821024, 0.7976650746721249, 0.7762304594170251, 0.7396092980117095, 0.6930251627120382, 0.6818094321462945, 0.6453683888719046, 0.6507150929425977, 0.6200910423578427, 0.6259268823551112, 0.5876606323750831]","[[0.828489, -1.0, -1.0, -1.0, -1.0, -1.0, -1.0, -1.0, -1.0, -1.0, -1.0], [0.773601, 0.949557, -1.0, -1.0, -1.0, -1.0, -1.0, -1.0, -1.0, -1.0, -1.0], [0.732239, 0.960643, 0.891632, -1.0, -1.0, -1.0, -1.0, -1.0, -1.0, -1.0, -1.0], [0.689822, 0.907428, 0.86214, 0.772483, -1.0, -1.0, -1.0, -1.0, -1.0, -1.0, -1.0], [0.626065, 0.966741, 0.768861, 0.699846, 0.755084, -1.0, -1.0, -1.0, -1.0, -1.0, -1.0], [0.617459, 0.932373, 0.797668, 0.649116, 0.640141, 0.911602, -1.0, -1.0, -1.0, -1.0, -1.0], [0.570124, 0.949557, 0.751715, 0.582244, 0.5, 0.884767, 0.807274, -1.0, -1.0, -1.0, -1.0], [0.578115, 0.946231, 0.631687, 0.597233, 0.524315, 0.882399, 0.616438, 0.84081, -1.0, -1.0, -1.0], [0.565733, 0.877494, 0.624143, 0.584166, 0.484085, 0.886346, 0.569202, 0.708394, 0.911877, -1.0, -1.0], [0.558005, 0.94235, 0.667353, 0.573021, 0.499558, 0.883978, 0.478507, 0.643271, 0.934866, 0.982278, -1.0], [0.551506, 0.881929, 0.55144, 0.511914, 0.464191, 0.757695, 0.471894, 0.623734, 0.800766, 0.993249, 0.452479]]",True,True,True,True,True,True,,mlp,adamw,incremental,strict,valid_memory_budget,memory_budget_table,older memory-budget result used only for memory-budget analysis,0.6951445539312577,0.5876606323750831,0.6418907448204677,0.20829408808763045,-0.204276833965246,-0.204276833965246,,,,,0.5664708507685939,0.5844314899938565,0.7486957479730948,0.5949016859113883,0.4524793388429752,-0.14242234706841306,521.1014633178711,162.95433044433594,69.83757019042969,93.11676025390625,358.14713287353516,2862.6552734375,0.0025649070739746094,0.042301245033741,0.5874155163764954,71.36240670283635
az_class,hybrid_random_buffer,ahr_malcl_v14_5_az_memory_k150,42,2a63c8e399aab634,memory_budget,150,result/AZ-Class/memory budget /k=150/ahr_malcl_v14_5_az_memory_k150_results.json,result/AZ-Class/memory budget /k=150/ahr_malcl_v14_5_az_memory_k150_results.json,1,run,az,,11,"[0.8284886273821024, 0.8093397013115002, 0.7928186224315653, 0.7512028288215176, 0.7245426126172295, 0.7172762271414822, 0.6909202078874962, 0.6652507696504423, 0.6500270040891907, 0.6582063673589847, 0.6159879547603208]","[[0.828489, -1.0, -1.0, -1.0, -1.0, -1.0, -1.0, -1.0, -1.0, -1.0, -1.0], [0.788706, 0.939579, -1.0, -1.0, -1.0, -1.0, -1.0, -1.0, -1.0, -1.0, -1.0], [0.754457, 0.960643, 0.884774, -1.0, -1.0, -1.0, -1.0, -1.0, -1.0, -1.0, -1.0], [0.706156, 0.885809, 0.877229, 0.784397, -1.0, -1.0, -1.0, -1.0, -1.0, -1.0, -1.0], [0.693598, 0.959534, 0.790809, 0.720984, 0.654288, -1.0, -1.0, -1.0, -1.0, -1.0, -1.0], [0.667164, 0.925721, 0.802469, 0.691776, 0.658709, 0.929755, -1.0, -1.0, -1.0, -1.0, -1.0], [0.643892, 0.945676, 0.751029, 0.650653, 0.584881, 0.906867, 0.718942, -1.0, -1.0, -1.0, -1.0], [0.621762, 0.879712, 0.627572, 0.628363, 0.558798, 0.908445, 0.57487, 0.803907, -1.0, -1.0, -1.0], [0.603759, 0.954545, 0.638546, 0.623367, 0.544651, 0.872928, 0.478507, 0.761216, 0.938697, -1.0, -1.0], [0.597348, 0.887472, 0.692044, 0.634896, 0.545093, 0.857932, 0.480397, 0.72974, 0.961686, 0.989873, -1.0], [0.60332, 0.885809, 0.655693, 0.556879, 0.475243, 0.67719, 0.443552, 0.670767, 0.785441, 0.992405, 0.421488]]",True,True,True,True,True,True,,mlp,adamw,incremental,strict,valid_memory_budget,memory_budget_table,older memory-budget result used only for memory-budget analysis,0.7185509930410757,0.6159879547603208,0.6516169801986395,0.1774875700089554,-0.17264020263004892,-0.17264020263004892,,,,,0.6090280874511349,0.6134714800325871,0.7842292984700994,0.6264064632751688,0.4214876033057851,-0.2049188599693837,567.6598434448242,209.51271057128906,69.83757019042969,139.67514038085938,358.14713287353516,2862.6552734375,0.004667520523071289,0.05567774176597595,0.7834510803222656,68.25425683657328
az_class,hybrid_random_buffer,ahr_malcl_v14_5_az_memory_k200,42,f10cc3a2f3b5abc3,memory_budget,200,result/AZ-Class/memory budget /k=200/ahr_malcl_v14_5_az_memory_k200_results.json,result/AZ-Class/memory budget /k=200/ahr_malcl_v14_5_az_memory_k200_results.json,1,run,az,,11,"[0.8295424607007992, 0.8160867257978925, 0.7954126561540037, 0.7707958958900933, 0.7296674012196996, 0.7211742059672762, 0.6941957461676203, 0.6906979462998324, 0.6855566700100301, 0.6876821485225219, 0.6534192373682552]","[[0.829542, -1.0, -1.0, -1.0, -1.0, -1.0, -1.0, -1.0, -1.0, -1.0, -1.0], [0.795293, 0.947339, -1.0, -1.0, -1.0, -1.0, -1.0, -1.0, -1.0, -1.0, -1.0], [0.759023, 0.959534, 0.876543, -1.0, -1.0, -1.0, -1.0, -1.0, -1.0, -1.0, -1.0], [0.726618, 0.96286, 0.891632, 0.763259, -1.0, -1.0, -1.0, -1.0, -1.0, -1.0, -1.0], [0.688856, 0.972284, 0.839506, 0.732898, 0.667109, -1.0, -1.0, -1.0, -1.0, -1.0, -1.0], [0.676912, 0.964523, 0.770233, 0.690238, 0.652962, 0.901342, -1.0, -1.0, -1.0, -1.0, -1.0], [0.644419, 0.961197, 0.825789, 0.690238, 0.594164, 0.873717, 0.648087, -1.0, -1.0, -1.0, -1.0], [0.653816, 0.895233, 0.749657, 0.684473, 0.618479, 0.805841, 0.566368, 0.785456, -1.0, -1.0, -1.0], [0.63713, 0.960643, 0.775034, 0.67794, 0.583112, 0.834254, 0.551252, 0.76013, 0.938697, -1.0, -1.0], [0.635198, 0.944568, 0.784636, 0.638739, 0.608311, 0.824783, 0.518186, 0.712735, 0.900383, 0.991561, -1.0], [0.634847, 0.890244, 0.786008, 0.6103, 0.601238, 0.756906, 0.465281, 0.663893, 0.766284, 0.992405, 0.397383]]",True,True,True,True,True,True,,mlp,adamw,incremental,strict,valid_memory_budget,memory_budget_table,older memory-budget result used only for memory-budget analysis,0.7340210085543659,0.6534192373682552,0.687708004779187,0.12215643280609285,-0.11815305971961228,-0.11815305971961228,,,,,0.63550890276011,0.6501524783607855,0.8014895020348528,0.6671339506400561,0.3973829201101928,-0.26975103052986327,613.8643798828125,255.71724700927734,69.83757019042969,185.87967681884766,358.14713287353516,3257.11474609375,0.0032809972763061523,0.04329937696456909,0.5488525629043579,11.152017418543497
az_class,hybrid_random_buffer,ahr_malcl_v14_5_az_memory_k25,42,b0e0bbba23628d45,memory_budget,25,result/AZ-Class/memory budget /k=25/ahr_malcl_v14_5_az_memory_k25_results.json,result/AZ-Class/memory budget /k=25/ahr_malcl_v14_5_az_memory_k25_results.json,1,run,az,,11,"[0.8284886273821024, 0.7793192328102494, 0.7182742849341252, 0.6516143991652658, 0.6318864346845693, 0.5892204042348412, 0.5625627811503691, 0.5446397256537158, 0.5160095671630276, 0.5310805327037297, 0.467838509751742]","[[0.828489, -1.0, -1.0, -1.0, -1.0, -1.0, -1.0, -1.0, -1.0, -1.0, -1.0], [0.749012, 0.970621, -1.0, -1.0, -1.0, -1.0, -1.0, -1.0, -1.0, -1.0, -1.0], [0.664618, 0.911863, 0.897805, -1.0, -1.0, -1.0, -1.0, -1.0, -1.0, -1.0, -1.0], [0.568192, 0.771064, 0.762003, 0.872022, -1.0, -1.0, -1.0, -1.0, -1.0, -1.0, -1.0], [0.548432, 0.870843, 0.673525, 0.671407, 0.789125, -1.0, -1.0, -1.0, -1.0, -1.0, -1.0], [0.508738, 0.869734, 0.552812, 0.55957, 0.633068, 0.937648, -1.0, -1.0, -1.0, -1.0, -1.0], [0.486081, 0.853659, 0.489712, 0.488855, 0.426172, 0.886346, 0.818611, -1.0, -1.0, -1.0, -1.0], [0.463423, 0.743348, 0.325789, 0.405842, 0.407604, 0.815312, 0.678318, 0.881331, -1.0, -1.0, -1.0], [0.433652, 0.749446, 0.323045, 0.362029, 0.376658, 0.850039, 0.639112, 0.775687, 0.94636, -1.0, -1.0], [0.439097, 0.758869, 0.337449, 0.376633, 0.402299, 0.848461, 0.583373, 0.702243, 0.915709, 0.974684, -1.0], [0.419162, 0.741131, 0.307956, 0.244427, 0.347038, 0.355959, 0.527161, 0.599493, 0.609195, 0.982278, 0.57438]]",True,True,True,True,True,True,,mlp,adamw,incremental,strict,valid_memory_budget,memory_budget_table,older memory-budget result used only for memory-budget analysis,0.6200849545121578,0.467838509751742,0.5189256437859867,0.3782893287577787,-0.3782893287577787,-0.3782893287577787,,,,,0.4431158577031104,0.45922103357182875,0.6093989593272142,0.4621315527354558,0.5743801652892562,0.11224861255380036,451.2638931274414,93.11676025390625,69.83757019042969,23.279190063476562,358.14713287353516,2862.6552734375,0.014984488487243652,0.07778088748455048,1.4880037307739258,55.37244000434875
az_class,hybrid_random_buffer,ahr_malcl_v14_5_az_memory_k50,42,ae1d9cc539fd765e,memory_budget,50,result/AZ-Class/memory budget /k=50/ahr_malcl_v14_5_az_memory_k50_results.json,result/AZ-Class/memory budget /k=50/ahr_malcl_v14_5_az_memory_k50_results.json,1,run,az,,11,"[0.8284886273821024, 0.7851565461299371, 0.7442146221585091, 0.6927134658860356, 0.6621739353251679, 0.6359961501443696, 0.6043149757610168, 0.5978332878687502, 0.5702877864362318, 0.5797395506695687, 0.5336671452081656]","[[0.828489, -1.0, -1.0, -1.0, -1.0, -1.0, -1.0, -1.0, -1.0, -1.0, -1.0], [0.757882, 0.957317, -1.0, -1.0, -1.0, -1.0, -1.0, -1.0, -1.0, -1.0, -1.0], [0.698428, 0.920177, 0.884088, -1.0, -1.0, -1.0, -1.0, -1.0, -1.0, -1.0, -1.0], [0.622289, 0.862528, 0.798354, 0.823982, -1.0, -1.0, -1.0, -1.0, -1.0, -1.0, -1.0], [0.586458, 0.910754, 0.66941, 0.733282, 0.758621, -1.0, -1.0, -1.0, -1.0, -1.0, -1.0], [0.553614, 0.90133, 0.633059, 0.665642, 0.638373, 0.936859, -1.0, -1.0, -1.0, -1.0, -1.0], [0.50865, 0.896341, 0.574074, 0.636049, 0.472149, 0.902131, 0.814832, -1.0, -1.0, -1.0, -1.0], [0.5018, 0.816519, 0.478052, 0.525749, 0.478338, 0.886346, 0.686821, 0.879161, -1.0, -1.0, -1.0], [0.470624, 0.797118, 0.469136, 0.511914, 0.498232, 0.902131, 0.622107, 0.776411, 0.908046, -1.0, -1.0], [0.493984, 0.809867, 0.456104, 0.486549, 0.503979, 0.847672, 0.589986, 0.657019, 0.923372, 0.994093, -1.0], [0.479406, 0.796009, 0.433471, 0.433128, 0.407162, 0.751381, 0.497874, 0.598046, 0.835249, 0.989873, 0.424242]]",True,True,True,True,True,True,,mlp,adamw,incremental,strict,valid_memory_budget,memory_budget_table,older memory-budget result used only for memory-budget analysis,0.6576896448154413,0.5336671452081656,0.6041675130518714,0.2579211657560537,-0.25638859870624536,-0.25638859870624536,,,,,0.49292795808164136,0.5311293905324685,0.6827825698105996,0.5395285350647434,0.42424242424242425,-0.11528611082231915,474.54308319091797,116.39595031738281,69.83757019042969,46.558380126953125,358.14713287353516,2862.6552734375,0.003333568572998047,0.04499524086713791,0.6864148378372192,57.43081826766332
ember,hybrid_random_buffer,ahr_malcl_v14_5_memory_k0,42,faa4beedcf470f77,memory_budget,0,result/EMBER/memory budget/k=0/ahr_malcl_v14_5_memory_k0_results.json,result/EMBER/memory budget/k=0/ahr_malcl_v14_5_memory_k0_results.json,1,run,ember,,11,"[0.9133065595716198, 0.8188614146060954, 0.7432042833607908, 0.5547051240734773, 0.5413979983385419, 0.28719736587255473, 0.2870700782021107, 0.26574406287374, 0.2916782978195465, 0.2745414169683327, 0.21101352955138855]","[[0.913307, -1.0, -1.0, -1.0, -1.0, -1.0, -1.0, -1.0, -1.0, -1.0, -1.0], [0.787684, 0.966938, -1.0, -1.0, -1.0, -1.0, -1.0, -1.0, -1.0, -1.0, -1.0], [0.717858, 0.761699, 0.982666, -1.0, -1.0, -1.0, -1.0, -1.0, -1.0, -1.0, -1.0], [0.574083, 0.378179, 0.637179, 0.911765, -1.0, -1.0, -1.0, -1.0, -1.0, -1.0, -1.0], [0.569639, 0.363174, 0.520622, 0.606618, 0.920879, -1.0, -1.0, -1.0, -1.0, -1.0, -1.0], [0.250228, 0.316124, 0.320383, 0.474265, 0.512088, 0.878731, -1.0, -1.0, -1.0, -1.0, -1.0], [0.235716, 0.317396, 0.390915, 0.474265, 0.389011, 0.625, 0.925996, -1.0, -1.0, -1.0, -1.0], [0.143561, 0.305951, 0.099223, 0.466912, 0.265934, 0.535448, 0.709677, 0.920629, -1.0, -1.0, -1.0], [0.142436, 0.305443, 0.127914, 0.466912, 0.272527, 0.488806, 0.43074, 0.521724, 0.986895, -1.0, -1.0], [0.137028, 0.266277, 0.115959, 0.382353, 0.215385, 0.514925, 0.404175, 0.479302, 0.808804, 0.984177, -1.0], [0.075877, 0.305188, 0.115959, 0.4375, 0.23956, 0.524254, 0.404175, 0.423537, 0.342742, 0.639241, 0.960289]]",True,True,True,True,True,True,,mlp,adamw,incremental,strict,valid_memory_budget,memory_budget_table,older memory-budget result used only for memory-budget analysis,0.47170183011256356,0.21101352955138855,0.40621107731699646,0.5883950574218784,-0.5883950574218784,-0.5883950574218784,,,,,0.22795103961687221,0.21533464665165666,0.2773548930318658,0.19207252152222187,0.9602888086642599,0.768216287142038,418.21691131591797,68.17817687988281,68.17817687988281,0.0,350.03873443603516,2797.2919921875,0.07377338409423828,0.2156757265329361,3.6966335773468018,57.14145979086558
ember,hybrid_random_buffer,ahr_malcl_v14_5_memory_k10,42,fe517d844ab5a356,memory_budget,10,result/EMBER/memory budget/k=10/ahr_malcl_v14_5_memory_k10_results.json,result/EMBER/memory budget/k=10/ahr_malcl_v14_5_memory_k10_results.json,1,run,ember,,11,"[0.9133065595716198, 0.8782235590746229, 0.8520593080724876, 0.7788833387044796, 0.732386565924285, 0.7036993995738912, 0.6869637840710652, 0.6642747309072271, 0.6469092149747216, 0.6348066802543121, 0.5237953952053169]","[[0.913307, -1.0, -1.0, -1.0, -1.0, -1.0, -1.0, -1.0, -1.0, -1.0, -1.0], [0.863722, 0.947101, -1.0, -1.0, -1.0, -1.0, -1.0, -1.0, -1.0, -1.0, -1.0], [0.838126, 0.864446, 0.978482, -1.0, -1.0, -1.0, -1.0, -1.0, -1.0, -1.0, -1.0], [0.809853, 0.542218, 0.96055, 0.867647, -1.0, -1.0, -1.0, -1.0, -1.0, -1.0, -1.0], [0.76407, 0.54705, 0.777047, 0.711397, 0.894505, -1.0, -1.0, -1.0, -1.0, -1.0, -1.0], [0.727711, 0.549339, 0.787806, 0.630515, 0.734066, 0.785448, -1.0, -1.0, -1.0, -1.0, -1.0], [0.721392, 0.472533, 0.763897, 0.632353, 0.679121, 0.684701, 0.888046, -1.0, -1.0, -1.0, -1.0], [0.687604, 0.4059, 0.672445, 0.523897, 0.52967, 0.597015, 0.855787, 0.882997, -1.0, -1.0, -1.0], [0.672718, 0.413021, 0.523013, 0.534926, 0.551648, 0.572761, 0.83871, 0.586042, 0.937836, -1.0, -1.0], [0.635181, 0.43235, 0.628213, 0.5, 0.545055, 0.583955, 0.540797, 0.680123, 0.850806, 0.976266, -1.0], [0.545221, 0.402085, 0.444112, 0.459559, 0.518681, 0.597015, 0.817837, 0.541909, 0.322581, 0.928797, 0.938628]]",True,True,True,True,True,True,,mlp,adamw,incremental,strict,valid_memory_budget,memory_budget_table,older memory-budget result used only for memory-budget analysis,0.7286644123940026,0.5237953952053169,0.5924023508096722,0.34938359614743464,-0.34938359614743464,-0.34938359614743464,,,,,0.4750250184380658,0.523293419343648,0.5733712467760615,0.5133087944513735,0.9386281588447654,0.4253193643933919,427.30733489990234,77.26860046386719,68.17817687988281,9.090423583984375,350.03873443603516,2797.2919921875,0.014268636703491211,0.09142938256263733,1.5152077674865723,55.73090782960256
ember,hybrid_random_buffer,ahr_malcl_v14_5_memory_k100,42,6b63950956697fa3,memory_budget,100,result/EMBER/memory budget/k=100/ahr_malcl_v14_5_memory_k100_results.json,result/EMBER/memory budget/k=100/ahr_malcl_v14_5_memory_k100_results.json,1,run,ember,,11,"[0.9133065595716198, 0.8797717521121776, 0.8700988467874794, 0.8349178214631002, 0.8198504687685431, 0.7870617857834592, 0.7784906233391542, 0.7821288228259012, 0.7804968828510281, 0.7688984881209503, 0.7146629480180394]","[[0.913307, -1.0, -1.0, -1.0, -1.0, -1.0, -1.0, -1.0, -1.0, -1.0, -1.0], [0.872236, 0.915565, -1.0, -1.0, -1.0, -1.0, -1.0, -1.0, -1.0, -1.0, -1.0], [0.863133, 0.869278, 0.949791, -1.0, -1.0, -1.0, -1.0, -1.0, -1.0, -1.0, -1.0], [0.853333, 0.701424, 0.956366, 0.794118, -1.0, -1.0, -1.0, -1.0, -1.0, -1.0, -1.0], [0.834752, 0.720498, 0.910938, 0.707721, 0.865934, -1.0, -1.0, -1.0, -1.0, -1.0, -1.0], [0.804016, 0.682096, 0.895397, 0.691176, 0.810989, 0.705224, -1.0, -1.0, -1.0, -1.0, -1.0], [0.798608, 0.666328, 0.863718, 0.681985, 0.751648, 0.68097, 0.85389, -1.0, -1.0, -1.0, -1.0], [0.82158, 0.619532, 0.831441, 0.630515, 0.703297, 0.658582, 0.855787, 0.770441, -1.0, -1.0, -1.0], [0.810442, 0.621312, 0.845188, 0.623162, 0.718681, 0.654851, 0.848197, 0.779336, 0.816532, -1.0, -1.0], [0.812905, 0.634537, 0.81052, 0.612132, 0.703297, 0.649254, 0.880455, 0.63599, 0.78797, 0.90981, -1.0], [0.738046, 0.607579, 0.792588, 0.584559, 0.698901, 0.630597, 0.833017, 0.620253, 0.697245, 0.898734, 0.866426]]",True,True,True,True,True,True,,mlp,adamw,incremental,strict,valid_memory_budget,memory_budget_table,older memory-budget result used only for memory-budget analysis,0.8117895454219504,0.7146629480180394,0.724358590365041,0.14351281509570954,-0.13930927001979568,-0.13930927001979568,,,,,0.6266638267517698,0.7122034697673852,0.7347282029241672,0.7108265141605573,0.8664259927797834,0.15559947861922607,509.1211471557617,159.08241271972656,68.17817687988281,90.90423583984375,350.03873443603516,2797.2919921875,0.0023353099822998047,0.04302326589822769,0.5869878530502319,73.57746444543203
ember,hybrid_random_buffer,ahr_malcl_v14_5_memory_k25,42,9b85c3881aff9c8a,memory_budget,25,result/EMBER/memory budget/k=25/ahr_malcl_v14_5_memory_k25_results.json,result/EMBER/memory budget/k=25/ahr_malcl_v14_5_memory_k25_results.json,1,run,ember,,11,"[0.9133065595716198, 0.8823373291458397, 0.8621499176276771, 0.8121575894295843, 0.7965900549863523, 0.7558396281231842, 0.7407182446283501, 0.7084230309243124, 0.681802673614342, 0.6791287682900861, 0.6357702349869452]","[[0.913307, -1.0, -1.0, -1.0, -1.0, -1.0, -1.0, -1.0, -1.0, -1.0, -1.0], [0.871539, 0.933622, -1.0, -1.0, -1.0, -1.0, -1.0, -1.0, -1.0, -1.0, -1.0], [0.852905, 0.859613, 0.971309, -1.0, -1.0, -1.0, -1.0, -1.0, -1.0, -1.0, -1.0], [0.835181, 0.64293, 0.947998, 0.827206, -1.0, -1.0, -1.0, -1.0, -1.0, -1.0, -1.0], [0.819438, 0.644201, 0.887627, 0.762868, 0.881319, -1.0, -1.0, -1.0, -1.0, -1.0, -1.0], [0.778046, 0.592319, 0.912732, 0.628676, 0.786813, 0.794776, -1.0, -1.0, -1.0, -1.0, -1.0], [0.764177, 0.562818, 0.891811, 0.625, 0.782418, 0.697761, 0.88425, -1.0, -1.0, -1.0, -1.0], [0.730656, 0.452442, 0.876868, 0.604779, 0.672527, 0.619403, 0.834915, 0.832706, -1.0, -1.0, -1.0], [0.69676, 0.418616, 0.811118, 0.536765, 0.606593, 0.600746, 0.823529, 0.664044, 0.90793, -1.0, -1.0], [0.694726, 0.433876, 0.811715, 0.5625, 0.606593, 0.593284, 0.819734, 0.64078, 0.833669, 0.950949, -1.0], [0.635074, 0.44354, 0.786611, 0.514706, 0.558242, 0.552239, 0.814042, 0.62299, 0.708669, 0.93038, 0.879663]]",True,True,True,True,True,True,,mlp,adamw,incremental,strict,valid_memory_budget,memory_budget_table,older memory-budget result used only for memory-budget analysis,0.769838548302572,0.6357702349869452,0.6769231926211742,0.23308818455509178,-0.23308818455509178,-0.23308818455509178,,,,,0.5499592916408994,0.6272119926645943,0.6571561965173492,0.6296048428801753,0.8796630565583634,0.25005821367818815,440.9429702758789,90.90423583984375,68.17817687988281,22.726058959960938,350.03873443603516,2797.2919921875,0.003925323486328125,0.050839491188526154,0.7998120188713074,57.21630307038625
ember,hybrid_random_buffer,ahr_malcl_v14_5_memory_k50,42,67058fd6293ea507,memory_budget,50,result/EMBER/memory budget/k=50/ahr_malcl_v14_5_memory_k50_results.json,result/EMBER/memory budget/k=50/ahr_malcl_v14_5_memory_k50_results.json,1,run,ember,,11,"[0.9133065595716198, 0.8841951607909054, 0.8623146622734761, 0.8150982919755075, 0.8056093991059773, 0.7777261282200271, 0.7713916938729026, 0.7481633350418588, 0.7283583015415155, 0.7172451555988197, 0.6618502254925231]","[[0.913307, -1.0, -1.0, -1.0, -1.0, -1.0, -1.0, -1.0, -1.0, -1.0, -1.0], [0.876787, 0.919379, -1.0, -1.0, -1.0, -1.0, -1.0, -1.0, -1.0, -1.0, -1.0], [0.853976, 0.859105, 0.962941, -1.0, -1.0, -1.0, -1.0, -1.0, -1.0, -1.0, -1.0], [0.83909, 0.642167, 0.959952, 0.795956, -1.0, -1.0, -1.0, -1.0, -1.0, -1.0, -1.0], [0.831593, 0.660224, 0.865511, 0.707721, 0.892308, -1.0, -1.0, -1.0, -1.0, -1.0, -1.0], [0.797001, 0.664802, 0.875672, 0.661765, 0.815385, 0.714552, -1.0, -1.0, -1.0, -1.0, -1.0], [0.78506, 0.691251, 0.858338, 0.636029, 0.712088, 0.703358, 0.86907, -1.0, -1.0, -1.0, -1.0], [0.767497, 0.5941, 0.827854, 0.601103, 0.626374, 0.628731, 0.872865, 0.832022, -1.0, -1.0, -1.0], [0.750629, 0.50763, 0.817693, 0.564338, 0.63956, 0.615672, 0.855787, 0.732809, 0.866935, -1.0, -1.0], [0.742865, 0.509156, 0.796772, 0.568015, 0.597802, 0.602612, 0.783681, 0.67636, 0.836694, 0.927215, -1.0], [0.687871, 0.452187, 0.781829, 0.551471, 0.575824, 0.604478, 0.823529, 0.610332, 0.661962, 0.943038, 0.848375]]",True,True,True,True,True,True,,mlp,adamw,incremental,strict,valid_memory_budget,memory_budget_table,older memory-budget result used only for memory-budget analysis,0.7895689921350122,0.6618502254925231,0.6855361043447282,0.20049587962362367,-0.20011637298225743,-0.20011637298225743,,,,,0.5871748595936052,0.6578496959280429,0.6972166235624315,0.6571350348310163,0.8483754512635379,0.19124041643252154,463.66902923583984,113.63029479980469,68.17817687988281,45.452117919921875,350.03873443603516,2797.2919921875,0.0026475191116333008,0.04934672638773918,0.6542065739631653,59.63257629474004
ember,ahr_malcl_v14_5_oracle_fidelity_k25,ahr_malcl_v14_5_oracle_fidelity_k25,42,ed94bcb727b15dd1,oracle_fidelity,25,result/EMBER/oracle-fidelity/ahr_malcl_v14_5_oracle_fidelity_k25_results.json,result/EMBER/oracle-fidelity/ahr_malcl_v14_5_oracle_fidelity_k25_results.json,1,run,ember,,11,"[0.9133065595716198, 0.8894147830318043, 0.8670922570016475, 0.8108282307444409, 0.7870168914909609, 0.7355800890954871, 0.731531394730848, 0.703878352981377, 0.6906733662107255, 0.6703069388251757, 0.6080287206266318]","[[0.913307, -1.0, -1.0, -1.0, -1.0, -1.0, -1.0, -1.0, -1.0, -1.0, -1.0], [0.881981, 0.92472, -1.0, -1.0, -1.0, -1.0, -1.0, -1.0, -1.0, -1.0, -1.0], [0.85676, 0.872075, 0.970711, -1.0, -1.0, -1.0, -1.0, -1.0, -1.0, -1.0, -1.0], [0.838233, 0.6147, 0.964734, 0.814338, -1.0, -1.0, -1.0, -1.0, -1.0, -1.0, -1.0], [0.819705, 0.603001, 0.838613, 0.762868, 0.874725, -1.0, -1.0, -1.0, -1.0, -1.0, -1.0], [0.764819, 0.559003, 0.836222, 0.647059, 0.745055, 0.779851, -1.0, -1.0, -1.0, -1.0, -1.0], [0.754485, 0.54883, 0.883443, 0.663603, 0.742857, 0.714552, 0.87666, -1.0, -1.0, -1.0, -1.0], [0.723373, 0.497711, 0.7896, 0.619485, 0.606593, 0.604478, 0.857685, 0.828943, -1.0, -1.0, -1.0], [0.700295, 0.482706, 0.821877, 0.551471, 0.520879, 0.597015, 0.834915, 0.662675, 0.901546, -1.0, -1.0], [0.682517, 0.466938, 0.763897, 0.549632, 0.512088, 0.602612, 0.840607, 0.615121, 0.831653, 0.955696, -1.0], [0.61071, 0.45117, 0.757322, 0.544118, 0.518681, 0.587687, 0.840607, 0.582621, 0.59039, 0.935127, 0.849579]]",True,True,True,True,True,True,,mlp,adamw,incremental,strict,unknown_review_needed,manual_review_needed,"not part of main final, ablation, memory-budget, or replay-drift evidence categories",0.7643325076646107,0.6080287206266318,0.6607281904770261,0.24220661924619283,-0.24220661924619283,-0.24220661924619283,,,,,0.5314012479708017,0.6041506713562321,0.6453790668755788,0.6019225504213184,0.8495788206979543,0.24765627027663595,440.9429702758789,90.90423583984375,68.17817687988281,22.726058959960938,350.03873443603516,2797.2919921875,0.004390239715576172,0.052381135523319244,0.8590167760848999,55.848153710365295
ember,ahr_malcl_v14_5_ordering_random,ahr_malcl_v14_5_ordering_random,42,34218995f3d391dc,ordering_sensitivity,25,result/EMBER/ordering/ahr_malcl_v14_5_ordering_sensitivity_results.json,result/EMBER/ordering/ahr_malcl_v14_5_ordering_sensitivity_results.json;result/EMBER/ordering/random/ahr_malcl_v14_5_ordering_random_results.json,2,run,random/ember,,11,"[0.9133065595716198, 0.8851240766134383, 0.8545304777594728, 0.8134869481147277, 0.7907353930139641, 0.7513848537671897, 0.7400349252144863, 0.7176148983427302, 0.6771812288700723, 0.6784899461564201, 0.6277296463327795]","[[0.913307, -1.0, -1.0, -1.0, -1.0, -1.0, -1.0, -1.0, -1.0, -1.0, -1.0], [0.874431, 0.93591, -1.0, -1.0, -1.0, -1.0, -1.0, -1.0, -1.0, -1.0, -1.0], [0.84589, 0.846643, 0.969516, -1.0, -1.0, -1.0, -1.0, -1.0, -1.0, -1.0, -1.0], [0.837912, 0.639115, 0.952779, 0.806985, -1.0, -1.0, -1.0, -1.0, -1.0, -1.0, -1.0], [0.819598, 0.633011, 0.82905, 0.742647, 0.885714, -1.0, -1.0, -1.0, -1.0, -1.0, -1.0], [0.778474, 0.565361, 0.918709, 0.639706, 0.753846, 0.761194, -1.0, -1.0, -1.0, -1.0, -1.0], [0.763106, 0.562818, 0.898984, 0.639706, 0.756044, 0.673507, 0.897533, -1.0, -1.0, -1.0, -1.0], [0.736332, 0.504069, 0.851166, 0.597426, 0.652747, 0.589552, 0.83112, 0.844338, -1.0, -1.0, -1.0], [0.68423, 0.425483, 0.751943, 0.533088, 0.564835, 0.56903, 0.557875, 0.764625, 0.921707, -1.0, -1.0], [0.685408, 0.459817, 0.805738, 0.564338, 0.606593, 0.578358, 0.685009, 0.679781, 0.841062, 0.955696, -1.0], [0.630308, 0.413784, 0.799163, 0.536765, 0.595604, 0.580224, 0.688805, 0.632569, 0.671707, 0.949367, 0.886883]]",True,True,True,True,True,True,,mlp,adamw,incremental,strict,unknown_review_needed,manual_review_needed,"not part of main final, ablation, memory-budget, or replay-drift evidence categories",0.7681471776142637,0.6277296463327795,0.6713799615609619,0.2393604590690533,-0.2393604590690533,-0.2393604590690533,,,,,0.5308459267236827,0.6146380291975977,0.6470435756936745,0.6211784747361057,0.8868832731648616,0.26570479842875594,440.9429702758789,90.90423583984375,68.17817687988281,22.726058959960938,350.03873443603516,2797.2919921875,0.003504037857055664,0.05384672433137894,0.7590693831443787,55.72058458725611
ember,ahr_malcl_v14_5_ordering_giant_first,ahr_malcl_v14_5_ordering_giant_first,42,8d94cee580035e0f,ordering_sensitivity,25,result/EMBER/ordering/ahr_malcl_v14_5_ordering_sensitivity_results.json,result/EMBER/ordering/ahr_malcl_v14_5_ordering_sensitivity_results.json,1,run,giant_first/ember,,11,"[0.8889445557782231, 0.8800340793655995, 0.8471337579617835, 0.7953653286057997, 0.7439542585765169, 0.7348522319772475, 0.7121383744068575, 0.7161264894036322, 0.6814614343707713, 0.6652530984022696, 0.6252373605506765]","[[0.888945, -1.0, -1.0, -1.0, -1.0, -1.0, -1.0, -1.0, -1.0, -1.0, -1.0], [0.87839, 0.965338, -1.0, -1.0, -1.0, -1.0, -1.0, -1.0, -1.0, -1.0, -1.0], [0.847896, 0.928943, 0.724077, -1.0, -1.0, -1.0, -1.0, -1.0, -1.0, -1.0, -1.0], [0.795691, 0.824957, 0.659051, 0.896414, -1.0, -1.0, -1.0, -1.0, -1.0, -1.0, -1.0], [0.739746, 0.82669, 0.636204, 0.89243, 0.899522, -1.0, -1.0, -1.0, -1.0, -1.0, -1.0], [0.72652, 0.911612, 0.627417, 0.880478, 0.863636, 0.973684, -1.0, -1.0, -1.0, -1.0, -1.0], [0.702305, 0.873484, 0.599297, 0.790837, 0.851675, 0.982456, 0.949527, -1.0, -1.0, -1.0, -1.0], [0.707281, 0.856153, 0.546573, 0.776892, 0.796651, 0.982456, 0.940063, 0.886792, -1.0, -1.0, -1.0], [0.673981, 0.859619, 0.486819, 0.631474, 0.696172, 0.830409, 0.911672, 0.867925, 0.930147, -1.0, -1.0], [0.656346, 0.769497, 0.490334, 0.619522, 0.729665, 0.871345, 0.861199, 0.836478, 0.860294, 0.934783, -1.0], [0.613393, 0.762565, 0.483304, 0.615538, 0.696172, 0.874269, 0.826498, 0.81761, 0.783088, 0.847826, 0.748858]]",True,True,True,True,True,True,,mlp,adamw,incremental,strict,unknown_review_needed,manual_review_needed,"not part of main final, ablation, memory-budget, or replay-drift evidence categories",0.7536819063090342,0.6252373605506765,0.7335566223354694,0.17377363894730688,-0.1728964459648507,-0.1728964459648507,,,,,0.5220652278132821,0.6431278467866398,0.6534118798550739,0.624428848738241,0.7488584474885844,0.12442959875034343,440.9429702758789,90.90423583984375,68.17817687988281,22.726058959960938,350.03873443603516,2797.2919921875,0.007110595703125,0.06429704278707504,1.081466555595398,56.34957724014918
ember,replay_drift_k0_no_anchor,ahr_malcl_v14_5_replay_drift_k0_no_anchor,42,35ab1b4ea4a10e9c,replay_drift,0,result/EMBER/reply drift /ahr_malcl_v14_5_replay_drift_results.json,result/EMBER/reply drift /ahr_malcl_v14_5_replay_drift_results.json,1,run,k0_no_anchor/results/ember,,11,"[0.9133065595716198, 0.7930287079223249, 0.7573723228995057, 0.4025539800193361, 0.5164761264290518, 0.3099748208405966, 0.26592513856199224, 0.252554245685973, 0.27710058621010514, 0.2808992182033888, 0.2190837882743888]","[[0.913307, -1.0, -1.0, -1.0, -1.0, -1.0, -1.0, -1.0, -1.0, -1.0, -1.0], [0.75502, 0.97355, -1.0, -1.0, -1.0, -1.0, -1.0, -1.0, -1.0, -1.0, -1.0], [0.733815, 0.771363, 0.987448, -1.0, -1.0, -1.0, -1.0, -1.0, -1.0, -1.0, -1.0], [0.35909, 0.369532, 0.799163, 0.913603, -1.0, -1.0, -1.0, -1.0, -1.0, -1.0, -1.0], [0.541847, 0.362411, 0.467424, 0.573529, 0.918681, -1.0, -1.0, -1.0, -1.0, -1.0, -1.0], [0.279679, 0.329349, 0.296473, 0.472426, 0.582418, 0.869403, -1.0, -1.0, -1.0, -1.0, -1.0], [0.201874, 0.335198, 0.377764, 0.501838, 0.413187, 0.634328, 0.918406, -1.0, -1.0, -1.0, -1.0], [0.123159, 0.307986, 0.087268, 0.466912, 0.268132, 0.511194, 0.802657, 0.910366, -1.0, -1.0, -1.0], [0.115663, 0.30646, 0.142259, 0.466912, 0.221978, 0.436567, 0.487666, 0.535067, 0.981519, -1.0, -1.0], [0.134351, 0.305443, 0.203825, 0.474265, 0.226374, 0.526119, 0.622391, 0.499829, 0.714718, 0.987342, -1.0], [0.067149, 0.30646, 0.141662, 0.466912, 0.228571, 0.503731, 0.586338, 0.482381, 0.34879, 0.789557, 0.967509]]",True,True,True,True,True,True,,mlp,adamw,incremental,strict,valid_replay_drift,replay_drift_table,replay-drift result used only for replay-drift analysis,0.4534795904198438,0.2190837882743888,0.4444599835909333,0.5452073788799454,-0.5452073788799454,-0.5452073788799454,,,,,0.2535719429585274,0.2252392912178229,0.2983363041008694,0.20016426854865696,0.9675090252707581,0.7673447567221011,418.21691131591797,68.17817687988281,68.17817687988281,0.0,350.03873443603516,2797.2919921875,0.061982035636901855,0.20688503980636597,3.4655890464782715,57.402951101462044
ember,replay_drift_k25_anchor,ahr_malcl_v14_5_replay_drift_k25_anchor,42,188ac34ba3640883,replay_drift,25,result/EMBER/reply drift /ahr_malcl_v14_5_replay_drift_results.json,result/EMBER/reply drift /ahr_malcl_v14_5_replay_drift_results.json,1,run,k25_anchor/results/ember,,11,"[0.9133065595716198, 0.8885301012960587, 0.8656507413509061, 0.8099822752175314, 0.7837335337632026, 0.7432500484214604, 0.7253815200060739, 0.7112933538356399, 0.7046927824819329, 0.6756912968089314, 0.6251780204130074]","[[0.913307, -1.0, -1.0, -1.0, -1.0, -1.0, -1.0, -1.0, -1.0, -1.0, -1.0], [0.879143, 0.933113, -1.0, -1.0, -1.0, -1.0, -1.0, -1.0, -1.0, -1.0, -1.0], [0.856707, 0.864191, 0.968918, -1.0, -1.0, -1.0, -1.0, -1.0, -1.0, -1.0, -1.0], [0.834538, 0.628433, 0.953975, 0.836397, -1.0, -1.0, -1.0, -1.0, -1.0, -1.0, -1.0], [0.816439, 0.590539, 0.855947, 0.748162, 0.887912, -1.0, -1.0, -1.0, -1.0, -1.0, -1.0], [0.773494, 0.582909, 0.799163, 0.659926, 0.749451, 0.770522, -1.0, -1.0, -1.0, -1.0, -1.0], [0.747309, 0.55824, 0.854752, 0.648897, 0.718681, 0.708955, 0.886148, -1.0, -1.0, -1.0, -1.0], [0.728461, 0.524415, 0.811118, 0.604779, 0.591209, 0.578358, 0.859583, 0.832022, -1.0, -1.0, -1.0], [0.707363, 0.524161, 0.806934, 0.566176, 0.527473, 0.552239, 0.753321, 0.747178, 0.898522, -1.0, -1.0], [0.675127, 0.505086, 0.800359, 0.571691, 0.549451, 0.56903, 0.819734, 0.654807, 0.829637, 0.946203, -1.0], [0.613655, 0.506358, 0.766288, 0.534926, 0.50989, 0.56903, 0.819734, 0.630174, 0.642809, 0.925633, 0.888087]]",True,True,True,True,True,True,,mlp,adamw,incremental,strict,valid_replay_drift,replay_drift_table,replay-drift result used only for replay-drift analysis,0.7678809302878515,0.6251780204130074,0.6733258872535863,0.23545649479131478,-0.23545649479131478,-0.23545649479131478,,,,,0.5374219450884945,0.6228222934487795,0.6539294966421165,0.6185319258966325,0.8880866425992779,0.2695547167026454,440.9429702758789,90.90423583984375,68.17817687988281,22.726058959960938,350.03873443603516,2797.2919921875,0.006438255310058594,0.06532979011535645,1.0263184309005737,56.36373296578725
ember,ahr_malcl_v14_5_scaler_incremental,ahr_malcl_v14_5_scaler_incremental,42,3397008679191b1c,scaler_sensitivity,25,result/EMBER/scaler-sensitivity/incremental/ahr_malcl_v14_5_scaler_incremental_results.json,result/EMBER/scaler-sensitivity/incremental/ahr_malcl_v14_5_scaler_incremental_results.json,1,run,ember,,11,"[0.9133065595716198, 0.8836201176626709, 0.8602553542009884, 0.8103045439896874, 0.7891926104671863, 0.7399573891148558, 0.7346822564725534, 0.722022894242269, 0.689153562234422, 0.6735923097983147, 0.6345537621647283]","[[0.913307, -1.0, -1.0, -1.0, -1.0, -1.0, -1.0, -1.0, -1.0, -1.0, -1.0], [0.87336, 0.93235, -1.0, -1.0, -1.0, -1.0, -1.0, -1.0, -1.0, -1.0, -1.0], [0.847122, 0.875636, 0.970711, -1.0, -1.0, -1.0, -1.0, -1.0, -1.0, -1.0, -1.0], [0.833307, 0.638352, 0.956366, 0.814338, -1.0, -1.0, -1.0, -1.0, -1.0, -1.0, -1.0], [0.822972, 0.612665, 0.818888, 0.731618, 0.887912, -1.0, -1.0, -1.0, -1.0, -1.0, -1.0], [0.761874, 0.582401, 0.895397, 0.601103, 0.762637, 0.768657, -1.0, -1.0, -1.0, -1.0, -1.0], [0.754056, 0.577569, 0.874477, 0.628676, 0.775824, 0.701493, 0.88425, -1.0, -1.0, -1.0, -1.0], [0.738153, 0.532045, 0.848177, 0.580882, 0.626374, 0.589552, 0.870968, 0.840917, -1.0, -1.0, -1.0], [0.703186, 0.456765, 0.780036, 0.534926, 0.591209, 0.563433, 0.827324, 0.692439, 0.895161, -1.0, -1.0], [0.672557, 0.502289, 0.797968, 0.518382, 0.56044, 0.572761, 0.8463, 0.653096, 0.832325, 0.94462, -1.0], [0.62913, 0.519837, 0.808129, 0.53125, 0.573626, 0.559701, 0.6926, 0.585358, 0.666331, 0.957278, 0.876053]]",True,True,True,True,True,True,,mlp,adamw,incremental,strict,unknown_review_needed,manual_review_needed,"not part of main final, ablation, memory-budget, or replay-drift evidence categories",0.7682401236290268,0.6345537621647283,0.6726630241439296,0.23289834121778147,-0.23289834121778147,-0.23289834121778147,,,,,0.5315735691257005,0.627277735182693,0.6584732972745485,0.628448879019256,0.8760529482551144,0.24760406923585843,440.9429702758789,90.90423583984375,68.17817687988281,22.726058959960938,350.03873443603516,2797.2919921875,0.006028294563293457,0.05600295960903168,1.015256404876709,69.15004395246505
az_class,classifier_real_only,ahr_malcl_v15_1_final_ablation_critic5_az_k100_classifier_real_only,42,c1b1f3cd155478a4,ablation,100,result/final-run/AZ-Class/ablation/classifier_real_only/ahr_malcl_v15_1_final_ablation_critic5_az_k100_classifier_real_only_results.json,result/final-run/AZ-Class/ablation/classifier_real_only/ahr_malcl_v15_1_final_ablation_critic5_az_k100_classifier_real_only_results.json,1,run,az,,11,"[0.8298937384736981, 0.13675991206125387, 0.0991193938152775, 0.14723784128456321, 0.10864551837236713, 0.060923965351299326, 0.09005546578154343, 0.10747827442422353, 0.00879561762209706, 0.043715645405245876, 0.04905633950768584]","[[0.829894, -1.0, -1.0, -1.0, -1.0, -1.0, -1.0, -1.0, -1.0, -1.0, -1.0], [0.000263, 0.998337, -1.0, -1.0, -1.0, -1.0, -1.0, -1.0, -1.0, -1.0, -1.0], [0.0, 0.0, 0.995885, -1.0, -1.0, -1.0, -1.0, -1.0, -1.0, -1.0, -1.0], [0.0, 0.0, 0.0, 0.976172, -1.0, -1.0, -1.0, -1.0, -1.0, -1.0, -1.0], [0.0, 0.0, 0.0, 0.0, 0.937224, -1.0, -1.0, -1.0, -1.0, -1.0, -1.0], [0.0, 0.0, 0.0, 0.0, 0.0, 0.999211, -1.0, -1.0, -1.0, -1.0, -1.0], [0.0, 0.0, 0.0, 0.0, 0.0, 0.0, 0.97402, -1.0, -1.0, -1.0, -1.0], [0.0, 0.0, 0.0, 0.0, 0.0, 0.0, 0.0, 0.997829, -1.0, -1.0, -1.0], [0.0, 0.0, 0.0, 0.0, 0.0, 0.0, 0.0, 0.0, 0.873563, -1.0, -1.0], [0.0, 0.0, 0.0, 0.0, 0.0, 0.0, 0.0, 0.0, 0.0, 1.0, -1.0], [0.0, 0.0, 0.0, 0.0, 0.0, 0.0, 0.0, 0.0, 0.0, 0.0, 0.964876]]",False,False,False,False,True,True,,mlp,adamw,incremental,strict,valid_ablation,ablation_table,controlled ablation result under final ablation folders,0.15288015564538682,0.00879561762209706,0.0877160030052592,0.9582134436854475,-0.9582134436854475,-0.9582134436854475,0.0035070823292013024,0.004003093870420616,0.049337588885710486,0.04905633950768584,0.006092823533518563,0.007005857944928631,0.049337588885710486,0.0,0.9648760330578512,0.9648760330578512,358.14713287353516,0.0,0.0,0.0,358.14713287353516,429.2080078125,,,,2.124891670544942
az_class,classifier_real_only,ahr_malcl_v15_1_final_ablation_critic5_az_k100_classifier_real_only,43,b592b71d97840a6a,ablation,100,result/final-run/AZ-Class/ablation/classifier_real_only/ahr_malcl_v15_1_final_ablation_critic5_az_k100_classifier_real_only_results.json,result/final-run/AZ-Class/ablation/classifier_real_only/ahr_malcl_v15_1_final_ablation_critic5_az_k100_classifier_real_only_results.json,1,run,az,,11,"[0.8442586889573251, 0.1100861008610086, 0.05591691145614771, 0.06980828333089419, 0.10299772766998777, 0.017254699974246716, 0.1033462676245726, 0.04283457624628045, 0.02180472735110281, 0.013852569086154499, 0.008788823138065059]","[[0.844259, -1.0, -1.0, -1.0, -1.0, -1.0, -1.0, -1.0, -1.0, -1.0, -1.0], [0.0, 0.996962, -1.0, -1.0, -1.0, -1.0, -1.0, -1.0, -1.0, -1.0, -1.0], [0.0, 0.002532, 0.900679, -1.0, -1.0, -1.0, -1.0, -1.0, -1.0, -1.0, -1.0], [0.0, 0.0, 0.0, 0.997213, -1.0, -1.0, -1.0, -1.0, -1.0, -1.0, -1.0], [0.0, 0.0, 0.0, 0.0, 0.98826, -1.0, -1.0, -1.0, -1.0, -1.0, -1.0], [0.0, 0.0, 0.0, 0.0, 0.0, 0.971014, -1.0, -1.0, -1.0, -1.0, -1.0], [0.0, 0.0, 0.0, 0.0, 0.0, 0.0, 0.984987, -1.0, -1.0, -1.0, -1.0], [0.0, 0.0, 0.0, 0.0, 0.0, 0.0, 0.0, 0.978188, -1.0, -1.0, -1.0], [0.0, 0.0, 0.0, 0.0, 0.0, 0.0, 0.0, 0.0, 0.983793, -1.0, -1.0], [0.0, 0.0, 0.0, 0.0, 0.0, 0.0, 0.0, 0.0, 0.0, 0.852174, -1.0], [0.0, 0.0, 0.0, 0.0, 0.0, 0.0, 0.0, 0.0, 0.0, 0.0, 0.961686]]",False,False,False,False,True,True,,mlp,adamw,incremental,strict,valid_ablation,ablation_table,controlled ablation result under final ablation folders,0.12644994324507142,0.008788823138065059,0.08742598397770812,0.9497528387059084,-0.9497528387059084,-0.9497528387059084,0.0016016592716690163,0.0003429162827965747,0.04861319340329835,0.008788823138065059,0.003005238748623071,0.0006398941274972845,0.04861319340329835,0.0,0.9616858237547893,0.9616858237547893,358.14713287353516,0.0,0.0,0.0,358.14713287353516,429.2080078125,,,,1.5440831025441488
az_class,classifier_real_only,ahr_malcl_v15_1_final_ablation_critic5_az_k100_classifier_real_only,44,e36ff0eb89867a56,ablation,100,result/final-run/AZ-Class/ablation/classifier_real_only/ahr_malcl_v15_1_final_ablation_critic5_az_k100_classifier_real_only_results.json,result/final-run/AZ-Class/ablation/classifier_real_only/ahr_malcl_v15_1_final_ablation_critic5_az_k100_classifier_real_only_results.json,1,run,az,,11,"[0.8590362938189026, 0.07403785307484324, 0.056908804860847394, 0.013908949874284492, 0.10712751229292977, 0.03097030828242648, 0.10511399686984477, 0.05275366955965284, 0.03518388927766115, 0.04473352605440664, 0.05616443152771455]","[[0.859036, -1.0, -1.0, -1.0, -1.0, -1.0, -1.0, -1.0, -1.0, -1.0, -1.0], [0.003221, 0.998383, -1.0, -1.0, -1.0, -1.0, -1.0, -1.0, -1.0, -1.0, -1.0], [0.0, 0.0, 0.999048, -1.0, -1.0, -1.0, -1.0, -1.0, -1.0, -1.0, -1.0], [0.0, 0.0, 0.002857, 0.988462, -1.0, -1.0, -1.0, -1.0, -1.0, -1.0, -1.0], [0.0, 0.0, 0.0, 0.0, 0.995563, -1.0, -1.0, -1.0, -1.0, -1.0, -1.0], [0.0, 0.0, 0.0, 0.0, 0.222272, 0.9, -1.0, -1.0, -1.0, -1.0, -1.0], [0.0, 0.0, 0.0, 0.0, 0.0, 0.0, 0.984548, -1.0, -1.0, -1.0, -1.0], [0.0, 0.0, 0.0, 0.0, 0.0, 0.0, 0.0, 0.968429, -1.0, -1.0, -1.0], [0.0, 0.0, 0.0, 0.0, 0.0, 0.0, 0.0, 0.138032, 0.997218, -1.0, -1.0], [0.0, 0.0, 0.0, 0.0, 0.0, 0.0, 0.0, 0.0, 0.0, 0.957937, -1.0], [0.0, 0.0, 0.0, 0.0, 0.0, 0.0, 0.0, 0.0, 0.0, 0.029365, 0.993659]]",False,False,False,False,True,True,,mlp,adamw,incremental,strict,valid_ablation,ablation_table,controlled ablation result under final ablation folders,0.13053993049941034,0.013908949874284492,0.09300217502500317,0.961925898380367,-0.961925898380367,-0.961925898380367,0.01153361035350197,0.006490264062581676,0.05840905601184108,0.05616443152771455,0.012665997753002398,0.010491534311749161,0.05840905601184108,0.0013712845600770884,0.9936588459099556,0.9922875613498785,358.14713287353516,0.0,0.0,0.0,358.14713287353516,429.2080078125,,,,1.6056593259175618
az_class,classifier_real_only,ahr_malcl_v15_1_final_ablation_critic5_az_k100_classifier_real_only,45,809603f015c13616,ablation,100,result/final-run/AZ-Class/ablation/classifier_real_only/ahr_malcl_v15_1_final_ablation_critic5_az_k100_classifier_real_only_results.json,result/final-run/AZ-Class/ablation/classifier_real_only/ahr_malcl_v15_1_final_ablation_critic5_az_k100_classifier_real_only_results.json,1,run,az,,11,"[0.8573755803535066, 0.1224825024996429, 0.04982037551684403, 0.027473975490842007, 0.13012406380424218, 0.146004972456491, 0.07190045248868779, 0.05121050824175824, 0.05893037336024218, 0.060769085053987495, 0.07489758044749466]","[[0.857376, -1.0, -1.0, -1.0, -1.0, -1.0, -1.0, -1.0, -1.0, -1.0, -1.0], [0.0, 0.994203, -1.0, -1.0, -1.0, -1.0, -1.0, -1.0, -1.0, -1.0, -1.0], [0.0, 0.0, 0.978695, -1.0, -1.0, -1.0, -1.0, -1.0, -1.0, -1.0, -1.0], [0.0, 0.0, 0.0, 0.981176, -1.0, -1.0, -1.0, -1.0, -1.0, -1.0, -1.0], [0.0, 0.0, 0.0, 0.0, 0.984003, -1.0, -1.0, -1.0, -1.0, -1.0, -1.0], [0.0, 0.0, 0.0, 0.0, 0.0, 0.991066, -1.0, -1.0, -1.0, -1.0, -1.0], [0.0, 0.0, 0.0, 0.0, 0.0, 0.000662, 1.0, -1.0, -1.0, -1.0, -1.0], [0.0, 0.0, 0.0, 0.0, 0.0, 0.0, 0.0, 0.997492, -1.0, -1.0, -1.0], [0.0, 0.0, 0.0, 0.0, 0.0, 0.0, 0.0, 0.0, 0.987153, -1.0, -1.0], [0.0, 0.0, 0.0, 0.0, 0.0, 0.0, 0.0, 0.0, 0.0, 0.990123, -1.0], [0.0, 0.0, 0.0, 0.0, 0.0, 0.0, 0.0, 0.0, 0.0, 0.0, 0.988447]]",False,False,False,False,True,True,,mlp,adamw,incremental,strict,valid_ablation,ablation_table,controlled ablation result under final ablation folders,0.1500899517921581,0.027473975490842007,0.0898588472525626,0.9761287578631874,-0.9761287578631874,-0.9761287578631874,0.0038979566614945806,0.008822422185949572,0.04963585113364786,0.07489758044749466,0.006944751730437712,0.015453061162548442,0.04963585113364786,0.0,0.9884473197781886,0.9884473197781886,358.14713287353516,0.0,0.0,0.0,358.14713287353516,429.2080078125,,,,1.6324675758679708
az_class,classifier_real_only,ahr_malcl_v15_1_final_ablation_critic5_az_k100_classifier_real_only,46,67bc0d92e8af9ceb,ablation,100,result/final-run/AZ-Class/ablation/classifier_real_only/ahr_malcl_v15_1_final_ablation_critic5_az_k100_classifier_real_only_results.json,result/final-run/AZ-Class/ablation/classifier_real_only/ahr_malcl_v15_1_final_ablation_critic5_az_k100_classifier_real_only_results.json,1,run,az,,11,"[0.8360814118253252, 0.12266486608147648, 0.019087548960114747, 0.058860363180964305, 0.1004546946046032, 0.026348291477974475, 0.06071796633459292, 0.05105117340286832, 0.0885070694325899, 0.012274659240803166, 0.04359396337406772]","[[0.836081, -1.0, -1.0, -1.0, -1.0, -1.0, -1.0, -1.0, -1.0, -1.0, -1.0], [0.0, 0.970614, -1.0, -1.0, -1.0, -1.0, -1.0, -1.0, -1.0, -1.0, -1.0], [0.0, 0.0, 0.974648, -1.0, -1.0, -1.0, -1.0, -1.0, -1.0, -1.0, -1.0], [0.0, 0.0, 0.329577, 0.974928, -1.0, -1.0, -1.0, -1.0, -1.0, -1.0, -1.0], [0.0, 0.0, 0.0, 0.0, 0.988013, -1.0, -1.0, -1.0, -1.0, -1.0, -1.0], [0.0, 0.0, 0.0, 0.0, 0.024435, 0.99053, -1.0, -1.0, -1.0, -1.0, -1.0], [0.0, 0.0, 0.0, 0.0, 0.0, 0.0, 0.99089, -1.0, -1.0, -1.0, -1.0], [0.0, 0.0, 0.0, 0.0, 0.0, 0.0, 0.0, 0.997611, -1.0, -1.0, -1.0], [0.0, 0.0, 0.0, 0.0, 0.0, 0.0, 0.0, 0.0, 0.992509, -1.0, -1.0], [0.0, 0.0, 0.0, 0.0, 0.0, 0.0, 0.0, 0.0, 0.0, 0.971014, -1.0], [0.0, 0.0, 0.0, 0.0, 0.0, 0.0, 0.0, 0.0, 0.0, 0.0, 0.982636]]",False,False,False,False,True,True,,mlp,adamw,incremental,strict,valid_ablation,ablation_table,controlled ablation result under final ablation folders,0.12905836435594364,0.012274659240803166,0.08933055894381861,0.9686839912982859,-0.9686839912982859,-0.9686839912982859,0.001570973248903613,0.0023610231905801197,0.049670531539269015,0.04359396337406772,0.003014322003102512,0.004462623420275991,0.049670531539269015,0.0,0.9826361483820047,0.9826361483820047,358.14713287353516,0.0,0.0,0.0,358.14713287353516,429.2080078125,,,,1.6114087621370952
az_class,hybrid_diversity_buffer,ahr_malcl_v15_1_final_ablation_critic5_az_k100_hybrid_diversity_buffer,42,cc5f4b33d7d48e43,ablation,100,result/final-run/AZ-Class/ablation/hybrid_diversity_buffer/ahr_malcl_v15_1_final_ablation_critic5_az_k100_hybrid_diversity_buffer_results.json,result/final-run/AZ-Class/ablation/hybrid_diversity_buffer/ahr_malcl_v15_1_final_ablation_critic5_az_k100_hybrid_diversity_buffer_results.json;result/final-run/AZ-Class/ablation/hybrid_diversity_buffer/seed=42/full-result.json,2,run,az,,11,"[0.8336699745323615, 0.773860965810022, 0.7440098300225272, 0.7120166946843661, 0.660790242402501, 0.6576997112608277, 0.6275494606280299, 0.6149409609913877, 0.598526348275596, 0.5935736156712288, 0.5698728947091986]","[[0.83367, -1.0, -1.0, -1.0, -1.0, -1.0, -1.0, -1.0, -1.0, -1.0, -1.0], [0.745148, 0.9551, -1.0, -1.0, -1.0, -1.0, -1.0, -1.0, -1.0, -1.0, -1.0], [0.696145, 0.929047, 0.888889, -1.0, -1.0, -1.0, -1.0, -1.0, -1.0, -1.0, -1.0], [0.647405, 0.87694, 0.864883, 0.794773, -1.0, -1.0, -1.0, -1.0, -1.0, -1.0, -1.0], [0.592342, 0.916851, 0.733196, 0.676787, 0.736074, -1.0, -1.0, -1.0, -1.0, -1.0, -1.0], [0.586985, 0.933481, 0.731139, 0.646042, 0.64191, 0.868193, -1.0, -1.0, -1.0, -1.0, -1.0], [0.563976, 0.908537, 0.662551, 0.56495, 0.493811, 0.891081, 0.768068, -1.0, -1.0, -1.0, -1.0], [0.557478, 0.855322, 0.557613, 0.540738, 0.483201, 0.856354, 0.599906, 0.803546, -1.0, -1.0, -1.0], [0.53807, 0.913525, 0.520576, 0.494235, 0.522546, 0.895028, 0.536608, 0.728654, 0.877395, -1.0, -1.0], [0.512251, 0.840909, 0.588477, 0.57648, 0.468612, 0.896606, 0.454889, 0.654486, 0.908046, 0.993249, -1.0], [0.525512, 0.802106, 0.528121, 0.468486, 0.441645, 0.914759, 0.495985, 0.586831, 0.67433, 0.997468, 0.459366]]",True,False,False,True,True,True,,mlp,adamw,incremental,strict,valid_ablation,ablation_table,controlled ablation result under final ablation folders,0.671500972635277,0.5698728947091986,0.6267825563700931,0.21427791200325155,-0.20837142036614456,-0.20837142036614456,0.5243863099948752,0.6380654308314766,0.7370466158983088,0.5698728947091986,0.5572554567058845,0.5626577236572686,0.7370466158983088,0.575792230789095,0.459366391184573,-0.11642583960452202,544.3806533813477,186.2335205078125,93.11676025390625,93.11676025390625,358.14713287353516,3132.85546875,0.0029124021530151367,0.05563429370522499,0.827584445476532,20.31766575574875
az_class,hybrid_diversity_buffer,ahr_malcl_v15_1_final_ablation_critic5_az_k100_hybrid_diversity_buffer,43,a297cf4e848cc134,ablation,100,result/final-run/AZ-Class/ablation/hybrid_diversity_buffer/ahr_malcl_v15_1_final_ablation_critic5_az_k100_hybrid_diversity_buffer_results.json,result/final-run/AZ-Class/ablation/hybrid_diversity_buffer/ahr_malcl_v15_1_final_ablation_critic5_az_k100_hybrid_diversity_buffer_results.json;result/final-run/AZ-Class/ablation/hybrid_diversity_buffer/seed=43/full-result.json,2,run,az,,11,"[0.842184652127459, 0.7822878228782287, 0.7329521611414184, 0.6984730962485975, 0.678246809998252, 0.6425015022748733, 0.6396327173537208, 0.5765034348480952, 0.5984984553488037, 0.5843522510424765, 0.5742497986624181]","[[0.842185, -1.0, -1.0, -1.0, -1.0, -1.0, -1.0, -1.0, -1.0, -1.0, -1.0], [0.776193, 0.831392, -1.0, -1.0, -1.0, -1.0, -1.0, -1.0, -1.0, -1.0, -1.0], [0.742002, 0.683038, 0.694397, -1.0, -1.0, -1.0, -1.0, -1.0, -1.0, -1.0, -1.0], [0.696499, 0.614177, 0.568761, 0.942857, -1.0, -1.0, -1.0, -1.0, -1.0, -1.0, -1.0], [0.654956, 0.594937, 0.603565, 0.892683, 0.810482, -1.0, -1.0, -1.0, -1.0, -1.0, -1.0], [0.624159, 0.52557, 0.55348, 0.91777, 0.691824, 0.92029, -1.0, -1.0, -1.0, -1.0, -1.0], [0.616366, 0.52962, 0.544992, 0.900348, 0.527463, 0.905797, 0.816185, -1.0, -1.0, -1.0, -1.0], [0.582741, 0.52557, 0.50764, 0.393728, 0.457442, 0.876812, 0.713292, 0.686242, -1.0, -1.0, -1.0], [0.56992, 0.529114, 0.494907, 0.889895, 0.486373, 0.94686, 0.704138, 0.633389, 0.742301, -1.0, -1.0], [0.570674, 0.457215, 0.435484, 0.898258, 0.475472, 0.89372, 0.670817, 0.479866, 0.661264, 0.945652, -1.0], [0.559424, 0.471392, 0.511036, 0.91777, 0.451992, 0.925121, 0.652142, 0.379195, 0.486224, 0.906522, 0.911877]]",True,False,False,True,True,True,,mlp,adamw,incremental,strict,valid_ablation,ablation_table,controlled ablation result under final ablation folders,0.6681711547203949,0.5742497986624181,0.6520631162218057,0.19977364745575804,-0.19711664262484013,-0.19711664262484013,0.5162571734567021,0.6455952909428169,0.7436961370949642,0.5742497986624181,0.5505392419990756,0.5699177691995672,0.7436961370949642,0.5711357693123189,0.9118773946360154,0.34074162532369645,544.3806533813477,186.2335205078125,93.11676025390625,93.11676025390625,358.14713287353516,2927.31591796875,0.002961874008178711,0.05631524324417114,0.8263073563575745,19.972538566589357
az_class,hybrid_diversity_buffer,ahr_malcl_v15_1_final_ablation_critic5_az_k100_hybrid_diversity_buffer,44,67d44792e8e55fd9,ablation,100,result/final-run/AZ-Class/ablation/hybrid_diversity_buffer/ahr_malcl_v15_1_final_ablation_critic5_az_k100_hybrid_diversity_buffer_results.json,result/final-run/AZ-Class/ablation/hybrid_diversity_buffer/ahr_malcl_v15_1_final_ablation_critic5_az_k100_hybrid_diversity_buffer_results.json;result/final-run/AZ-Class/ablation/hybrid_diversity_buffer/seed=44/full-result.json,2,run,az,,11,"[0.8559395515917255, 0.7845596272219985, 0.7561981229316986, 0.7298988926336062, 0.6978087554303719, 0.6757588672633423, 0.6550061334122922, 0.5979282486101668, 0.6073011429904362, 0.5992142910088207, 0.5994607654329633]","[[0.85594, -1.0, -1.0, -1.0, -1.0, -1.0, -1.0, -1.0, -1.0, -1.0, -1.0], [0.777035, 0.882781, -1.0, -1.0, -1.0, -1.0, -1.0, -1.0, -1.0, -1.0, -1.0], [0.734361, 0.870655, 0.957143, -1.0, -1.0, -1.0, -1.0, -1.0, -1.0, -1.0, -1.0], [0.704447, 0.830234, 0.944762, 0.965385, -1.0, -1.0, -1.0, -1.0, -1.0, -1.0, -1.0], [0.674532, 0.571544, 0.868571, 0.980769, 0.82165, -1.0, -1.0, -1.0, -1.0, -1.0, -1.0], [0.648767, 0.687955, 0.726667, 0.965385, 0.790151, 0.876471, -1.0, -1.0, -1.0, -1.0, -1.0], [0.602998, 0.68553, 0.749524, 0.938462, 0.76575, 0.847059, 0.792393, -1.0, -1.0, -1.0, -1.0], [0.538709, 0.696847, 0.722857, 0.965385, 0.775067, 0.829412, 0.716719, 0.501468, -1.0, -1.0, -1.0], [0.593769, 0.670978, 0.652381, 0.846154, 0.661491, 0.864706, 0.615689, 0.321586, 0.930459, -1.0, -1.0], [0.586647, 0.664511, 0.553333, 0.953846, 0.673913, 0.794118, 0.589937, 0.31351, 0.820584, 0.702381, -1.0], [0.56689, 0.667745, 0.624762, 0.965385, 0.678793, 0.782353, 0.595087, 0.312041, 0.815021, 0.56746, 0.851617]]",True,False,False,True,True,True,,mlp,adamw,incremental,strict,valid_ablation,ablation_table,controlled ablation result under final ablation folders,0.6871885816843111,0.5979282486101668,0.6751957587648817,0.17259185753892875,-0.1710533960004672,-0.1710533960004672,0.5243972802333835,0.6630075012223664,0.760511172158513,0.5994607654329633,0.5638988706064245,0.5932388937850637,0.760511172158513,0.5847231487658439,0.8516169942929613,0.2668938455271175,544.3806533813477,186.2335205078125,93.11676025390625,93.11676025390625,358.14713287353516,3159.89794921875,0.005208253860473633,0.05821524187922478,1.1180429458618164,19.918499477704366
az_class,hybrid_diversity_buffer,ahr_malcl_v15_1_final_ablation_critic5_az_k100_hybrid_diversity_buffer,45,dcb823370af3de5c,ablation,100,result/final-run/AZ-Class/ablation/hybrid_diversity_buffer/ahr_malcl_v15_1_final_ablation_critic5_az_k100_hybrid_diversity_buffer_results.json,result/final-run/AZ-Class/ablation/hybrid_diversity_buffer/ahr_malcl_v15_1_final_ablation_critic5_az_k100_hybrid_diversity_buffer_results.json;result/final-run/AZ-Class/ablation/hybrid_diversity_buffer/seed=45/full-result.json,2,run,az,,11,"[0.8645434552415086, 0.7756749035852021, 0.7437809259133735, 0.7170246409276585, 0.6794923103310274, 0.6439818651586798, 0.6452941176470588, 0.6479653159340659, 0.5861150353178608, 0.5669255540822126, 0.570958366889597]","[[0.864543, -1.0, -1.0, -1.0, -1.0, -1.0, -1.0, -1.0, -1.0, -1.0, -1.0], [0.756618, 0.911304, -1.0, -1.0, -1.0, -1.0, -1.0, -1.0, -1.0, -1.0, -1.0], [0.71638, 0.855072, 0.936085, -1.0, -1.0, -1.0, -1.0, -1.0, -1.0, -1.0, -1.0], [0.689745, 0.843478, 0.768309, 0.901176, -1.0, -1.0, -1.0, -1.0, -1.0, -1.0, -1.0], [0.627759, 0.773333, 0.725699, 0.915294, 0.825767, -1.0, -1.0, -1.0, -1.0, -1.0, -1.0], [0.593712, 0.758841, 0.750999, 0.788235, 0.562473, 0.798147, -1.0, -1.0, -1.0, -1.0, -1.0], [0.586055, 0.769275, 0.683089, 0.785882, 0.516645, 0.745533, 0.909893, -1.0, -1.0, -1.0, -1.0], [0.593467, 0.673043, 0.701731, 0.92, 0.588846, 0.680675, 0.899811, 0.738294, -1.0, -1.0, -1.0], [0.571882, 0.443478, 0.725699, 0.734118, 0.530912, 0.649901, 0.89477, 0.5301, 0.427316, -1.0, -1.0], [0.548342, 0.387826, 0.580559, 0.823529, 0.47687, 0.60953, 0.89666, 0.609532, 0.344828, 0.722222, -1.0], [0.571557, 0.433043, 0.593875, 0.792941, 0.392996, 0.607545, 0.889099, 0.488294, 0.325896, 0.514815, 0.786969]]",True,False,False,True,True,True,,mlp,adamw,incremental,strict,valid_ablation,ablation_table,controlled ablation result under final ablation folders,0.6765233173662041,0.5669255540822126,0.5815481226479015,0.24435117447066465,-0.24246882152948818,-0.24246882152948818,0.518064858532484,0.6351814734322346,0.748255745716684,0.570958366889597,0.556049796875627,0.5635172289957009,0.748255745716684,0.5532487213487403,0.7869685767097967,0.23371985536105644,544.3806533813477,186.2335205078125,93.11676025390625,93.11676025390625,358.14713287353516,3058.15625,0.0021756887435913086,0.05358399823307991,0.7002633213996887,19.734072510401408
az_class,hybrid_diversity_buffer,ahr_malcl_v15_1_final_ablation_critic5_az_k100_hybrid_diversity_buffer,46,a2cc58548e215cd3,ablation,100,result/final-run/AZ-Class/ablation/hybrid_diversity_buffer/ahr_malcl_v15_1_final_ablation_critic5_az_k100_hybrid_diversity_buffer_results.json,result/final-run/AZ-Class/ablation/hybrid_diversity_buffer/ahr_malcl_v15_1_final_ablation_critic5_az_k100_hybrid_diversity_buffer_results.json;result/final-run/AZ-Class/ablation/hybrid_diversity_buffer/seed=46/full-result.json,2,run,az,,11,"[0.8371119412598222, 0.7285055142921449, 0.7095492911127048, 0.6724065957002714, 0.6552289879529367, 0.6571062622935822, 0.6049467536928891, 0.5997799869621904, 0.5740527702527183, 0.5699105965117983, 0.5633600616268076]","[[0.837112, -1.0, -1.0, -1.0, -1.0, -1.0, -1.0, -1.0, -1.0, -1.0, -1.0], [0.726652, 0.741318, -1.0, -1.0, -1.0, -1.0, -1.0, -1.0, -1.0, -1.0, -1.0], [0.72092, 0.593054, 0.949296, -1.0, -1.0, -1.0, -1.0, -1.0, -1.0, -1.0, -1.0], [0.674159, 0.520036, 0.957746, 0.878496, -1.0, -1.0, -1.0, -1.0, -1.0, -1.0, -1.0], [0.644467, 0.428317, 0.946479, 0.820636, 0.840479, -1.0, -1.0, -1.0, -1.0, -1.0, -1.0], [0.654386, 0.400267, 0.949296, 0.728062, 0.795758, 0.924242, -1.0, -1.0, -1.0, -1.0, -1.0], [0.606467, 0.331701, 0.946479, 0.737705, 0.697095, 0.581439, 0.705676, -1.0, -1.0, -1.0, -1.0], [0.574391, 0.388246, 0.929577, 0.8081, 0.65929, 0.717803, 0.546601, 0.934713, -1.0, -1.0, -1.0], [0.536777, 0.351291, 0.88169, 0.708775, 0.658829, 0.549242, 0.428872, 0.897293, 0.76571, -1.0, -1.0], [0.545472, 0.350846, 0.8, 0.682739, 0.634855, 0.522727, 0.39103, 0.880573, 0.706201, 0.843478, -1.0], [0.539289, 0.323241, 0.890141, 0.605593, 0.648225, 0.505682, 0.361598, 0.895701, 0.619226, 0.852174, 0.749803]]",True,False,False,True,True,True,,mlp,adamw,incremental,strict,valid_ablation,ablation_table,controlled ablation result under final ablation folders,0.6519962510598061,0.5633600616268076,0.6355156290703745,0.21881020610726934,-0.21796513568473413,-0.21796513568473413,0.5064874345298208,0.6294468544628201,0.7390479287561851,0.5633600616268076,0.5435196367607685,0.5570838700885863,0.7390479287561851,0.5547046753627437,0.749802683504341,0.19509800814159728,544.3806533813477,186.2335205078125,93.11676025390625,93.11676025390625,358.14713287353516,2929.26611328125,0.003547191619873047,0.05427855625748634,0.9057123064994812,19.944554444154104
az_class,hybrid_random_buffer,ahr_malcl_v15_1_final_ablation_critic5_az_k100_hybrid_random_buffer,42,cd874afbae7f6aae,ablation,100,result/final-run/AZ-Class/ablation/hybrid_random_buffer/ahr_malcl_v15_1_final_ablation_critic5_az_k100_hybrid_random_buffer_results.json,result/final-run/AZ-Class/ablation/hybrid_random_buffer/ahr_malcl_v15_1_final_ablation_critic5_az_k100_hybrid_random_buffer_results.json,1,run,az,,11,"[0.8318257662246421, 0.7959214616026078, 0.7882449313946345, 0.7591443974262362, 0.7332035053554041, 0.7258902791145332, 0.7032362318207626, 0.6972448462647598, 0.692384846848237, 0.6966466226435976, 0.6715921425820232]","[[0.831826, -1.0, -1.0, -1.0, -1.0, -1.0, -1.0, -1.0, -1.0, -1.0, -1.0], [0.766927, 0.978936, -1.0, -1.0, -1.0, -1.0, -1.0, -1.0, -1.0, -1.0, -1.0], [0.751559, 0.916851, 0.915638, -1.0, -1.0, -1.0, -1.0, -1.0, -1.0, -1.0, -1.0], [0.723983, 0.881929, 0.872428, 0.764412, -1.0, -1.0, -1.0, -1.0, -1.0, -1.0, -1.0], [0.719856, 0.86031, 0.774348, 0.700999, 0.709549, -1.0, -1.0, -1.0, -1.0, -1.0, -1.0], [0.708615, 0.860865, 0.768861, 0.694081, 0.609637, 0.912391, -1.0, -1.0, -1.0, -1.0, -1.0], [0.67902, 0.856984, 0.797668, 0.673328, 0.526967, 0.8382, 0.781767, -1.0, -1.0, -1.0, -1.0], [0.667603, 0.873614, 0.745542, 0.672944, 0.560124, 0.825572, 0.578177, 0.846237, -1.0, -1.0, -1.0], [0.655397, 0.858647, 0.714678, 0.680246, 0.584439, 0.873717, 0.645725, 0.759407, 0.877395, -1.0, -1.0], [0.660139, 0.849224, 0.703018, 0.642198, 0.600354, 0.865825, 0.597071, 0.730463, 0.873563, 0.989873, -1.0], [0.676473, 0.865299, 0.688615, 0.601845, 0.507515, 0.89266, 0.549362, 0.692836, 0.835249, 0.992405, 0.40978]]",False,False,False,True,True,True,,mlp,adamw,incremental,strict,valid_memory_efficient_hr,memory_efficient_hr_table,ablation hybrid_random_buffer aggregate provides simplified HR memory-efficient result,0.7359395482979489,0.6715921425820232,0.7010945067679869,0.13057639448042382,-0.13057639448042382,-0.13057639448042382,0.600172886343337,0.734491502522999,0.7913255209379014,0.6715921425820232,0.6392906682138242,0.6800648040038783,0.7913255209379014,0.685616261482274,0.4097796143250689,-0.2758366471572051,544.3806533813477,186.2335205078125,93.11676025390625,93.11676025390625,358.14713287353516,3132.900390625,0.0025292634963989258,0.05435429885983467,0.7938724756240845,13.501185210545858
az_class,hybrid_random_buffer,ahr_malcl_v15_1_final_ablation_critic5_az_k100_hybrid_random_buffer,43,87e684aa3261bd8a,ablation,100,result/final-run/AZ-Class/ablation/hybrid_random_buffer/ahr_malcl_v15_1_final_ablation_critic5_az_k100_hybrid_random_buffer_results.json,result/final-run/AZ-Class/ablation/hybrid_random_buffer/ahr_malcl_v15_1_final_ablation_critic5_az_k100_hybrid_random_buffer_results.json,1,run,az,,11,"[0.8418704041229338, 0.7878787878787878, 0.753304657994125, 0.7205229523391385, 0.7107586086348541, 0.7171431024122242, 0.708363748127089, 0.6967047500091841, 0.6867591062576335, 0.6726623789667114, 0.6728176756889247]","[[0.84187, -1.0, -1.0, -1.0, -1.0, -1.0, -1.0, -1.0, -1.0, -1.0, -1.0], [0.780718, 0.84557, -1.0, -1.0, -1.0, -1.0, -1.0, -1.0, -1.0, -1.0, -1.0], [0.760543, 0.742785, 0.673175, -1.0, -1.0, -1.0, -1.0, -1.0, -1.0, -1.0, -1.0], [0.709258, 0.721519, 0.604414, 0.939373, -1.0, -1.0, -1.0, -1.0, -1.0, -1.0, -1.0], [0.690214, 0.669367, 0.582343, 0.888502, 0.838574, -1.0, -1.0, -1.0, -1.0, -1.0, -1.0], [0.701276, 0.698734, 0.583192, 0.892683, 0.766038, 0.905797, -1.0, -1.0, -1.0, -1.0, -1.0], [0.69034, 0.679494, 0.556027, 0.862021, 0.657862, 0.864734, 0.839619, -1.0, -1.0, -1.0, -1.0], [0.686506, 0.646582, 0.518676, 0.896167, 0.636897, 0.857488, 0.76309, 0.763423, -1.0, -1.0, -1.0], [0.671045, 0.639494, 0.520374, 0.897561, 0.663732, 0.881643, 0.753936, 0.656879, 0.789303, -1.0, -1.0], [0.6696, 0.648608, 0.516978, 0.841115, 0.600419, 0.852657, 0.745148, 0.58557, 0.539708, 0.941304, -1.0], [0.665577, 0.628354, 0.468591, 0.88223, 0.632704, 0.896135, 0.760527, 0.500839, 0.560778, 0.930435, 0.911877]]",False,False,False,True,True,True,,mlp,adamw,incremental,strict,valid_memory_efficient_hr,memory_efficient_hr_table,ablation hybrid_random_buffer aggregate provides simplified HR memory-efficient result,0.7244351065846915,0.6726623789667114,0.7125498645382027,0.14518375621319418,-0.14518375621319418,-0.14518375621319418,0.6014249435936153,0.7410208458735844,0.796135340080347,0.6728176756889247,0.6382120257585772,0.6845952355438295,0.796135340080347,0.6706127641529437,0.9118773946360154,0.24126463048307167,544.3806533813477,186.2335205078125,93.11676025390625,93.11676025390625,358.14713287353516,2933.87841796875,0.001516580581665039,0.04300743341445923,0.5665949583053589,13.886510384082793
az_class,hybrid_random_buffer,ahr_malcl_v15_1_final_ablation_critic5_az_k100_hybrid_random_buffer,44,eed388777e45a557,ablation,100,result/final-run/AZ-Class/ablation/hybrid_random_buffer/ahr_malcl_v15_1_final_ablation_critic5_az_k100_hybrid_random_buffer_results.json,result/final-run/AZ-Class/ablation/hybrid_random_buffer/ahr_malcl_v15_1_final_ablation_critic5_az_k100_hybrid_random_buffer_results.json,1,run,az,,11,"[0.8571163136380527, 0.8051544612552494, 0.7726360332013237, 0.776654362595624, 0.7514202511099441, 0.7364682483307288, 0.7281417875724377, 0.6878374595048594, 0.6776300443200374, 0.6861611444666815, 0.6835673517980322]","[[0.857116, -1.0, -1.0, -1.0, -1.0, -1.0, -1.0, -1.0, -1.0, -1.0, -1.0], [0.797163, 0.909458, -1.0, -1.0, -1.0, -1.0, -1.0, -1.0, -1.0, -1.0, -1.0], [0.760002, 0.787389, 0.949524, -1.0, -1.0, -1.0, -1.0, -1.0, -1.0, -1.0, -1.0], [0.761303, 0.813258, 0.917143, 0.988462, -1.0, -1.0, -1.0, -1.0, -1.0, -1.0, -1.0], [0.736529, 0.65481, 0.873333, 0.980769, 0.827862, -1.0, -1.0, -1.0, -1.0, -1.0, -1.0], [0.730645, 0.679871, 0.738095, 0.976923, 0.767081, 0.917647, -1.0, -1.0, -1.0, -1.0, -1.0], [0.716276, 0.669361, 0.834286, 0.969231, 0.694765, 0.870588, 0.784073, -1.0, -1.0, -1.0, -1.0], [0.69398, 0.669361, 0.750476, 0.976923, 0.687666, 0.841176, 0.708796, 0.470631, -1.0, -1.0, -1.0], [0.686052, 0.663703, 0.792381, 0.95, 0.641526, 0.841176, 0.69691, 0.337004, 0.89847, -1.0, -1.0], [0.69813, 0.691997, 0.810476, 0.976923, 0.658829, 0.852941, 0.659271, 0.333333, 0.852573, 0.730159, -1.0], [0.677753, 0.670978, 0.789524, 0.953846, 0.708075, 0.811765, 0.692948, 0.334802, 0.852573, 0.646032, 0.828155]]",False,False,False,True,True,True,,mlp,adamw,incremental,strict,valid_memory_efficient_hr,memory_efficient_hr_table,ablation hybrid_random_buffer aggregate provides simplified HR memory-efficient result,0.7420715870720883,0.6776300443200374,0.7242226666090844,0.11951072103887166,-0.11951072103887166,-0.11951072103887166,0.5982317663041737,0.7263406707340555,0.8002880430659638,0.6835673517980322,0.6454292751772478,0.6842189210633007,0.8002880430659638,0.6751167444963309,0.8281547241597971,0.15303797966346622,544.3806533813477,186.2335205078125,93.11676025390625,93.11676025390625,358.14713287353516,3159.9423828125,0.0031691789627075195,0.05287991464138031,0.8696653246879578,13.631589599450429
az_class,hybrid_random_buffer,ahr_malcl_v15_1_final_ablation_critic5_az_k100_hybrid_random_buffer,45,e9de735d182ae120,ablation,100,result/final-run/AZ-Class/ablation/hybrid_random_buffer/ahr_malcl_v15_1_final_ablation_critic5_az_k100_hybrid_random_buffer_results.json,result/final-run/AZ-Class/ablation/hybrid_random_buffer/ahr_malcl_v15_1_final_ablation_critic5_az_k100_hybrid_random_buffer_results.json,1,run,az,,11,"[0.863566017756781, 0.8137408941579775, 0.790279943062428, 0.7893661879035446, 0.7618775370190384, 0.7279773801979232, 0.7379638009049774, 0.7262620192307693, 0.6875882946518668, 0.6783481720022732, 0.6856682656955776]","[[0.863566, -1.0, -1.0, -1.0, -1.0, -1.0, -1.0, -1.0, -1.0, -1.0, -1.0], [0.800114, 0.910725, -1.0, -1.0, -1.0, -1.0, -1.0, -1.0, -1.0, -1.0, -1.0], [0.777633, 0.821449, 0.925433, -1.0, -1.0, -1.0, -1.0, -1.0, -1.0, -1.0, -1.0], [0.773072, 0.83942, 0.866844, 0.92, -1.0, -1.0, -1.0, -1.0, -1.0, -1.0, -1.0], [0.738373, 0.823188, 0.877497, 0.88, 0.781669, -1.0, -1.0, -1.0, -1.0, -1.0, -1.0], [0.709294, 0.804058, 0.770972, 0.884706, 0.653264, 0.784911, -1.0, -1.0, -1.0, -1.0, -1.0], [0.711086, 0.795942, 0.874834, 0.868235, 0.656723, 0.691926, 0.989288, -1.0, -1.0, -1.0, -1.0], [0.707095, 0.753043, 0.861518, 0.872941, 0.635538, 0.66777, 0.982987, 0.729933, -1.0, -1.0, -1.0], [0.67712, 0.787246, 0.852197, 0.872941, 0.576308, 0.666777, 0.984247, 0.666388, 0.436782, -1.0, -1.0], [0.675246, 0.793043, 0.856192, 0.865882, 0.577605, 0.627399, 0.967864, 0.623746, 0.361055, 0.733333, -1.0], [0.690722, 0.765217, 0.816245, 0.872941, 0.603545, 0.60589, 0.981727, 0.576923, 0.347532, 0.62284, 0.831793]]",False,False,False,True,True,True,,mlp,adamw,incremental,strict,valid_memory_efficient_hr,memory_efficient_hr_table,ablation hybrid_random_buffer aggregate provides simplified HR memory-efficient result,0.7511489556893779,0.6783481720022732,0.7013977804948294,0.1192056303456737,-0.1192056303456737,-0.1192056303456737,0.6182779972149346,0.7352002511288857,0.7978467596171716,0.6856682656955776,0.656932308842058,0.68913304960436,0.7978467596171716,0.6736881985224474,0.8317929759704251,0.15810477744797768,544.3806533813477,186.2335205078125,93.11676025390625,93.11676025390625,358.14713287353516,2975.740234375,0.003171563148498535,0.0655001550912857,0.8731021285057068,13.777976437409718
az_class,hybrid_random_buffer,ahr_malcl_v15_1_final_ablation_critic5_az_k100_hybrid_random_buffer,46,617976a3a581c3aa,ablation,100,result/final-run/AZ-Class/ablation/hybrid_random_buffer/ahr_malcl_v15_1_final_ablation_critic5_az_k100_hybrid_random_buffer_results.json,result/final-run/AZ-Class/ablation/hybrid_random_buffer/ahr_malcl_v15_1_final_ablation_critic5_az_k100_hybrid_random_buffer_results.json,1,run,az,,11,"[0.8372407574391344, 0.745160927301373, 0.7383461135322998, 0.7254748486745982, 0.7059485304457882, 0.695530854032295, 0.6913002404671934, 0.6875407431551499, 0.6857164062789921, 0.6781474424739851, 0.6687208935887111]","[[0.837241, -1.0, -1.0, -1.0, -1.0, -1.0, -1.0, -1.0, -1.0, -1.0, -1.0], [0.747005, 0.732413, -1.0, -1.0, -1.0, -1.0, -1.0, -1.0, -1.0, -1.0, -1.0], [0.748229, 0.635797, 0.95493, -1.0, -1.0, -1.0, -1.0, -1.0, -1.0, -1.0, -1.0], [0.73509, 0.563669, 0.907042, 0.869817, -1.0, -1.0, -1.0, -1.0, -1.0, -1.0, -1.0], [0.688845, 0.569902, 0.912676, 0.84378, 0.869525, -1.0, -1.0, -1.0, -1.0, -1.0, -1.0], [0.691292, 0.466607, 0.907042, 0.76567, 0.841402, 0.914773, -1.0, -1.0, -1.0, -1.0, -1.0], [0.701469, 0.489314, 0.895775, 0.832208, 0.65468, 0.846591, 0.743518, -1.0, -1.0, -1.0, -1.0], [0.68775, 0.491986, 0.912676, 0.733848, 0.693868, 0.780303, 0.659425, 0.914809, -1.0, -1.0, -1.0], [0.661149, 0.445236, 0.88169, 0.7946, 0.753343, 0.852273, 0.634198, 0.886943, 0.821057, -1.0, -1.0], [0.672163, 0.403829, 0.890141, 0.814851, 0.710005, 0.797348, 0.604064, 0.89172, 0.727008, 0.910145, -1.0], [0.660569, 0.448353, 0.861972, 0.68756, 0.698018, 0.859848, 0.62719, 0.879777, 0.686226, 0.857971, 0.712707]]",False,False,False,True,True,True,,mlp,adamw,incremental,strict,valid_memory_efficient_hr,memory_efficient_hr_table,ablation hybrid_random_buffer aggregate provides simplified HR memory-efficient result,0.7144661597626837,0.6687208935887111,0.7254718933649008,0.1300743228883822,-0.1300743228883822,-0.1300743228883822,0.5797641516214368,0.7365164723679893,0.7940728147895803,0.6687208935887111,0.6225512796307549,0.6749892927912967,0.7940728147895803,0.6666788802579511,0.712707182320442,0.04602830206249087,544.3806533813477,186.2335205078125,93.11676025390625,93.11676025390625,358.14713287353516,2933.87841796875,0.002444028854370117,0.050286006182432175,0.7323805689811707,13.989549922943116
az_class,malcl_like,ahr_malcl_v15_1_final_ablation_critic5_az_k100_malcl_like,42,1ac5f6afebce5d50,ablation,100,result/final-run/AZ-Class/ablation/malcl_like/ahr_malcl_v15_1_final_ablation_critic5_az_k100_malcl_like_results.json,result/final-run/AZ-Class/ablation/malcl_like/ahr_malcl_v15_1_final_ablation_critic5_az_k100_malcl_like_results.json,1,run,az,,11,"[0.8307719329059454, 0.44477295125464333, 0.22984504061710698, 0.19610457364790446, 0.12581356019064213, 0.1088065447545717, 0.13840241079617416, 0.1422781653092241, 0.06126070519250058, 0.07367100748884052, 0.08130536783500823]","[[0.830772, -1.0, -1.0, -1.0, -1.0, -1.0, -1.0, -1.0, -1.0, -1.0, -1.0], [0.358128, 0.991685, -1.0, -1.0, -1.0, -1.0, -1.0, -1.0, -1.0, -1.0, -1.0], [0.16352, 0.033814, 0.990398, -1.0, -1.0, -1.0, -1.0, -1.0, -1.0, -1.0, -1.0], [0.078159, 0.0, 0.009602, 0.952729, -1.0, -1.0, -1.0, -1.0, -1.0, -1.0, -1.0], [0.03381, 0.0, 0.004801, 0.051883, 0.852343, -1.0, -1.0, -1.0, -1.0, -1.0, -1.0], [0.038289, 0.022173, 0.002058, 0.05073, 0.172856, 0.993686, -1.0, -1.0, -1.0, -1.0, -1.0], [0.046105, 0.000554, 0.001372, 0.004996, 0.043767, 0.446725, 0.927256, -1.0, -1.0, -1.0, -1.0], [0.036884, 0.001663, 0.002743, 0.000384, 0.056145, 0.224152, 0.05196, 0.977569, -1.0, -1.0, -1.0], [0.029156, 0.029933, 0.0, 0.020753, 0.046419, 0.034728, 0.013699, 0.260492, 0.957854, -1.0, -1.0], [0.025116, 0.007761, 0.0, 0.001153, 0.076039, 0.027624, 0.007558, 0.087916, 0.180077, 0.996624, -1.0], [0.013349, 0.0, 0.0, 0.000769, 0.005305, 0.0, 0.0, 0.019175, 0.0, 0.695359, 0.880854]]",False,False,False,False,False,False,,mlp,adamw,incremental,strict,valid_ablation,ablation_table,controlled ablation result under final ablation folders,0.22118475090841472,0.06126070519250058,0.14680090795306963,0.8736959660847783,-0.8736959660847783,-0.8736959660847783,0.06560934325148553,0.11001662969798928,0.06765657043348723,0.08130536783500823,0.028786077894526554,0.049728729200041406,0.06765657043348723,0.03847714612461726,0.8808539944903582,0.8423768483657409,451.2531509399414,93.11676025390625,93.11676025390625,0.0,358.13639068603516,2652.66796875,0.053334593772888184,0.2195143848657608,3.5653319358825684,4.675771733125051
az_class,malcl_like,ahr_malcl_v15_1_final_ablation_critic5_az_k100_malcl_like,43,aa4e7816df4cb85a,ablation,100,result/final-run/AZ-Class/ablation/malcl_like/ahr_malcl_v15_1_final_ablation_critic5_az_k100_malcl_like_results.json,result/final-run/AZ-Class/ablation/malcl_like/ahr_malcl_v15_1_final_ablation_critic5_az_k100_malcl_like_results.json,1,run,az,,11,"[0.8492866570297278, 0.3748182936374818, 0.2485312631137222, 0.22093760671252255, 0.1856755811920993, 0.0917675336938793, 0.1386914595259134, 0.08250982697182323, 0.09408003448523601, 0.08700261502579687, 0.056444553380720616]","[[0.849287, -1.0, -1.0, -1.0, -1.0, -1.0, -1.0, -1.0, -1.0, -1.0, -1.0], [0.300484, 0.973671, -1.0, -1.0, -1.0, -1.0, -1.0, -1.0, -1.0, -1.0, -1.0], [0.218591, 0.127595, 0.855688, -1.0, -1.0, -1.0, -1.0, -1.0, -1.0, -1.0, -1.0], [0.178053, 0.026835, 0.196944, 0.983275, -1.0, -1.0, -1.0, -1.0, -1.0, -1.0, -1.0], [0.122745, 0.002532, 0.003396, 0.000697, 0.958491, -1.0, -1.0, -1.0, -1.0, -1.0, -1.0], [0.096097, 0.000506, 0.0, 0.002787, 0.087212, 0.956522, -1.0, -1.0, -1.0, -1.0, -1.0], [0.06329, 0.0, 0.0, 0.0, 0.005031, 0.024155, 0.945075, -1.0, -1.0, -1.0, -1.0], [0.05757, 0.0, 0.0, 0.0, 0.0, 0.0, 0.134749, 0.807047, -1.0, -1.0, -1.0], [0.061027, 0.001013, 0.0, 0.062718, 0.02348, 0.002415, 0.283779, 0.115772, 0.949757, -1.0, -1.0], [0.0516, 0.000506, 0.003396, 0.007666, 0.030608, 0.004831, 0.357012, 0.053691, 0.111831, 0.96087, -1.0], [0.036893, 0.0, 0.0, 0.000697, 0.018449, 0.0, 0.169901, 0.028523, 0.032415, 0.447826, 0.980843]]",False,False,False,False,False,False,,mlp,adamw,incremental,strict,valid_ablation,ablation_table,controlled ablation result under final ablation folders,0.22088594770626574,0.056444553380720616,0.1559587956273141,0.8504977373017697,-0.8504977373017697,-0.8504977373017697,0.08596109134663528,0.19988750740926584,0.09496007148968828,0.056444553380720616,0.044388133509320145,0.06281472240772748,0.09496007148968828,0.0479185808184324,0.9808429118773946,0.9329243310589622,451.2531509399414,93.11676025390625,93.11676025390625,0.0,358.13639068603516,2652.66796875,0.07702553272247314,0.23291446268558502,4.475285530090332,4.679435722033182
az_class,malcl_like,ahr_malcl_v15_1_final_ablation_critic5_az_k100_malcl_like,44,10ef5173dc2e69a5,ablation,100,result/final-run/AZ-Class/ablation/malcl_like/ahr_malcl_v15_1_final_ablation_critic5_az_k100_malcl_like_results.json,result/final-run/AZ-Class/ablation/malcl_like/ahr_malcl_v15_1_final_ablation_critic5_az_k100_malcl_like_results.json,1,run,az,,11,"[0.8588504892852719, 0.3939481102226313, 0.29175934465361036, 0.19237147595356552, 0.15606053372798015, 0.11450490126438415, 0.13472357345289962, 0.08346998360196776, 0.05536116942694969, 0.06248610184567489, 0.07136104205329319]","[[0.85885, -1.0, -1.0, -1.0, -1.0, -1.0, -1.0, -1.0, -1.0, -1.0, -1.0], [0.348941, 0.981407, -1.0, -1.0, -1.0, -1.0, -1.0, -1.0, -1.0, -1.0, -1.0], [0.262851, 0.078416, 0.987619, -1.0, -1.0, -1.0, -1.0, -1.0, -1.0, -1.0, -1.0], [0.172303, 0.001617, 0.529524, 0.984615, -1.0, -1.0, -1.0, -1.0, -1.0, -1.0, -1.0], [0.061935, 0.0, 0.00381, 0.253846, 0.975599, -1.0, -1.0, -1.0, -1.0, -1.0, -1.0], [0.052645, 0.0, 0.001905, 0.115385, 0.61047, 0.941176, -1.0, -1.0, -1.0, -1.0, -1.0], [0.0301, 0.0, 0.004762, 0.0, 0.125998, 0.0, 0.954834, -1.0, -1.0, -1.0, -1.0], [0.02849, 0.0, 0.0, 0.0, 0.068323, 0.0, 0.108558, 0.880323, -1.0, -1.0, -1.0], [0.019571, 0.0, 0.0, 0.0, 0.003993, 0.0, 0.038431, 0.232012, 0.954103, -1.0, -1.0], [0.0096, 0.0, 0.0, 0.0, 0.000444, 0.0, 0.052298, 0.190896, 0.047288, 0.87619, -1.0], [0.007742, 0.0, 0.0, 0.0, 0.000887, 0.0, 0.061807, 0.092511, 0.063978, 0.030952, 0.979074]]",False,False,False,False,False,False,,mlp,adamw,incremental,strict,valid_ablation,ablation_table,controlled ablation result under final ablation folders,0.21953606595347533,0.05536116942694969,0.1124501050597667,0.9136840040830518,-0.9136840040830518,-0.9136840040830518,0.06640250343985311,0.11657133645424475,0.07690332592550063,0.07136104205329319,0.029560282975567394,0.032474055038988515,0.07690332592550063,0.01830850196427248,0.9790741915028536,0.9607656895385811,451.2531509399414,93.11676025390625,93.11676025390625,0.0,358.13639068603516,2652.66796875,0.05321204662322998,0.23221902549266815,3.571686029434204,4.486528746287028
az_class,malcl_like,ahr_malcl_v15_1_final_ablation_critic5_az_k100_malcl_like,45,421021a4155c2e8f,ablation,100,result/final-run/AZ-Class/ablation/malcl_like/ahr_malcl_v15_1_final_ablation_critic5_az_k100_malcl_like_results.json,result/final-run/AZ-Class/ablation/malcl_like/ahr_malcl_v15_1_final_ablation_critic5_az_k100_malcl_like_results.json,1,run,az,,11,"[0.8669055958296, 0.43893729467218967, 0.3923269843421677, 0.2930557385689814, 0.16922988965753816, 0.15482864524935408, 0.19502262443438914, 0.1353021978021978, 0.10643794147325933, 0.11225610911157416, 0.13267271262999406]","[[0.866906, -1.0, -1.0, -1.0, -1.0, -1.0, -1.0, -1.0, -1.0, -1.0, -1.0], [0.364829, 0.966377, -1.0, -1.0, -1.0, -1.0, -1.0, -1.0, -1.0, -1.0, -1.0], [0.338112, 0.537391, 0.945406, -1.0, -1.0, -1.0, -1.0, -1.0, -1.0, -1.0, -1.0], [0.268632, 0.428986, 0.005326, 0.955294, -1.0, -1.0, -1.0, -1.0, -1.0, -1.0, -1.0], [0.059379, 0.009275, 0.0, 0.068235, 0.945093, -1.0, -1.0, -1.0, -1.0, -1.0, -1.0], [0.023458, 0.0, 0.0, 0.0, 0.009511, 0.948379, -1.0, -1.0, -1.0, -1.0, -1.0], [0.075507, 0.163478, 0.0, 0.0, 0.187635, 0.360357, 0.994329, -1.0, -1.0, -1.0, -1.0], [0.039912, 0.0, 0.0, 0.0, 0.030264, 0.067505, 0.762445, 0.98495, -1.0, -1.0, -1.0], [0.015558, 0.0, 0.0, 0.0, 0.017294, 0.005625, 0.601764, 0.04097, 0.936444, -1.0, -1.0], [0.027124, 0.0, 0.0, 0.0, 0.01297, 0.008934, 0.613106, 0.0, 0.027721, 0.962346, -1.0], [0.045125, 0.0, 0.0, 0.0, 0.009944, 0.005956, 0.613106, 0.0, 0.015551, 0.12037, 0.925601]]",False,False,False,False,False,False,,mlp,adamw,incremental,strict,valid_ablation,ablation_table,controlled ablation result under final ablation folders,0.27245233943374964,0.10643794147325933,0.1577867086162785,0.8695469082169642,-0.8695469082169642,-0.8695469082169642,0.08523789967892238,0.19605495381323423,0.08729750778633338,0.13267271262999406,0.04778803257316313,0.09591360277494904,0.08729750778633338,0.06766433036559955,0.9256007393715342,0.8579364090059347,451.2531509399414,93.11676025390625,93.11676025390625,0.0,358.13639068603516,2652.66796875,0.09888160228729248,0.2563859820365906,4.839286804199219,4.7238041718800865
az_class,malcl_like,ahr_malcl_v15_1_final_ablation_critic5_az_k100_malcl_like,46,837f55db4411f490,ablation,100,result/final-run/AZ-Class/ablation/malcl_like/ahr_malcl_v15_1_final_ablation_critic5_az_k100_malcl_like_results.json,result/final-run/AZ-Class/ablation/malcl_like/ahr_malcl_v15_1_final_ablation_critic5_az_k100_malcl_like_results.json,1,run,az,,11,"[0.832667783073554, 0.341942381273914, 0.2134936834556187, 0.2615842204132749, 0.18783105986031032, 0.18539865513928913, 0.17206286499484713, 0.17625488917861798, 0.17055701933424872, 0.06994723728565147, 0.1344234742112819]","[[0.832668, -1.0, -1.0, -1.0, -1.0, -1.0, -1.0, -1.0, -1.0, -1.0, -1.0], [0.258276, 0.920303, -1.0, -1.0, -1.0, -1.0, -1.0, -1.0, -1.0, -1.0, -1.0], [0.219438, 0.052093, 0.974648, -1.0, -1.0, -1.0, -1.0, -1.0, -1.0, -1.0, -1.0], [0.241981, 0.005343, 0.698592, 0.960463, -1.0, -1.0, -1.0, -1.0, -1.0, -1.0, -1.0], [0.102924, 0.000445, 0.369014, 0.196721, 0.95574, -1.0, -1.0, -1.0, -1.0, -1.0, -1.0], [0.173258, 0.008014, 0.309859, 0.233365, 0.219456, 0.979167, -1.0, -1.0, -1.0, -1.0, -1.0], [0.15181, 0.002671, 0.050704, 0.144648, 0.045182, 0.13447, 0.915907, -1.0, -1.0, -1.0, -1.0], [0.160054, 0.011576, 0.005634, 0.11379, 0.088059, 0.143939, 0.126139, 0.993631, -1.0, -1.0, -1.0], [0.127077, 0.001336, 0.0, 0.083896, 0.020747, 0.126894, 0.051857, 0.019904, 0.966292, -1.0, -1.0], [0.079093, 0.0, 0.0, 0.076181, 0.005533, 0.022727, 0.044849, 0.020701, 0.062838, 0.976812, -1.0], [0.117996, 0.012467, 0.0, 0.048216, 0.007377, 0.007576, 0.044849, 0.01672, 0.195173, 0.486957, 0.936859]]",False,False,False,False,False,False,,mlp,adamw,incremental,strict,valid_ablation,ablation_table,controlled ablation result under final ablation folders,0.2496512062018735,0.06994723728565147,0.17038069886624727,0.8538300777929981,-0.8538300777929981,-0.8538300777929981,0.1329845598269043,0.25106205611773114,0.11149351315861658,0.1344234742112819,0.058459762099327454,0.10953934222394303,0.11149351315861658,0.0971713322585373,0.9368587213891081,0.8396873891305707,451.2531509399414,93.11676025390625,93.11676025390625,0.0,358.13639068603516,2652.66796875,0.05930459499359131,0.23696936666965485,3.951761484146118,4.2514252463976545
az_class,plus_kd,ahr_malcl_v15_1_final_ablation_critic5_az_k100_plus_kd,42,9773d02f8039a3b6,ablation,100,result/final-run/AZ-Class/ablation/plus_kd/ahr_malcl_v15_1_final_ablation_critic5_az_k100_plus_kd_results.json,result/final-run/AZ-Class/ablation/plus_kd/ahr_malcl_v15_1_final_ablation_critic5_az_k100_plus_kd_results.json,1,run,az,,11,"[0.8336699745323615, 0.8006216359639148, 0.757594375042665, 0.7219871311808012, 0.6805719264080357, 0.6627045235803657, 0.6358911647814124, 0.6323214216125638, 0.6155389244657048, 0.6153761021138451, 0.5734794635666515]","[[0.83367, -1.0, -1.0, -1.0, -1.0, -1.0, -1.0, -1.0, -1.0, -1.0, -1.0], [0.775709, 0.957871, -1.0, -1.0, -1.0, -1.0, -1.0, -1.0, -1.0, -1.0, -1.0], [0.708264, 0.958426, 0.894376, -1.0, -1.0, -1.0, -1.0, -1.0, -1.0, -1.0, -1.0], [0.657768, 0.907982, 0.875857, 0.787855, -1.0, -1.0, -1.0, -1.0, -1.0, -1.0, -1.0], [0.604198, 0.947894, 0.794925, 0.70638, 0.748453, -1.0, -1.0, -1.0, -1.0, -1.0, -1.0], [0.591288, 0.911863, 0.707819, 0.682168, 0.630858, 0.914759, -1.0, -1.0, -1.0, -1.0, -1.0], [0.563537, 0.905765, 0.651578, 0.617986, 0.496463, 0.884767, 0.80633, -1.0, -1.0, -1.0, -1.0], [0.557302, 0.839246, 0.560357, 0.581476, 0.5, 0.913181, 0.68068, 0.83466, -1.0, -1.0, -1.0], [0.550364, 0.837583, 0.58299, 0.586472, 0.522989, 0.899763, 0.620217, 0.69754, 0.911877, -1.0, -1.0], [0.541495, 0.833149, 0.587106, 0.580323, 0.488064, 0.875296, 0.565895, 0.655572, 0.942529, 0.993249, -1.0], [0.536489, 0.835366, 0.583676, 0.456572, 0.447834, 0.807419, 0.530468, 0.58068, 0.808429, 0.994937, 0.391873]]",True,True,False,True,True,True,,mlp,adamw,incremental,strict,valid_ablation,ablation_table,controlled ablation result under final ablation folders,0.6845233312043928,0.5734794635666515,0.6339766151867724,0.2132436835856363,-0.21012311711351392,-0.21012311711351392,0.5216917873393162,0.6500110716035633,0.744864903720369,0.5734794635666515,0.5555212842600759,0.5718656978608665,0.744864903720369,0.5832072896299849,0.3918732782369146,-0.19133401139307032,544.3806533813477,186.2335205078125,93.11676025390625,93.11676025390625,358.14713287353516,2940.0517578125,0.004630923271179199,0.048212554305791855,0.7762693762779236,18.74215523004532
az_class,plus_kd,ahr_malcl_v15_1_final_ablation_critic5_az_k100_plus_kd,43,09e23f00641f0639,ablation,100,result/final-run/AZ-Class/ablation/plus_kd/ahr_malcl_v15_1_final_ablation_critic5_az_k100_plus_kd_results.json,result/final-run/AZ-Class/ablation/plus_kd/ahr_malcl_v15_1_final_ablation_critic5_az_k100_plus_kd_results.json,1,run,az,,11,"[0.842184652127459, 0.8022475679302248, 0.7591271506504407, 0.7061320064393385, 0.6861562663869952, 0.6639196497553438, 0.6539244688616543, 0.6287057786267954, 0.6162799051656009, 0.6035055480952718, 0.5937182674463392]","[[0.842185, -1.0, -1.0, -1.0, -1.0, -1.0, -1.0, -1.0, -1.0, -1.0, -1.0], [0.797687, 0.838987, -1.0, -1.0, -1.0, -1.0, -1.0, -1.0, -1.0, -1.0, -1.0], [0.767582, 0.727089, 0.698642, -1.0, -1.0, -1.0, -1.0, -1.0, -1.0, -1.0, -1.0], [0.701527, 0.672911, 0.554329, 0.927526, -1.0, -1.0, -1.0, -1.0, -1.0, -1.0, -1.0], [0.665577, 0.599494, 0.563667, 0.913589, 0.818868, -1.0, -1.0, -1.0, -1.0, -1.0, -1.0], [0.647665, 0.592911, 0.561121, 0.931707, 0.677568, 0.913043, -1.0, -1.0, -1.0, -1.0, -1.0], [0.626233, 0.571646, 0.534805, 0.939373, 0.569392, 0.92029, 0.809594, -1.0, -1.0, -1.0, -1.0], [0.605933, 0.565063, 0.460102, 0.94007, 0.501048, 0.850242, 0.757964, 0.712248, -1.0, -1.0, -1.0], [0.59374, 0.548354, 0.456706, 0.935889, 0.50021, 0.874396, 0.730502, 0.572148, 0.831442, -1.0, -1.0], [0.590221, 0.54481, 0.42275, 0.910105, 0.47631, 0.89372, 0.705602, 0.457215, 0.632091, 0.954348, -1.0], [0.584438, 0.536203, 0.40747, 0.899652, 0.46457, 0.852657, 0.664958, 0.435403, 0.573744, 0.965217, 0.89272]]",True,True,False,True,True,True,,mlp,adamw,incremental,strict,valid_ablation,ablation_table,controlled ablation result under final ablation folders,0.6869001146804966,0.5937182674463392,0.6615483870852361,0.1982361441433942,-0.1962571510615379,-0.1962571510615379,0.5284267573507623,0.668949148736065,0.7608527962933735,0.5937182674463392,0.5691202456580694,0.5940709177869006,0.7608527962933735,0.5909604919075553,0.89272030651341,0.30175981460585466,544.3806533813477,186.2335205078125,93.11676025390625,93.11676025390625,358.14713287353516,2940.0517578125,0.0018839836120605469,0.042851343750953674,0.51602703332901,18.724173188209534
az_class,plus_kd,ahr_malcl_v15_1_final_ablation_critic5_az_k100_plus_kd,44,43fe61fafb6d5c00,ablation,100,result/final-run/AZ-Class/ablation/plus_kd/ahr_malcl_v15_1_final_ablation_critic5_az_k100_plus_kd_results.json,result/final-run/AZ-Class/ablation/plus_kd/ahr_malcl_v15_1_final_ablation_critic5_az_k100_plus_kd_results.json,1,run,az,,11,"[0.8559395515917255, 0.8088362192947133, 0.7703032604567894, 0.7487829668860001, 0.707213443452523, 0.6847563574371359, 0.6677805507381245, 0.6122065352157741, 0.6227354016017417, 0.6188570157883033, 0.6116460660387268]","[[0.85594, -1.0, -1.0, -1.0, -1.0, -1.0, -1.0, -1.0, -1.0, -1.0, -1.0], [0.802676, 0.889248, -1.0, -1.0, -1.0, -1.0, -1.0, -1.0, -1.0, -1.0, -1.0], [0.753128, 0.840744, 0.951429, -1.0, -1.0, -1.0, -1.0, -1.0, -1.0, -1.0, -1.0], [0.725319, 0.83751, 0.951429, 0.965385, -1.0, -1.0, -1.0, -1.0, -1.0, -1.0, -1.0], [0.685866, 0.609539, 0.88, 0.957692, 0.804348, -1.0, -1.0, -1.0, -1.0, -1.0, -1.0], [0.669763, 0.74131, 0.669524, 0.965385, 0.719166, 0.905882, -1.0, -1.0, -1.0, -1.0, -1.0], [0.632479, 0.735651, 0.717143, 0.969231, 0.682786, 0.888235, 0.780507, -1.0, -1.0, -1.0, -1.0], [0.577852, 0.711399, 0.69619, 0.973077, 0.704525, 0.852941, 0.691759, 0.465492, -1.0, -1.0, -1.0], [0.606156, 0.675829, 0.771429, 0.888462, 0.655723, 0.847059, 0.637084, 0.340675, 0.917942, -1.0, -1.0], [0.614641, 0.672595, 0.650476, 0.953846, 0.649512, 0.9, 0.618463, 0.306167, 0.84701, 0.640476, -1.0], [0.602812, 0.662086, 0.684762, 0.957692, 0.630435, 0.847059, 0.575277, 0.302496, 0.808067, 0.503968, 0.826252]]",True,True,False,True,True,True,,mlp,adamw,incremental,strict,valid_ablation,ablation_table,controlled ablation result under final ablation folders,0.7008233971365052,0.6116460660387268,0.6728096735908644,0.16096862058324962,-0.16019938981401885,-0.16019938981401885,0.5347176902278483,0.672766993366068,0.7739979916454588,0.6116460660387268,0.5780163322680029,0.6075329305676654,0.7739979916454588,0.5991031057742199,0.8262523779327837,0.22714927215856384,544.3806533813477,186.2335205078125,93.11676025390625,93.11676025390625,358.14713287353516,2940.0517578125,0.0020650625228881836,0.03499772772192955,0.5435914993286133,18.846090769767763
az_class,plus_kd,ahr_malcl_v15_1_final_ablation_critic5_az_k100_plus_kd,45,4277eb0fbce0c439,ablation,100,result/final-run/AZ-Class/ablation/plus_kd/ahr_malcl_v15_1_final_ablation_critic5_az_k100_plus_kd_results.json,result/final-run/AZ-Class/ablation/plus_kd/ahr_malcl_v15_1_final_ablation_critic5_az_k100_plus_kd_results.json,1,run,az,,11,"[0.8645434552415086, 0.8170975574917869, 0.7693350504982037, 0.7387007510870998, 0.7001886684580642, 0.669819139082533, 0.6654751131221719, 0.6412688873626373, 0.5896670030272452, 0.579996211403675, 0.5768409258027242]","[[0.864543, -1.0, -1.0, -1.0, -1.0, -1.0, -1.0, -1.0, -1.0, -1.0, -1.0], [0.808585, 0.877681, -1.0, -1.0, -1.0, -1.0, -1.0, -1.0, -1.0, -1.0, -1.0], [0.745378, 0.862029, 0.948069, -1.0, -1.0, -1.0, -1.0, -1.0, -1.0, -1.0, -1.0], [0.708235, 0.836522, 0.916112, 0.908235, -1.0, -1.0, -1.0, -1.0, -1.0, -1.0, -1.0], [0.645679, 0.794203, 0.869507, 0.924706, 0.823173, -1.0, -1.0, -1.0, -1.0, -1.0, -1.0], [0.613912, 0.782609, 0.86285, 0.917647, 0.570687, 0.825612, -1.0, -1.0, -1.0, -1.0, -1.0], [0.602509, 0.789565, 0.71771, 0.938824, 0.544315, 0.76638, 0.904222, -1.0, -1.0, -1.0, -1.0], [0.604464, 0.538551, 0.781625, 0.927059, 0.49546, 0.707809, 0.910523, 0.734114, -1.0, -1.0, -1.0], [0.571882, 0.412174, 0.762983, 0.811765, 0.465197, 0.684646, 0.908633, 0.622074, 0.424611, -1.0, -1.0], [0.563819, 0.396522, 0.728362, 0.802353, 0.427583, 0.655195, 0.902962, 0.59699, 0.353617, 0.725926, -1.0], [0.556162, 0.413333, 0.671105, 0.823529, 0.412884, 0.629054, 0.901701, 0.542642, 0.359026, 0.545062, 0.798983]]",True,True,False,True,True,True,,mlp,adamw,incremental,strict,valid_ablation,ablation_table,controlled ablation result under final ablation folders,0.6920847965979682,0.5768409258027242,0.6048620091010687,0.22185780558709575,-0.21816886233493665,-0.21816886233493665,0.523725141430537,0.6514518773728679,0.7603785559833177,0.5768409258027242,0.5604256160456255,0.5728756571857523,0.7603785559833177,0.5586285281303277,0.7989833641404805,0.24035483601015284,544.3806533813477,186.2335205078125,93.11676025390625,93.11676025390625,358.14713287353516,2940.0517578125,0.0034706592559814453,0.04399871826171875,0.6801968216896057,18.81594957113266
az_class,plus_kd,ahr_malcl_v15_1_final_ablation_critic5_az_k100_plus_kd,46,8d7ba547b69f0032,ablation,100,result/final-run/AZ-Class/ablation/plus_kd/ahr_malcl_v15_1_final_ablation_critic5_az_k100_plus_kd_results.json,result/final-run/AZ-Class/ablation/plus_kd/ahr_malcl_v15_1_final_ablation_critic5_az_k100_plus_kd_results.json,1,run,az,,11,"[0.8371119412598222, 0.7562457798784605, 0.7249406961990401, 0.7025151325401795, 0.6663385365396335, 0.6554594940762087, 0.6382686362074889, 0.6383637548891786, 0.6237057928526366, 0.6154917191851091, 0.5966595469029028]","[[0.837112, -1.0, -1.0, -1.0, -1.0, -1.0, -1.0, -1.0, -1.0, -1.0, -1.0], [0.764717, 0.697685, -1.0, -1.0, -1.0, -1.0, -1.0, -1.0, -1.0, -1.0, -1.0], [0.738568, 0.59528, 0.949296, -1.0, -1.0, -1.0, -1.0, -1.0, -1.0, -1.0, -1.0], [0.71055, 0.533393, 0.957746, 0.861138, -1.0, -1.0, -1.0, -1.0, -1.0, -1.0, -1.0], [0.659346, 0.411398, 0.952113, 0.818708, 0.860765, -1.0, -1.0, -1.0, -1.0, -1.0, -1.0], [0.646786, 0.394924, 0.932394, 0.788814, 0.816505, 0.909091, -1.0, -1.0, -1.0, -1.0, -1.0], [0.6426, 0.35886, 0.946479, 0.820636, 0.727985, 0.651515, 0.680448, -1.0, -1.0, -1.0, -1.0], [0.642213, 0.341051, 0.938028, 0.77242, 0.705394, 0.621212, 0.539594, 0.930732, -1.0, -1.0, -1.0], [0.61149, 0.344167, 0.932394, 0.771456, 0.65468, 0.598485, 0.434478, 0.909236, 0.795256, -1.0, -1.0], [0.607562, 0.327694, 0.909859, 0.741562, 0.654219, 0.535985, 0.365802, 0.919586, 0.774032, 0.863768, -1.0], [0.593778, 0.290739, 0.901408, 0.719383, 0.616413, 0.528409, 0.367905, 0.898885, 0.67707, 0.889855, 0.708761]]",True,True,False,True,True,True,,mlp,adamw,incremental,strict,valid_ablation,ablation_table,controlled ablation result under final ablation folders,0.6777364573209692,0.5966595469029028,0.6538733672430751,0.19098961657626498,-0.19014454615372978,-0.19014454615372978,0.522312724397691,0.660277190583975,0.7650818019181927,0.5966595469029028,0.5630505595577843,0.5902760675209792,0.7650818019181927,0.5914553715374469,0.7087608524072613,0.1173054808698144,544.3806533813477,186.2335205078125,93.11676025390625,93.11676025390625,358.14713287353516,2940.0517578125,0.002152562141418457,0.0388445146381855,0.5164481997489929,18.75599712928136
az_class,real_buffer_only,ahr_malcl_v15_1_final_ablation_critic5_az_k100_real_buffer_only,42,9e20f54c60cc032a,ablation,100,result/final-run/AZ-Class/ablation/real_buffer_only/ahr_malcl_v15_1_final_ablation_critic5_az_k100_real_buffer_only_results.json,result/final-run/AZ-Class/ablation/real_buffer_only/ahr_malcl_v15_1_final_ablation_critic5_az_k100_real_buffer_only_results.json,1,run,az,,11,"[0.8298937384736981, 0.7990296414221818, 0.7704962796095297, 0.7237841284563213, 0.6955875570132732, 0.6743022136669875, 0.6432720443726252, 0.6220724055960407, 0.600802407221665, 0.6042350684325082, 0.5571623656290486]","[[0.829894, -1.0, -1.0, -1.0, -1.0, -1.0, -1.0, -1.0, -1.0, -1.0, -1.0], [0.775885, 0.945122, -1.0, -1.0, -1.0, -1.0, -1.0, -1.0, -1.0, -1.0, -1.0], [0.736454, 0.958426, 0.803841, -1.0, -1.0, -1.0, -1.0, -1.0, -1.0, -1.0, -1.0], [0.677527, 0.875277, 0.80727, 0.774404, -1.0, -1.0, -1.0, -1.0, -1.0, -1.0, -1.0], [0.658734, 0.892461, 0.727023, 0.710223, 0.687003, -1.0, -1.0, -1.0, -1.0, -1.0, -1.0], [0.621762, 0.833149, 0.713306, 0.683705, 0.647657, 0.90371, -1.0, -1.0, -1.0, -1.0, -1.0], [0.591991, 0.828714, 0.691358, 0.630669, 0.5, 0.884767, 0.752008, -1.0, -1.0, -1.0, -1.0], [0.576886, 0.822062, 0.596708, 0.590699, 0.495137, 0.850039, 0.601323, 0.73589, -1.0, -1.0, -1.0], [0.569773, 0.834812, 0.627572, 0.56764, 0.474359, 0.812155, 0.460557, 0.68343, 0.850575, -1.0, -1.0], [0.569685, 0.833703, 0.630316, 0.513067, 0.503095, 0.737174, 0.482759, 0.605644, 0.747126, 0.988186, -1.0], [0.546676, 0.844235, 0.641289, 0.427364, 0.444739, 0.482242, 0.432688, 0.578509, 0.727969, 0.994937, 0.424242]]",True,True,True,False,True,True,,mlp,adamw,incremental,strict,valid_ablation,ablation_table,controlled ablation result under final ablation folders,0.6836943499903526,0.5571623656290486,0.594990037254509,0.21667161527418538,-0.21499830280593163,-0.21499830280593163,0.5183126863223051,0.641903764523094,0.7454873079318898,0.5571623656290486,0.5523721929711338,0.5571669827299619,0.7454873079318898,0.5642822887077139,0.42424242424242425,-0.14003986446528965,451.2638931274414,93.11676025390625,0.0,93.11676025390625,358.14713287353516,445.21533203125,,,,1.7702897548675538
az_class,real_buffer_only,ahr_malcl_v15_1_final_ablation_critic5_az_k100_real_buffer_only,43,72b22a69e9f6bed0,ablation,100,result/final-run/AZ-Class/ablation/real_buffer_only/ahr_malcl_v15_1_final_ablation_critic5_az_k100_real_buffer_only_results.json,result/final-run/AZ-Class/ablation/real_buffer_only/ahr_malcl_v15_1_final_ablation_critic5_az_k100_real_buffer_only_results.json,1,run,az,,11,"[0.8442586889573251, 0.7922956502292295, 0.7506294586655476, 0.6992048392604517, 0.6751879042125503, 0.6615589320971758, 0.6430903991701563, 0.6234157451967232, 0.6098498455348804, 0.5976394091455226, 0.5870653734374452]","[[0.844259, -1.0, -1.0, -1.0, -1.0, -1.0, -1.0, -1.0, -1.0, -1.0, -1.0], [0.794733, 0.772658, -1.0, -1.0, -1.0, -1.0, -1.0, -1.0, -1.0, -1.0, -1.0], [0.763811, 0.692152, 0.670628, -1.0, -1.0, -1.0, -1.0, -1.0, -1.0, -1.0, -1.0], [0.694991, 0.607595, 0.616299, 0.94007, -1.0, -1.0, -1.0, -1.0, -1.0, -1.0, -1.0], [0.663503, 0.553924, 0.575552, 0.941463, 0.742558, -1.0, -1.0, -1.0, -1.0, -1.0, -1.0], [0.648356, 0.554937, 0.567912, 0.941463, 0.677149, 0.884058, -1.0, -1.0, -1.0, -1.0, -1.0], [0.613035, 0.537215, 0.559423, 0.937979, 0.550105, 0.922705, 0.81472, -1.0, -1.0, -1.0, -1.0], [0.618063, 0.512405, 0.551783, 0.947038, 0.460377, 0.922705, 0.747345, 0.498322, -1.0, -1.0, -1.0], [0.60543, 0.541266, 0.52292, 0.926132, 0.445702, 0.934783, 0.699744, 0.405201, 0.787682, -1.0, -1.0], [0.602476, 0.507342, 0.470289, 0.921951, 0.44109, 0.927536, 0.64848, 0.425336, 0.531605, 0.880435, -1.0], [0.598328, 0.511392, 0.440577, 0.908014, 0.396646, 0.900966, 0.643354, 0.36745, 0.442464, 0.891304, 0.831418]]",True,True,True,False,True,True,,mlp,adamw,incremental,strict,valid_ablation,ablation_table,controlled ablation result under final ablation folders,0.6803814769006371,0.5870653734374452,0.6301739028339547,0.17925875286881143,-0.17348942498919723,-0.17348942498919723,0.5248030659665752,0.6585398249519253,0.7475828115672843,0.5870653734374452,0.5575611014927863,0.5802443318428583,0.7475828115672843,0.584811647466252,0.8314176245210728,0.2466059770548208,451.2638931274414,93.11676025390625,0.0,93.11676025390625,358.14713287353516,445.21533203125,,,,1.764261750380198
az_class,real_buffer_only,ahr_malcl_v15_1_final_ablation_critic5_az_k100_real_buffer_only,44,efc714e9659b9191,ablation,100,result/final-run/AZ-Class/ablation/real_buffer_only/ahr_malcl_v15_1_final_ablation_critic5_az_k100_real_buffer_only_results.json,result/final-run/AZ-Class/ablation/real_buffer_only/ahr_malcl_v15_1_final_ablation_critic5_az_k100_real_buffer_only_results.json,1,run,az,,11,"[0.8590362938189026, 0.787378473220963, 0.7486030488797266, 0.7346600331674958, 0.6996228576884518, 0.6739120140171426, 0.6560636182902585, 0.6138063432388113, 0.6001088562320193, 0.5952857460529242, 0.5927028257291922]","[[0.859036, -1.0, -1.0, -1.0, -1.0, -1.0, -1.0, -1.0, -1.0, -1.0, -1.0], [0.782795, 0.847211, -1.0, -1.0, -1.0, -1.0, -1.0, -1.0, -1.0, -1.0, -1.0], [0.728849, 0.853678, 0.928571, -1.0, -1.0, -1.0, -1.0, -1.0, -1.0, -1.0, -1.0], [0.712065, 0.824576, 0.921905, 0.953846, -1.0, -1.0, -1.0, -1.0, -1.0, -1.0, -1.0], [0.678868, 0.561843, 0.865714, 0.965385, 0.815883, -1.0, -1.0, -1.0, -1.0, -1.0, -1.0], [0.666976, 0.552142, 0.715238, 0.965385, 0.728039, 0.8, -1.0, -1.0, -1.0, -1.0, -1.0], [0.625666, 0.595796, 0.766667, 0.980769, 0.692103, 0.858824, 0.754754, -1.0, -1.0, -1.0, -1.0], [0.605413, 0.544058, 0.675238, 0.976923, 0.680568, 0.894118, 0.681062, 0.389868, -1.0, -1.0, -1.0], [0.600582, 0.510105, 0.679048, 0.903846, 0.680124, 0.888235, 0.583201, 0.312041, 0.805285, -1.0, -1.0], [0.593769, 0.518998, 0.672381, 0.976923, 0.657054, 0.894118, 0.585182, 0.306902, 0.784423, 0.619841, -1.0], [0.588815, 0.579628, 0.7, 0.965385, 0.641083, 0.823529, 0.580824, 0.29442, 0.751043, 0.366667, 0.800888]]",True,True,True,False,True,True,,mlp,adamw,incremental,strict,valid_ablation,ablation_table,controlled ablation result under final ablation folders,0.6873800100305352,0.5927028257291922,0.6447528045295372,0.16104112283274624,-0.14829032448467747,-0.14829032448467747,0.5182547880766761,0.6465608314929393,0.7651902031545701,0.5927028257291922,0.5621599293257296,0.5818473233919038,0.7651902031545701,0.5805351715958788,0.8008877615726062,0.22035258997672746,451.2638931274414,93.11676025390625,0.0,93.11676025390625,358.14713287353516,445.22802734375,,,,1.7554977893829347
az_class,real_buffer_only,ahr_malcl_v15_1_final_ablation_critic5_az_k100_real_buffer_only,45,26885a3195467dc1,ablation,100,result/final-run/AZ-Class/ablation/real_buffer_only/ahr_malcl_v15_1_final_ablation_critic5_az_k100_real_buffer_only_results.json,result/final-run/AZ-Class/ablation/real_buffer_only/ahr_malcl_v15_1_final_ablation_critic5_az_k100_real_buffer_only_results.json,1,run,az,,11,"[0.8573755803535066, 0.8158120268533067, 0.7698773130888633, 0.7396890235867704, 0.6998456348979475, 0.6555842636376932, 0.6721719457013575, 0.6456473214285714, 0.5869223007063572, 0.5718507293047925, 0.5692426205399349]","[[0.857376, -1.0, -1.0, -1.0, -1.0, -1.0, -1.0, -1.0, -1.0, -1.0, -1.0], [0.811273, 0.848116, -1.0, -1.0, -1.0, -1.0, -1.0, -1.0, -1.0, -1.0, -1.0], [0.754256, 0.826667, 0.894807, -1.0, -1.0, -1.0, -1.0, -1.0, -1.0, -1.0, -1.0], [0.716625, 0.811014, 0.884154, 0.861176, -1.0, -1.0, -1.0, -1.0, -1.0, -1.0, -1.0], [0.659852, 0.795942, 0.856192, 0.847059, 0.762646, -1.0, -1.0, -1.0, -1.0, -1.0, -1.0], [0.63004, 0.757101, 0.813582, 0.781176, 0.490705, 0.770682, -1.0, -1.0, -1.0, -1.0, -1.0], [0.615623, 0.764638, 0.772304, 0.788235, 0.538262, 0.74818, 0.981096, -1.0, -1.0, -1.0, -1.0], [0.599902, 0.678261, 0.715047, 0.703529, 0.505404, 0.729649, 0.986767, 0.610368, -1.0, -1.0, -1.0], [0.583693, 0.371014, 0.655126, 0.708235, 0.476005, 0.66777, 0.984247, 0.587793, 0.377282, -1.0, -1.0], [0.578154, 0.404638, 0.568575, 0.710588, 0.413748, 0.663468, 0.908633, 0.54097, 0.311021, 0.653086, -1.0], [0.568298, 0.41971, 0.677763, 0.670588, 0.394725, 0.617472, 0.907372, 0.485786, 0.332657, 0.47284, 0.787431]]",True,True,True,False,True,True,,mlp,adamw,incremental,strict,valid_ablation,ablation_table,controlled ablation result under final ablation folders,0.6894562509181,0.5692426205399349,0.5758766263353832,0.20750940392816006,-0.2069422961776875,-0.2069422961776875,0.5085079877847266,0.6556969507870888,0.743468102977334,0.5692426205399349,0.5360674043421509,0.5662061838699866,0.743468102977334,0.5513544231862095,0.7874306839186691,0.23607626073245958,451.2638931274414,93.11676025390625,0.0,93.11676025390625,358.14713287353516,445.21533203125,,,,1.743457802136739
az_class,real_buffer_only,ahr_malcl_v15_1_final_ablation_critic5_az_k100_real_buffer_only,46,7be651e41ec314d2,ablation,100,result/final-run/AZ-Class/ablation/real_buffer_only/ahr_malcl_v15_1_final_ablation_critic5_az_k100_real_buffer_only_results.json,result/final-run/AZ-Class/ablation/real_buffer_only/ahr_malcl_v15_1_final_ablation_critic5_az_k100_real_buffer_only_results.json,1,run,az,,11,"[0.8360814118253252, 0.7258609047940581, 0.7082252992773211, 0.6904612815696097, 0.660854075844935, 0.665385846942043, 0.6374098248024733, 0.6337190352020861, 0.625487067205997, 0.6231130001465631, 0.590566896600021]","[[0.836081, -1.0, -1.0, -1.0, -1.0, -1.0, -1.0, -1.0, -1.0, -1.0, -1.0], [0.735991, 0.655833, -1.0, -1.0, -1.0, -1.0, -1.0, -1.0, -1.0, -1.0, -1.0], [0.729486, 0.52805, 0.91831, -1.0, -1.0, -1.0, -1.0, -1.0, -1.0, -1.0, -1.0], [0.710614, 0.458593, 0.949296, 0.802314, -1.0, -1.0, -1.0, -1.0, -1.0, -1.0, -1.0], [0.660956, 0.41496, 0.957746, 0.80135, 0.798986, -1.0, -1.0, -1.0, -1.0, -1.0, -1.0], [0.673129, 0.364203, 0.960563, 0.809065, 0.76994, 0.808712, -1.0, -1.0, -1.0, -1.0, -1.0], [0.650071, 0.345948, 0.95493, 0.777242, 0.751959, 0.541667, 0.639103, -1.0, -1.0, -1.0, -1.0], [0.647688, 0.32146, 0.95493, 0.769527, 0.706777, 0.556818, 0.493343, 0.882166, -1.0, -1.0, -1.0], [0.626304, 0.314782, 0.923944, 0.737705, 0.676349, 0.537879, 0.443588, 0.881369, 0.76571, -1.0, -1.0], [0.627464, 0.285396, 0.929577, 0.771456, 0.692485, 0.537879, 0.423266, 0.893312, 0.709946, 0.797101, -1.0], [0.589849, 0.31211, 0.938028, 0.678881, 0.674965, 0.530303, 0.388227, 0.875, 0.608822, 0.86087, 0.641673]]",True,True,True,False,True,True,,mlp,adamw,incremental,strict,valid_ablation,ablation_table,controlled ablation result under final ablation folders,0.6724695131100393,0.590566896600021,0.6453390797900341,0.15074092821903723,-0.14472590231682864,-0.14472590231682864,0.5165956021856771,0.663913993974977,0.7564661444249334,0.590566896600021,0.5531410699221426,0.5854267478700759,0.7564661444249334,0.5881943426645171,0.6416732438831886,0.05347890121867149,451.2638931274414,93.11676025390625,0.0,93.11676025390625,358.14713287353516,445.20263671875,,,,1.7144813458124797
az_class,wgan_projection_generated_only,ahr_malcl_v15_1_final_ablation_critic5_az_k100_wgan_projection_generated_only,42,a841383e22e69b3c,ablation,100,result/final-run/AZ-Class/ablation/wgan_projection_generated_only/ahr_malcl_v15_1_final_ablation_critic5_az_k100_wgan_projection_generated_only_results.json,result/final-run/AZ-Class/ablation/wgan_projection_generated_only/ahr_malcl_v15_1_final_ablation_critic5_az_k100_wgan_projection_generated_only_results.json,1,run,az,,11,"[0.8318257662246421, 0.7186718216966114, 0.43559287323366785, 0.3643267056982204, 0.3726746271716292, 0.3999518768046198, 0.3278158710748133, 0.26425314679864387, 0.19010878790216804, 0.20869148190504297, 0.0976924962358626]","[[0.831826, -1.0, -1.0, -1.0, -1.0, -1.0, -1.0, -1.0, -1.0, -1.0, -1.0], [0.677703, 0.977273, -1.0, -1.0, -1.0, -1.0, -1.0, -1.0, -1.0, -1.0, -1.0], [0.321595, 0.70898, 0.987654, -1.0, -1.0, -1.0, -1.0, -1.0, -1.0, -1.0, -1.0], [0.235444, 0.488914, 0.198217, 0.93505, -1.0, -1.0, -1.0, -1.0, -1.0, -1.0, -1.0], [0.209801, 0.528271, 0.203018, 0.679477, 0.824934, -1.0, -1.0, -1.0, -1.0, -1.0, -1.0], [0.292702, 0.56153, 0.178326, 0.493467, 0.518126, 0.985793, -1.0, -1.0, -1.0, -1.0, -1.0], [0.248441, 0.556541, 0.175583, 0.146042, 0.149425, 0.617206, 0.905527, -1.0, -1.0, -1.0, -1.0], [0.099675, 0.41796, 0.173525, 0.028055, 0.156941, 0.557222, 0.376476, 0.97974, -1.0, -1.0, -1.0], [0.065338, 0.422395, 0.039781, 0.021906, 0.197613, 0.494081, 0.399622, 0.410637, 0.969349, -1.0, -1.0], [0.086063, 0.419069, 0.166667, 0.028824, 0.120248, 0.490923, 0.398205, 0.199349, 0.509579, 0.997468, -1.0], [0.02055, 0.403548, 0.034294, 0.0, 0.065429, 0.031571, 0.021729, 0.053907, 0.126437, 0.058228, 0.890496]]",False,False,False,False,True,True,,mlp,adamw,incremental,strict,valid_ablation,ablation_table,controlled ablation result under final ablation folders,0.38287322315872013,0.0976924962358626,0.1551079252186766,0.8578921575835532,-0.8578921575835532,-0.8578921575835532,0.24372914080245647,0.31827436485086025,0.147385816322817,0.0976924962358626,0.11105680816592906,0.07126035554949625,0.147385816322817,0.05522558748662707,0.890495867768595,0.8352702802819679,451.2638931274414,93.11676025390625,93.11676025390625,0.0,358.14713287353516,2933.87841796875,0.12413108348846436,0.35982465744018555,5.784663200378418,11.711638836065928
az_class,wgan_projection_generated_only,ahr_malcl_v15_1_final_ablation_critic5_az_k100_wgan_projection_generated_only,43,c08a2253be174989,ablation,100,result/final-run/AZ-Class/ablation/wgan_projection_generated_only/ahr_malcl_v15_1_final_ablation_critic5_az_k100_wgan_projection_generated_only_results.json,result/final-run/AZ-Class/ablation/wgan_projection_generated_only/ahr_malcl_v15_1_final_ablation_critic5_az_k100_wgan_projection_generated_only_results.json,1,run,az,,11,"[0.8418704041229338, 0.35815721793581573, 0.30119597146454047, 0.3006488121371774, 0.22928683796539068, 0.16907030646407417, 0.1880594721272427, 0.2000293890746115, 0.23543357999856313, 0.23616510000706764, 0.20179277985923877]","[[0.84187, -1.0, -1.0, -1.0, -1.0, -1.0, -1.0, -1.0, -1.0, -1.0, -1.0], [0.281126, 0.978734, -1.0, -1.0, -1.0, -1.0, -1.0, -1.0, -1.0, -1.0, -1.0], [0.221608, 0.604051, 0.868421, -1.0, -1.0, -1.0, -1.0, -1.0, -1.0, -1.0, -1.0], [0.193577, 0.485063, 0.604414, 0.984669, -1.0, -1.0, -1.0, -1.0, -1.0, -1.0, -1.0], [0.077619, 0.164557, 0.39219, 0.645993, 0.963522, -1.0, -1.0, -1.0, -1.0, -1.0, -1.0], [0.068318, 0.023291, 0.314941, 0.65784, 0.459119, 0.956522, -1.0, -1.0, -1.0, -1.0, -1.0], [0.058073, 0.0, 0.179117, 0.538676, 0.054088, 0.608696, 0.954229, -1.0, -1.0, -1.0, -1.0], [0.051851, 0.14481, 0.090832, 0.540767, 0.118658, 0.586957, 0.655804, 0.951342, -1.0, -1.0, -1.0], [0.095846, 0.076456, 0.125637, 0.611847, 0.248218, 0.550725, 0.640059, 0.571309, 0.97731, -1.0, -1.0], [0.14292, 0.194937, 0.170628, 0.58676, 0.125786, 0.572464, 0.504211, 0.27349, 0.497569, 0.943478, -1.0], [0.106342, 0.14481, 0.070458, 0.51777, 0.081761, 0.509662, 0.48041, 0.260067, 0.486224, 0.806522, 0.996169]]",False,False,False,False,True,True,,mlp,adamw,incremental,strict,valid_ablation,ablation_table,controlled ablation result under final ablation folders,0.29651907919605963,0.16907030646407417,0.40547219426751047,0.595607214587203,-0.595607214587203,-0.595607214587203,0.5036215067282422,0.6595160014345862,0.3156739040807285,0.20179277985923877,0.25379626996740123,0.23712120475428525,0.3156739040807285,0.19446604000282705,0.9961685823754789,0.8017025423726518,451.2638931274414,93.11676025390625,93.11676025390625,0.0,358.14713287353516,2933.87841796875,0.06836307048797607,0.23057013750076294,4.143290996551514,11.469045853614807
az_class,wgan_projection_generated_only,ahr_malcl_v15_1_final_ablation_critic5_az_k100_wgan_projection_generated_only,44,03d90b1155fe7740,ablation,100,result/final-run/AZ-Class/ablation/wgan_projection_generated_only/ahr_malcl_v15_1_final_ablation_critic5_az_k100_wgan_projection_generated_only_results.json,result/final-run/AZ-Class/ablation/wgan_projection_generated_only/ahr_malcl_v15_1_final_ablation_critic5_az_k100_wgan_projection_generated_only_results.json,1,run,az,,11,"[0.8571163136380527, 0.543059310820917, 0.43199696197037923, 0.38768522976515274, 0.29082923569007496, 0.354785244116115, 0.29444608942092126, 0.12798464184297884, 0.16320659357748232, 0.18241790823511972, 0.17700199586820267]","[[0.857116, -1.0, -1.0, -1.0, -1.0, -1.0, -1.0, -1.0, -1.0, -1.0, -1.0], [0.509848, 0.976556, -1.0, -1.0, -1.0, -1.0, -1.0, -1.0, -1.0, -1.0, -1.0], [0.381085, 0.623282, 0.989524, -1.0, -1.0, -1.0, -1.0, -1.0, -1.0, -1.0, -1.0], [0.338846, 0.459175, 0.904762, 0.992308, -1.0, -1.0, -1.0, -1.0, -1.0, -1.0, -1.0], [0.181903, 0.130962, 0.515238, 0.846154, 0.99024, -1.0, -1.0, -1.0, -1.0, -1.0, -1.0], [0.284157, 0.155214, 0.304762, 0.826923, 0.893966, 0.952941, -1.0, -1.0, -1.0, -1.0, -1.0], [0.162579, 0.07114, 0.289524, 0.542308, 0.569654, 0.582353, 0.958796, -1.0, -1.0, -1.0, -1.0], [0.008919, 0.008892, 0.150476, 0.234615, 0.190772, 0.258824, 0.427892, 0.933921, -1.0, -1.0, -1.0], [0.107333, 0.003234, 0.17619, 0.330769, 0.148625, 0.358824, 0.217512, 0.393539, 0.986092, -1.0, -1.0], [0.089991, 0.021827, 0.16, 0.246154, 0.194321, 0.164706, 0.258716, 0.222467, 0.869263, 0.923016, -1.0], [0.079648, 0.013743, 0.105714, 0.246154, 0.15661, 0.005882, 0.165214, 0.197504, 0.709318, 0.368254, 0.991122]]",False,False,False,False,True,True,,mlp,adamw,incremental,strict,valid_ablation,ablation_table,controlled ablation result under final ablation folders,0.346411774995036,0.12798464184297884,0.2762876872030176,0.7512466510007579,-0.7512466510007579,-0.7512466510007579,0.4655631407031102,0.5078750015928345,0.2462154309417235,0.17700199586820267,0.20504746517696276,0.15763626993015545,0.2462154309417235,0.12941961307538358,0.9911223842739378,0.8617027711985543,451.2638931274414,93.11676025390625,93.11676025390625,0.0,358.14713287353516,2933.87841796875,0.12258648872375488,0.33616605401039124,5.385741710662842,11.695168650150299
az_class,wgan_projection_generated_only,ahr_malcl_v15_1_final_ablation_critic5_az_k100_wgan_projection_generated_only,45,5acfeab50caf4cea,ablation,100,result/final-run/AZ-Class/ablation/wgan_projection_generated_only/ahr_malcl_v15_1_final_ablation_critic5_az_k100_wgan_projection_generated_only_results.json,result/final-run/AZ-Class/ablation/wgan_projection_generated_only/ahr_malcl_v15_1_final_ablation_critic5_az_k100_wgan_projection_generated_only_results.json,1,run,az,,11,"[0.863566017756781, 0.4637908870161406, 0.3651460719853589, 0.34563183555145605, 0.2552741409867932, 0.2713888753473407, 0.2998642533936652, 0.20565762362637363, 0.17509586276488395, 0.14199659026330744, 0.19002766203298435]","[[0.863566, -1.0, -1.0, -1.0, -1.0, -1.0, -1.0, -1.0, -1.0, -1.0, -1.0], [0.392523, 0.971014, -1.0, -1.0, -1.0, -1.0, -1.0, -1.0, -1.0, -1.0, -1.0], [0.273845, 0.75942, 0.952064, -1.0, -1.0, -1.0, -1.0, -1.0, -1.0, -1.0, -1.0], [0.262605, 0.663768, 0.629827, 0.950588, -1.0, -1.0, -1.0, -1.0, -1.0, -1.0, -1.0], [0.088784, 0.366957, 0.364847, 0.672941, 0.943364, -1.0, -1.0, -1.0, -1.0, -1.0, -1.0], [0.100269, 0.377971, 0.190413, 0.512941, 0.191526, 0.953011, -1.0, -1.0, -1.0, -1.0, -1.0], [0.09139, 0.387246, 0.153129, 0.576471, 0.277129, 0.746195, 0.996219, -1.0, -1.0, -1.0, -1.0], [0.036491, 0.328696, 0.099867, 0.345882, 0.049287, 0.297154, 0.903592, 0.926421, -1.0, -1.0, -1.0], [0.048139, 0.125797, 0.030626, 0.223529, 0.003026, 0.120781, 0.678009, 0.522575, 0.905341, -1.0, -1.0], [0.032907, 0.295652, 0.0, 0.157647, 0.002162, 0.012244, 0.42029, 0.211538, 0.162948, 0.965432, -1.0], [0.01792, 0.315362, 0.0, 0.148235, 0.016861, 0.056916, 0.733459, 0.196488, 0.207573, 0.412346, 0.931146]]",False,False,False,False,True,True,,mlp,adamw,incremental,strict,valid_ablation,ablation_table,controlled ablation result under final ablation folders,0.3252218018840986,0.14199659026330744,0.27602786452772643,0.7321861256580009,-0.7321861256580009,-0.7321861256580009,0.30739576364682564,0.350082792824443,0.1990093251314783,0.19002766203298435,0.15687115013207753,0.15037266843179156,0.1990093251314783,0.12926690661110057,0.9311460258780037,0.801879119266903,451.2638931274414,93.11676025390625,93.11676025390625,0.0,358.14713287353516,2933.87841796875,0.12108635902404785,0.36166974902153015,5.536652088165283,11.62612005074819
az_class,wgan_projection_generated_only,ahr_malcl_v15_1_final_ablation_critic5_az_k100_wgan_projection_generated_only,46,991e1fcabaa489fc,ablation,100,result/final-run/AZ-Class/ablation/wgan_projection_generated_only/ahr_malcl_v15_1_final_ablation_critic5_az_k100_wgan_projection_generated_only_results.json,result/final-run/AZ-Class/ablation/wgan_projection_generated_only/ahr_malcl_v15_1_final_ablation_critic5_az_k100_wgan_projection_generated_only_results.json,1,run,az,,11,"[0.8372407574391344, 0.3347400405131668, 0.29475368235229216, 0.24212064287205176, 0.17986218534664605, 0.18599332144000733, 0.15346959807626245, 0.14907920469361147, 0.17463910639403274, 0.12846255312912208, 0.1314121642914668]","[[0.837241, -1.0, -1.0, -1.0, -1.0, -1.0, -1.0, -1.0, -1.0, -1.0, -1.0], [0.250612, 0.916296, -1.0, -1.0, -1.0, -1.0, -1.0, -1.0, -1.0, -1.0, -1.0], [0.259565, 0.430543, 0.974648, -1.0, -1.0, -1.0, -1.0, -1.0, -1.0, -1.0, -1.0], [0.16701, 0.361532, 0.771831, 0.926712, -1.0, -1.0, -1.0, -1.0, -1.0, -1.0, -1.0], [0.0599, 0.077026, 0.692958, 0.375121, 0.967727, -1.0, -1.0, -1.0, -1.0, -1.0, -1.0], [0.063313, 0.051647, 0.704225, 0.477338, 0.786999, 0.975379, -1.0, -1.0, -1.0, -1.0, -1.0], [0.07671, 0.044078, 0.571831, 0.075217, 0.250807, 0.327652, 0.901191, -1.0, -1.0, -1.0, -1.0], [0.029499, 0.071238, 0.340845, 0.07811, 0.23882, 0.590909, 0.53679, 0.98965, -1.0, -1.0, -1.0], [0.034587, 0.050757, 0.276056, 0.11379, 0.053481, 0.450758, 0.299229, 0.603503, 0.957137, -1.0, -1.0], [0.017068, 0.034283, 0.284507, 0.054002, 0.039189, 0.333333, 0.207428, 0.552548, 0.59176, 0.968116, -1.0], [0.02718, 0.034728, 0.233803, 0.025072, 0.023513, 0.348485, 0.250876, 0.521497, 0.21057, 0.542029, 0.949487]]",False,False,False,False,True,True,,mlp,adamw,incremental,strict,valid_ablation,ablation_table,controlled ablation result under final ablation folders,0.255615750595254,0.12846255312912208,0.2879309646482874,0.7196342012938275,-0.7196342012938275,-0.7196342012938275,0.38258244194640456,0.4752818112811167,0.21408937236534908,0.1314121642914668,0.1823843400613519,0.1218708380613364,0.21408937236534908,0.09343397332551663,0.9494869771112865,0.8560530037857699,451.2638931274414,93.11676025390625,93.11676025390625,0.0,358.14713287353516,2933.87841796875,0.13089871406555176,0.3439638614654541,5.555436611175537,11.402546000480651
az_class,hybrid_random_buffer,ahr_malcl_hr_hybrid_random_buffer_az_k200,42,57184a79aac643f7,final_best_performance,200,result/final-run/AZ-Class/best-performance setting/K=200/ahr_malcl_hr_hybrid_random_buffer_az_k200_results.json,result/final-run/AZ-Class/best-performance setting/K=200/ahr_malcl_hr_hybrid_random_buffer_az_k200_results.json;result/final-run/AZ-Class/best-performance setting/K=200/seed=42/full-result.json,2,run,az,,11,"[0.8336699745323615, 0.8066105678113865, 0.8096798416274148, 0.7829111355863428, 0.7646184594885461, 0.752502406159769, 0.7325850548106739, 0.7202759050699505, 0.7193117814983412, 0.7279300549673516, 0.6942820126755138]","[[0.83367, -1.0, -1.0, -1.0, -1.0, -1.0, -1.0, -1.0, -1.0, -1.0, -1.0], [0.780978, 0.968404, -1.0, -1.0, -1.0, -1.0, -1.0, -1.0, -1.0, -1.0, -1.0], [0.784228, 0.89357, 0.904664, -1.0, -1.0, -1.0, -1.0, -1.0, -1.0, -1.0, -1.0], [0.748485, 0.914634, 0.89369, 0.780169, -1.0, -1.0, -1.0, -1.0, -1.0, -1.0, -1.0], [0.743304, 0.916297, 0.853909, 0.748655, 0.71176, -1.0, -1.0, -1.0, -1.0, -1.0, -1.0], [0.718187, 0.925721, 0.811385, 0.726364, 0.693634, 0.905288, -1.0, -1.0, -1.0, -1.0, -1.0], [0.699745, 0.908537, 0.828532, 0.717909, 0.629973, 0.890292, 0.7265, -1.0, -1.0, -1.0, -1.0], [0.702907, 0.884701, 0.73594, 0.697156, 0.625111, 0.888713, 0.571091, 0.812952, -1.0, -1.0, -1.0], [0.691578, 0.912971, 0.741427, 0.704842, 0.618921, 0.885556, 0.604157, 0.782562, 0.938697, -1.0, -1.0], [0.693335, 0.905765, 0.756516, 0.706764, 0.636605, 0.897395, 0.56495, 0.747106, 0.938697, 0.994093, -1.0], [0.687099, 0.90133, 0.739369, 0.622214, 0.608753, 0.889503, 0.544639, 0.724313, 0.877395, 0.994093, 0.423554]]",False,False,False,True,True,True,hybrid_random_buffer,mlp,adamw,incremental,strict,valid_main_hr,main_final_table,official best-performance simplified AHR-MalCL-HR result,0.7585797449297865,0.6942820126755138,0.7283873519348618,0.0987489132704327,-0.0987489132704327,-0.0987489132704327,0.6195539179638596,0.750292369029432,0.8285756341837501,0.6942820126755138,0.6638206944923604,0.7015385505460221,0.8285756341837501,0.708783709005054,0.42355371900826444,-0.2852299899967896,637.1435699462891,278.9964370727539,93.11676025390625,185.87967681884766,358.14713287353516,3146.4208984375,0.001564621925354004,0.04029746353626251,0.5492575764656067,22.81222138007482
az_class,hybrid_random_buffer,ahr_malcl_hr_hybrid_random_buffer_az_k200,43,49b4669f01655cf6,final_best_performance,200,result/final-run/AZ-Class/best-performance setting/K=200/ahr_malcl_hr_hybrid_random_buffer_az_k200_results.json,result/final-run/AZ-Class/best-performance setting/K=200/ahr_malcl_hr_hybrid_random_buffer_az_k200_results.json;result/final-run/AZ-Class/best-performance setting/K=200/seed=43/full-result.json,2,run,az,,11,"[0.842184652127459, 0.793469752879347, 0.760228703315149, 0.7530611249329235, 0.7453679426673658, 0.7444415829684952, 0.7344500364977525, 0.7274898056647441, 0.7166822329190315, 0.7109689730723019, 0.7139605728491893]","[[0.842185, -1.0, -1.0, -1.0, -1.0, -1.0, -1.0, -1.0, -1.0, -1.0, -1.0], [0.791968, 0.80557, -1.0, -1.0, -1.0, -1.0, -1.0, -1.0, -1.0, -1.0, -1.0], [0.772484, 0.72, 0.662139, -1.0, -1.0, -1.0, -1.0, -1.0, -1.0, -1.0, -1.0], [0.745082, 0.743797, 0.642615, 0.944948, -1.0, -1.0, -1.0, -1.0, -1.0, -1.0, -1.0], [0.737226, 0.716962, 0.614601, 0.89338, 0.798742, -1.0, -1.0, -1.0, -1.0, -1.0, -1.0], [0.73446, 0.705823, 0.634126, 0.896167, 0.777358, 0.910628, -1.0, -1.0, -1.0, -1.0, -1.0], [0.717302, 0.698734, 0.597623, 0.894077, 0.7174, 0.913043, 0.823142, -1.0, -1.0, -1.0, -1.0], [0.720005, 0.69519, 0.578098, 0.860627, 0.679665, 0.879227, 0.813988, 0.713087, -1.0, -1.0, -1.0], [0.715103, 0.682532, 0.601868, 0.876655, 0.666247, 0.903382, 0.786525, 0.607383, 0.685575, -1.0, -1.0], [0.705675, 0.672911, 0.567063, 0.878049, 0.671279, 0.896135, 0.789454, 0.622483, 0.557536, 0.913043, -1.0], [0.705047, 0.667848, 0.578947, 0.861324, 0.695178, 0.886473, 0.787624, 0.614933, 0.570502, 0.954348, 0.900383]]",False,False,False,True,True,True,hybrid_random_buffer,mlp,adamw,incremental,strict,valid_main_hr,main_final_table,official best-performance simplified AHR-MalCL-HR result,0.7493004890812508,0.7109689730723019,0.747509802495242,0.07792499551134209,-0.07768344961762229,-0.07768344961762229,0.6294217424804692,0.7616662997613601,0.8351603147915406,0.7139605728491893,0.6781164512983427,0.7202082334337633,0.8351603147915406,0.7122411477842957,0.9003831417624522,0.18814199397815645,637.1435699462891,278.9964370727539,93.11676025390625,185.87967681884766,358.14713287353516,3085.27294921875,0.0011682510375976562,0.036060113459825516,0.4745286703109741,22.245619412263235
az_class,hybrid_random_buffer,ahr_malcl_hr_hybrid_random_buffer_az_k200,44,80bedf77e9011419,final_best_performance,200,result/final-run/AZ-Class/best-performance setting/K=200/ahr_malcl_hr_hybrid_random_buffer_az_k200_results.json,result/final-run/AZ-Class/best-performance setting/K=200/ahr_malcl_hr_hybrid_random_buffer_az_k200_results.json;result/final-run/AZ-Class/best-performance setting/K=200/seed=44/full-result.json,2,run,az,,11,"[0.8559395515917255, 0.8178680319852729, 0.8043725926327782, 0.7960733964585673, 0.7727598224089368, 0.7607141165885306, 0.7542405143606447, 0.7288725352957645, 0.7204338698390483, 0.7148469349936996, 0.7132952834483001]","[[0.85594, -1.0, -1.0, -1.0, -1.0, -1.0, -1.0, -1.0, -1.0, -1.0, -1.0], [0.811346, 0.902991, -1.0, -1.0, -1.0, -1.0, -1.0, -1.0, -1.0, -1.0, -1.0], [0.793695, 0.820534, 0.949524, -1.0, -1.0, -1.0, -1.0, -1.0, -1.0, -1.0, -1.0], [0.782733, 0.8173, 0.931429, 0.976923, -1.0, -1.0, -1.0, -1.0, -1.0, -1.0, -1.0], [0.763223, 0.806791, 0.828571, 0.980769, 0.772405, -1.0, -1.0, -1.0, -1.0, -1.0, -1.0], [0.749226, 0.801132, 0.800952, 0.969231, 0.764862, 0.935294, -1.0, -1.0, -1.0, -1.0, -1.0], [0.75096, 0.771221, 0.867619, 0.984615, 0.689885, 0.923529, 0.742076, -1.0, -1.0, -1.0, -1.0], [0.73783, 0.763945, 0.86, 0.984615, 0.705856, 0.917647, 0.751981, 0.412628, -1.0, -1.0, -1.0], [0.730212, 0.754244, 0.771429, 0.953846, 0.704525, 0.917647, 0.722266, 0.400881, 0.885953, -1.0, -1.0], [0.727611, 0.755861, 0.787619, 0.973077, 0.682786, 0.917647, 0.732171, 0.339207, 0.840056, 0.726984, -1.0], [0.721417, 0.734842, 0.811429, 0.969231, 0.678793, 0.911765, 0.719493, 0.347283, 0.845619, 0.688095, 0.79962]]",False,False,False,True,True,True,hybrid_random_buffer,mlp,adamw,incremental,strict,valid_main_hr,main_final_table,official best-performance simplified AHR-MalCL-HR result,0.767219695418479,0.7132952834483001,0.7479624265449896,0.07503477328453761,-0.07327505123163013,-0.07327505123163013,0.6304056276932389,0.7525087184146384,0.8337593429685971,0.7132952834483001,0.6793185301303976,0.7143605075477201,0.8337593429685971,0.7082499444073826,0.7996195307545974,0.0913695863472147,637.1435699462891,278.9964370727539,93.11676025390625,185.87967681884766,358.14713287353516,3064.880859375,0.0008014440536499023,0.03396877273917198,0.37692558765411377,22.356318966547647
az_class,hybrid_random_buffer,ahr_malcl_hr_hybrid_random_buffer_az_k200,45,8695a18d8f5c3e78,final_best_performance,200,result/final-run/AZ-Class/best-performance setting/K=200/ahr_malcl_hr_hybrid_random_buffer_az_k200_results.json,result/final-run/AZ-Class/best-performance setting/K=200/ahr_malcl_hr_hybrid_random_buffer_az_k200_results.json;result/final-run/AZ-Class/best-performance setting/K=200/seed=45/full-result.json,2,run,az,,11,"[0.8645434552415086, 0.8188115983430938, 0.8077679116111978, 0.8003689550665437, 0.7778285975644618, 0.7680982791400576, 0.7691402714932126, 0.7467805631868132, 0.7338446014127145, 0.7116878196628149, 0.7163766238313667]","[[0.864543, -1.0, -1.0, -1.0, -1.0, -1.0, -1.0, -1.0, -1.0, -1.0, -1.0], [0.805816, 0.911304, -1.0, -1.0, -1.0, -1.0, -1.0, -1.0, -1.0, -1.0, -1.0], [0.790095, 0.876522, 0.938748, -1.0, -1.0, -1.0, -1.0, -1.0, -1.0, -1.0, -1.0], [0.778692, 0.873043, 0.917443, 0.924706, -1.0, -1.0, -1.0, -1.0, -1.0, -1.0, -1.0], [0.754908, 0.834783, 0.917443, 0.952941, 0.779507, -1.0, -1.0, -1.0, -1.0, -1.0, -1.0], [0.7545, 0.843478, 0.89747, 0.934118, 0.683528, 0.789543, -1.0, -1.0, -1.0, -1.0, -1.0], [0.745703, 0.833043, 0.901465, 0.948235, 0.623, 0.767042, 0.987398, -1.0, -1.0, -1.0, -1.0], [0.736906, 0.84, 0.876165, 0.941176, 0.524859, 0.746525, 0.989918, 0.670569, -1.0, -1.0, -1.0], [0.73992, 0.831884, 0.910786, 0.908235, 0.626459, 0.720715, 0.986137, 0.641304, 0.427992, -1.0, -1.0], [0.719964, 0.824348, 0.888149, 0.924706, 0.570687, 0.719722, 0.977946, 0.581104, 0.350237, 0.74321, -1.0], [0.722571, 0.824928, 0.87217, 0.941176, 0.629053, 0.674057, 0.977946, 0.574415, 0.380663, 0.652469, 0.812847]]",False,False,False,True,True,True,hybrid_random_buffer,mlp,adamw,incremental,strict,valid_main_hr,main_final_table,official best-performance simplified AHR-MalCL-HR result,0.7741135160503443,0.7116878196628149,0.732935822905786,0.08188287351640702,-0.07880729621554339,-0.07880729621554339,0.6313917102100273,0.762151291551344,0.8444721903431223,0.7163766238313667,0.6818523765079041,0.717470098004549,0.8444721903431223,0.7084675127865125,0.8128465804066544,0.10437906762014182,637.1435699462891,278.9964370727539,93.11676025390625,185.87967681884766,358.14713287353516,2927.31591796875,0.002162456512451172,0.04646281525492668,0.6582555174827576,22.226526975631714
az_class,hybrid_random_buffer,ahr_malcl_hr_hybrid_random_buffer_az_k200,46,9ce8d1a5fef303f8,final_best_performance,200,result/final-run/AZ-Class/best-performance setting/K=200/ahr_malcl_hr_hybrid_random_buffer_az_k200_results.json,result/final-run/AZ-Class/best-performance setting/K=200/ahr_malcl_hr_hybrid_random_buffer_az_k200_results.json;result/final-run/AZ-Class/best-performance setting/K=200/seed=46/full-result.json,2,run,az,,11,"[0.8371119412598222, 0.7588903893765474, 0.7454625696474871, 0.7463994990607389, 0.735855247738246, 0.7231142216732995, 0.7143163861216077, 0.7274282920469362, 0.7192266300515827, 0.711014216620255, 0.709688714590847]","[[0.837112, -1.0, -1.0, -1.0, -1.0, -1.0, -1.0, -1.0, -1.0, -1.0, -1.0], [0.763171, 0.729297, -1.0, -1.0, -1.0, -1.0, -1.0, -1.0, -1.0, -1.0, -1.0], [0.762527, 0.594835, 0.952113, -1.0, -1.0, -1.0, -1.0, -1.0, -1.0, -1.0, -1.0], [0.75409, 0.616652, 0.929577, 0.849566, -1.0, -1.0, -1.0, -1.0, -1.0, -1.0, -1.0], [0.723432, 0.606411, 0.921127, 0.864031, 0.86722, -1.0, -1.0, -1.0, -1.0, -1.0, -1.0], [0.714543, 0.560997, 0.940845, 0.8081, 0.84509, 0.850379, -1.0, -1.0, -1.0, -1.0, -1.0], [0.716025, 0.516028, 0.943662, 0.847637, 0.768557, 0.871212, 0.713385, -1.0, -1.0, -1.0, -1.0], [0.71377, 0.555654, 0.943662, 0.857281, 0.807284, 0.909091, 0.647512, 0.911624, -1.0, -1.0, -1.0], [0.707265, 0.532947, 0.901408, 0.821601, 0.742739, 0.820076, 0.622285, 0.917994, 0.809821, -1.0, -1.0], [0.70018, 0.495548, 0.912676, 0.816779, 0.7787, 0.854167, 0.609671, 0.882166, 0.756554, 0.910145, -1.0], [0.707201, 0.520481, 0.901408, 0.803279, 0.762102, 0.839015, 0.606167, 0.915605, 0.680816, 0.892754, 0.719021]]",False,False,False,True,True,True,hybrid_random_buffer,mlp,adamw,incremental,strict,valid_main_hr,main_final_table,official best-performance simplified AHR-MalCL-HR result,0.7389552825624882,0.709688714590847,0.7588953437104986,0.08813796965069597,-0.08018333462288778,-0.08018333462288778,0.6193500918676882,0.7553309966101881,0.8318227327030238,0.709688714590847,0.6708928095771715,0.7125520764828012,0.8318227327030238,0.7092554594753041,0.7190213101815311,0.009765850706227042,637.1435699462891,278.9964370727539,93.11676025390625,185.87967681884766,358.14713287353516,3105.71044921875,0.0009666681289672852,0.03463449701666832,0.41414371132850647,22.134082845846812
az_class,hybrid_random_buffer,ahr_malcl_v15_1_final_paper_critic5_az_k100,42,0939296008275640,final_memory_efficient,100,result/final-run/AZ-Class/memory-efficient setting/ahr_malcl_v15_1_final_paper_critic5_az_k100_results.json,result/final-run/AZ-Class/memory-efficient setting/ahr_malcl_v15_1_final_paper_critic5_az_k100_results.json;result/final-run/AZ-Class/memory-efficient setting/seed=42/full-result.json,2,run,az,,11,"[0.8318257662246421, 0.8054734288530059, 0.7719298245614035, 0.7277259289316561, 0.6783682673089735, 0.6607314725697786, 0.6493427086517884, 0.6293986984139356, 0.616966283465782, 0.6179953517541594, 0.5669666304842607]","[[0.831826, -1.0, -1.0, -1.0, -1.0, -1.0, -1.0, -1.0, -1.0, -1.0, -1.0], [0.781857, 0.954545, -1.0, -1.0, -1.0, -1.0, -1.0, -1.0, -1.0, -1.0, -1.0], [0.72495, 0.965632, 0.899177, -1.0, -1.0, -1.0, -1.0, -1.0, -1.0, -1.0, -1.0], [0.673751, 0.865299, 0.877915, 0.784397, -1.0, -1.0, -1.0, -1.0, -1.0, -1.0, -1.0], [0.615087, 0.912971, 0.722908, 0.696387, 0.760389, -1.0, -1.0, -1.0, -1.0, -1.0, -1.0], [0.585404, 0.912417, 0.685871, 0.662183, 0.683466, 0.906867, -1.0, -1.0, -1.0, -1.0, -1.0], [0.566172, 0.912417, 0.718793, 0.631437, 0.542882, 0.901342, 0.809636, -1.0, -1.0, -1.0, -1.0], [0.552999, 0.843681, 0.509602, 0.59339, 0.507073, 0.893449, 0.681625, 0.840449, -1.0, -1.0, -1.0], [0.539914, 0.847561, 0.549383, 0.585319, 0.504863, 0.940805, 0.615494, 0.765919, 0.911877, -1.0, -1.0], [0.542549, 0.845898, 0.541152, 0.559954, 0.526525, 0.91397, 0.572981, 0.65919, 0.927203, 0.992405, -1.0], [0.533767, 0.840909, 0.52332, 0.460415, 0.464633, 0.505919, 0.565895, 0.617221, 0.739464, 0.996624, 0.458678]]",True,True,True,True,True,True,,mlp,adamw,incremental,strict,legacy_or_config_mismatch,supplementary_only,memory-efficient file uses full-complexity flags; not the final simplified AHR-MalCL-HR method,0.6869749419290351,0.5669666304842607,0.609713202176583,0.25037508489089455,-0.24434002666563986,-0.24434002666563986,0.5333059476608202,0.6527238338459521,0.7398779150456168,0.5669666304842607,0.5615306675351337,0.5638407631103735,0.7398779150456168,0.5727671819087321,0.45867768595041325,-0.11408949595831885,544.3806533813477,186.2335205078125,93.11676025390625,93.11676025390625,358.14713287353516,6560.6630859375,0.010082840919494629,0.06559665501117706,0.9621182680130005,13.565749005476635
az_class,hybrid_random_buffer,ahr_malcl_v15_1_final_paper_critic5_az_k100,43,ec1d834d4c0bfa09,final_memory_efficient,100,result/final-run/AZ-Class/memory-efficient setting/ahr_malcl_v15_1_final_paper_critic5_az_k100_results.json,result/final-run/AZ-Class/memory-efficient setting/ahr_malcl_v15_1_final_paper_critic5_az_k100_results.json;result/final-run/AZ-Class/memory-efficient setting/seed=43/full-result.json,2,run,az,,11,"[0.8418704041229338, 0.7954825002795483, 0.7535144775493076, 0.7027172057173521, 0.686418458311484, 0.6669241995021031, 0.6541933996695993, 0.6400205723522281, 0.6321215604569294, 0.6090889815534667, 0.5980251409363073]","[[0.84187, -1.0, -1.0, -1.0, -1.0, -1.0, -1.0, -1.0, -1.0, -1.0, -1.0], [0.790648, 0.83443, -1.0, -1.0, -1.0, -1.0, -1.0, -1.0, -1.0, -1.0, -1.0], [0.759035, 0.739241, 0.702886, -1.0, -1.0, -1.0, -1.0, -1.0, -1.0, -1.0, -1.0], [0.693105, 0.65519, 0.616299, 0.945645, -1.0, -1.0, -1.0, -1.0, -1.0, -1.0, -1.0], [0.672176, 0.557468, 0.564516, 0.929617, 0.802096, -1.0, -1.0, -1.0, -1.0, -1.0, -1.0], [0.651499, 0.549367, 0.5382, 0.950523, 0.72327, 0.879227, -1.0, -1.0, -1.0, -1.0, -1.0], [0.631701, 0.543291, 0.53056, 0.92892, 0.576939, 0.884058, 0.80703, -1.0, -1.0, -1.0, -1.0], [0.624725, 0.553418, 0.478778, 0.931707, 0.486792, 0.869565, 0.781033, 0.699664, -1.0, -1.0, -1.0], [0.623028, 0.558987, 0.432937, 0.918467, 0.506918, 0.857488, 0.721347, 0.621644, 0.773096, -1.0, -1.0], [0.604927, 0.533165, 0.403226, 0.938676, 0.514046, 0.857488, 0.690223, 0.407718, 0.568882, 0.941304, -1.0], [0.601471, 0.545823, 0.417657, 0.867596, 0.436897, 0.855072, 0.670084, 0.401007, 0.505673, 0.958696, 0.908046]]",True,True,True,True,True,True,,mlp,adamw,incremental,strict,legacy_or_config_mismatch,supplementary_only,memory-efficient file uses full-complexity flags; not the final simplified AHR-MalCL-HR method,0.6891251727682963,0.5980251409363073,0.6516382942507716,0.1976983620298549,-0.19672746536436653,-0.19672746536436653,0.5352296559095595,0.6719627270401609,0.7568920873172378,0.5980251409363073,0.5705919234886009,0.5995244034620245,0.7568920873172378,0.5951657360944236,0.9080459770114943,0.3128802409170707,544.3806533813477,186.2335205078125,93.11676025390625,93.11676025390625,358.14713287353516,4387.4970703125,0.0023298263549804688,0.04212199151515961,0.592022716999054,14.244983406861623
az_class,hybrid_random_buffer,ahr_malcl_v15_1_final_paper_critic5_az_k100,44,0ceab2d4a153e96a,final_memory_efficient,100,result/final-run/AZ-Class/memory-efficient setting/ahr_malcl_v15_1_final_paper_critic5_az_k100_results.json,result/final-run/AZ-Class/memory-efficient setting/ahr_malcl_v15_1_final_paper_critic5_az_k100_results.json;result/final-run/AZ-Class/memory-efficient setting/seed=44/full-result.json,2,run,az,,11,"[0.8571163136380527, 0.8034861646436173, 0.7713882710356426, 0.7529021558872305, 0.7092662433761397, 0.6762797745891935, 0.6663423713040904, 0.6156061272647282, 0.6149988336832284, 0.6048106144837299, 0.5984453237158164]","[[0.857116, -1.0, -1.0, -1.0, -1.0, -1.0, -1.0, -1.0, -1.0, -1.0, -1.0], [0.797907, 0.876314, -1.0, -1.0, -1.0, -1.0, -1.0, -1.0, -1.0, -1.0, -1.0], [0.755667, 0.818917, 0.957143, -1.0, -1.0, -1.0, -1.0, -1.0, -1.0, -1.0, -1.0], [0.734423, 0.811641, 0.91619, 0.961538, -1.0, -1.0, -1.0, -1.0, -1.0, -1.0, -1.0], [0.690945, 0.586095, 0.807619, 0.961538, 0.833185, -1.0, -1.0, -1.0, -1.0, -1.0, -1.0], [0.663074, 0.65481, 0.693333, 0.957692, 0.726708, 0.882353, -1.0, -1.0, -1.0, -1.0, -1.0], [0.62963, 0.691188, 0.773333, 0.961538, 0.700089, 0.876471, 0.76981, -1.0, -1.0, -1.0, -1.0], [0.587018, 0.673403, 0.66, 0.965385, 0.696539, 0.876471, 0.699287, 0.479442, -1.0, -1.0, -1.0], [0.604236, 0.600647, 0.738095, 0.865385, 0.6748, 0.9, 0.619651, 0.325991, 0.887344, -1.0, -1.0], [0.598662, 0.590946, 0.689524, 0.969231, 0.640639, 0.894118, 0.591521, 0.304699, 0.845619, 0.661905, -1.0], [0.586833, 0.628941, 0.641905, 0.969231, 0.628217, 0.841176, 0.572504, 0.299559, 0.833102, 0.484921, 0.818009]]",True,True,True,True,True,True,,mlp,adamw,incremental,strict,legacy_or_config_mismatch,supplementary_only,memory-efficient file uses full-complexity flags; not the final simplified AHR-MalCL-HR method,0.6973311085110429,0.5984453237158164,0.6640360563448693,0.17051014253375368,-0.16797620588217,-0.16797620588217,0.5309820868357141,0.6585908042480059,0.7660353388261312,0.5984453237158164,0.5702784390140186,0.5916797035102963,0.7660353388261312,0.5856126306426507,0.818008877615726,0.23239624697307537,544.3806533813477,186.2335205078125,93.11676025390625,93.11676025390625,358.14713287353516,4613.52197265625,0.0028738975524902344,0.04586309939622879,0.6350545883178711,14.166536422570546
az_class,hybrid_random_buffer,ahr_malcl_v15_1_final_paper_critic5_az_k100,45,f5c7ac61b8b0c518,final_memory_efficient,100,result/final-run/AZ-Class/memory-efficient setting/ahr_malcl_v15_1_final_paper_critic5_az_k100_results.json,result/final-run/AZ-Class/memory-efficient setting/ahr_malcl_v15_1_final_paper_critic5_az_k100_results.json;result/final-run/AZ-Class/memory-efficient setting/seed=45/full-result.json,2,run,az,,11,"[0.863566017756781, 0.8093843736609055, 0.765539212363587, 0.7310581104229806, 0.6924704133554399, 0.6642616877102325, 0.6679638009049774, 0.6287345467032966, 0.6016145307769929, 0.5826861147944686, 0.583213697958612]","[[0.863566, -1.0, -1.0, -1.0, -1.0, -1.0, -1.0, -1.0, -1.0, -1.0, -1.0], [0.797426, 0.894493, -1.0, -1.0, -1.0, -1.0, -1.0, -1.0, -1.0, -1.0, -1.0], [0.741631, 0.863768, 0.930759, -1.0, -1.0, -1.0, -1.0, -1.0, -1.0, -1.0, -1.0], [0.699845, 0.848116, 0.874834, 0.903529, -1.0, -1.0, -1.0, -1.0, -1.0, -1.0, -1.0], [0.645027, 0.782609, 0.840213, 0.915294, 0.788154, -1.0, -1.0, -1.0, -1.0, -1.0, -1.0], [0.623279, 0.78029, 0.723036, 0.896471, 0.559014, 0.797816, -1.0, -1.0, -1.0, -1.0, -1.0], [0.609188, 0.766957, 0.766977, 0.936471, 0.524427, 0.771343, 0.908633, -1.0, -1.0, -1.0, -1.0], [0.591268, 0.398261, 0.780293, 0.936471, 0.516645, 0.721046, 0.911783, 0.749164, -1.0, -1.0, -1.0], [0.589069, 0.398841, 0.753662, 0.92, 0.488975, 0.687293, 0.908633, 0.632943, 0.419878, -1.0, -1.0], [0.573674, 0.384348, 0.688415, 0.828235, 0.480761, 0.634679, 0.898551, 0.618729, 0.318458, 0.702469, -1.0], [0.562678, 0.401159, 0.655126, 0.936471, 0.453091, 0.657512, 0.890989, 0.537625, 0.324544, 0.56358, 0.776802]]",True,True,True,True,True,True,,mlp,adamw,incremental,strict,legacy_or_config_mismatch,supplementary_only,memory-efficient file uses full-complexity flags; not the final simplified AHR-MalCL-HR method,0.6900447733098432,0.5826861147944686,0.6145071156445382,0.20117767725695276,-0.19756849974852025,-0.19756849974852025,0.5237013720246982,0.6499637129947113,0.7606445458895367,0.583213697958612,0.565361357906164,0.5794684742818733,0.7606445458895367,0.5673422996779693,0.7768022181146026,0.20945991843663325,544.3806533813477,186.2335205078125,93.11676025390625,93.11676025390625,358.14713287353516,4433.09033203125,0.0027812719345092773,0.040401656180620193,0.5969077944755554,14.360740729173024
az_class,hybrid_random_buffer,ahr_malcl_v15_1_final_paper_critic5_az_k100,46,afab2921eb68f91e,final_memory_efficient,100,result/final-run/AZ-Class/memory-efficient setting/ahr_malcl_v15_1_final_paper_critic5_az_k100_results.json,result/final-run/AZ-Class/memory-efficient setting/ahr_malcl_v15_1_final_paper_critic5_az_k100_results.json;result/final-run/AZ-Class/memory-efficient setting/seed=46/full-result.json,2,run,az,,11,"[0.8372407574391344, 0.7543326581138871, 0.7318364870083301, 0.7101857649759966, 0.6799793746777293, 0.6654773340652304, 0.6459120577121265, 0.6415009778357236, 0.6167662448510038, 0.622050417704822, 0.60138660317238]","[[0.837241, -1.0, -1.0, -1.0, -1.0, -1.0, -1.0, -1.0, -1.0, -1.0, -1.0], [0.758598, 0.724844, -1.0, -1.0, -1.0, -1.0, -1.0, -1.0, -1.0, -1.0, -1.0], [0.749453, 0.576581, 0.943662, -1.0, -1.0, -1.0, -1.0, -1.0, -1.0, -1.0, -1.0], [0.724784, 0.498219, 0.938028, 0.87271, -1.0, -1.0, -1.0, -1.0, -1.0, -1.0, -1.0], [0.674868, 0.435441, 0.957746, 0.809065, 0.862609, -1.0, -1.0, -1.0, -1.0, -1.0, -1.0], [0.657285, 0.399822, 0.929577, 0.784957, 0.837713, 0.916667, -1.0, -1.0, -1.0, -1.0, -1.0], [0.648074, 0.338825, 0.935211, 0.78785, 0.784232, 0.736742, 0.686755, -1.0, -1.0, -1.0, -1.0], [0.652196, 0.345503, 0.932394, 0.775313, 0.719686, 0.604167, 0.466013, 0.925955, -1.0, -1.0, -1.0], [0.604019, 0.323241, 0.864789, 0.750241, 0.657907, 0.543561, 0.461808, 0.930732, 0.786101, -1.0, -1.0], [0.618962, 0.311665, 0.907042, 0.730955, 0.676349, 0.596591, 0.386125, 0.903662, 0.758219, 0.86087, -1.0], [0.589592, 0.325022, 0.907042, 0.678881, 0.695251, 0.689394, 0.372109, 0.876592, 0.64253, 0.889855, 0.718232]]",True,True,True,True,True,True,,mlp,adamw,incremental,strict,legacy_or_config_mismatch,supplementary_only,memory-efficient file uses full-complexity flags; not the final simplified AHR-MalCL-HR method,0.6824244252323967,0.60138660317238,0.6713183389213359,0.17700058112667127,-0.17511442341607647,-0.17511442341607647,0.5317777547669131,0.6671168442027516,0.7771724697341128,0.60138660317238,0.5745337214575801,0.5926009238158166,0.7771724697341128,0.5959621867213836,0.7182320441988951,0.12226985747751151,544.3806533813477,186.2335205078125,93.11676025390625,93.11676025390625,358.14713287353516,4387.2216796875,0.003617525100708008,0.04598790034651756,0.6679407358169556,14.176180132230122
ember,classifier_real_only,ahr_malcl_v15_1_ablation_critic5_classifier_real_only,42,ee634eb8e34bbf00,ablation,25,result/final-run/EMBER/ablations/classifier real only /ahr_malcl_v15_1_ablation_critic5_classifier_real_only_results.json,result/final-run/EMBER/ablations/classifier real only /ahr_malcl_v15_1_ablation_critic5_classifier_real_only_results.json,1,run,ember,,11,"[0.912342704149933, 0.1743265360286637, 0.06849258649093905, 0.0206252014179826, 0.01693104948771708, 0.018981212473368196, 0.019132943588186166, 0.09557491884503673, 0.0917465339164418, 0.019164664009977794, 0.02432945644433895]","[[0.912343, -1.0, -1.0, -1.0, -1.0, -1.0, -1.0, -1.0, -1.0, -1.0, -1.0], [0.003855, 0.983978, -1.0, -1.0, -1.0, -1.0, -1.0, -1.0, -1.0, -1.0, -1.0], [0.0, 0.0, 0.994023, -1.0, -1.0, -1.0, -1.0, -1.0, -1.0, -1.0, -1.0], [0.0, 0.0, 0.0, 0.941176, -1.0, -1.0, -1.0, -1.0, -1.0, -1.0, -1.0], [0.0, 0.0, 0.0, 0.011029, 0.927473, -1.0, -1.0, -1.0, -1.0, -1.0, -1.0], [0.0, 0.0, 0.0, 0.0, 0.0, 0.914179, -1.0, -1.0, -1.0, -1.0, -1.0], [0.0, 0.0, 0.0, 0.0, 0.0, 0.0, 0.956357, -1.0, -1.0, -1.0, -1.0], [0.0, 0.0, 0.0, 0.0, 0.0, 0.0, 0.0, 0.956894, -1.0, -1.0, -1.0], [0.0, 0.0, 0.0, 0.0, 0.0, 0.0, 0.0, 0.0, 0.993952, -1.0, -1.0], [0.0, 0.0, 0.0, 0.0, 0.0, 0.0, 0.0, 0.0, 0.000672, 0.993671, -1.0], [0.0, 0.0, 0.0, 0.0, 0.0, 0.0, 0.0, 0.0, 0.0, 0.0, 0.986763]]",False,False,False,False,True,True,,mlp,adamw,incremental,strict,valid_ablation,ablation_table,controlled ablation result under final ablation folders,0.13287707335023502,0.01693104948771708,0.08970572147467454,0.9574043977593621,-0.9574043977593621,-0.9574043977593621,0.001202001390865774,0.0006854260568625511,0.0493653921955065,0.02432945644433895,0.002339002733416743,0.0013319475429867385,0.0493653921955065,0.0,0.98676293622142,0.98676293622142,350.03873443603516,0.0,0.0,0.0,350.03873443603516,420.13671875,,,,2.3701581160227456
ember,classifier_real_only,ahr_malcl_v15_1_ablation_critic5_classifier_real_only,43,2cabf0134aaa335d,ablation,25,result/final-run/EMBER/ablations/classifier real only /ahr_malcl_v15_1_ablation_critic5_classifier_real_only_results.json,result/final-run/EMBER/ablations/classifier real only /ahr_malcl_v15_1_ablation_critic5_classifier_real_only_results.json,1,run,ember,,11,"[0.8942492727679571, 0.05747476505395058, 0.03728998198349185, 0.0867270850063095, 0.059411278438701795, 0.01657126704826514, 0.07545129902041084, 0.025125790220616694, 0.01954901465386559, 0.038542141230068334, 0.022133871350581532]","[[0.894249, -1.0, -1.0, -1.0, -1.0, -1.0, -1.0, -1.0, -1.0, -1.0, -1.0], [0.030611, 0.99687, -1.0, -1.0, -1.0, -1.0, -1.0, -1.0, -1.0, -1.0, -1.0], [0.0, 0.018779, 0.994337, -1.0, -1.0, -1.0, -1.0, -1.0, -1.0, -1.0, -1.0], [0.0, 0.0, 0.0, 0.992995, -1.0, -1.0, -1.0, -1.0, -1.0, -1.0, -1.0], [0.0, 0.0, 0.0, 0.0, 0.988636, -1.0, -1.0, -1.0, -1.0, -1.0, -1.0], [0.0, 0.0, 0.0, 0.0, 0.0, 0.979123, -1.0, -1.0, -1.0, -1.0, -1.0], [0.0, 0.0, 0.0, 0.0, 0.0, 0.179541, 0.998199, -1.0, -1.0, -1.0, -1.0], [0.0, 0.0, 0.0, 0.0, 0.0, 0.0, 0.135525, 0.993763, -1.0, -1.0, -1.0], [0.0, 0.0, 0.0, 0.0, 0.0, 0.0, 0.0, 0.0, 0.937879, -1.0, -1.0], [0.0, 0.0, 0.0, 0.0, 0.0, 0.0, 0.0, 0.0, 0.024242, 0.993656, -1.0], [0.0, 0.0, 0.0, 0.0, 0.0, 0.0, 0.0, 0.0, 0.0, 0.0, 0.957638]]",False,False,False,False,True,True,,mlp,adamw,incremental,strict,valid_ablation,ablation_table,controlled ablation result under final ablation folders,0.12113870607038352,0.01657126704826514,0.08705799976660054,0.9769707770935764,-0.9769707770935764,-0.9769707770935764,0.0032869751738085263,0.0017384947893784523,0.04778470936690114,0.022133871350581532,0.005884071311142376,0.0031311390013053827,0.04778470936690114,0.0,0.9576379974326059,0.9576379974326059,350.03873443603516,0.0,0.0,0.0,350.03873443603516,420.13671875,,,,1.7162838101387023
ember,classifier_real_only,ahr_malcl_v15_1_ablation_critic5_classifier_real_only,44,01c8789e575a46a0,ablation,25,result/final-run/EMBER/ablations/classifier real only /ahr_malcl_v15_1_ablation_critic5_classifier_real_only_results.json,result/final-run/EMBER/ablations/classifier real only /ahr_malcl_v15_1_ablation_critic5_classifier_real_only_results.json,1,run,ember,,11,"[0.9046534331272372, 0.14298421169668668, 0.0839242895770624, 0.1664757541046201, 0.04644676206645646, 0.032155850252317805, 0.037057959552592924, 0.10513036164844407, 0.012714537064701392, 0.02789962585472842, 0.07859601234274864]","[[0.904653, -1.0, -1.0, -1.0, -1.0, -1.0, -1.0, -1.0, -1.0, -1.0, -1.0], [0.0, 0.980557, -1.0, -1.0, -1.0, -1.0, -1.0, -1.0, -1.0, -1.0, -1.0], [0.0, 0.047655, 0.942343, -1.0, -1.0, -1.0, -1.0, -1.0, -1.0, -1.0, -1.0], [0.0, 0.0, 0.0, 0.988413, -1.0, -1.0, -1.0, -1.0, -1.0, -1.0, -1.0], [0.0, 0.0, 0.0, 0.0, 0.984576, -1.0, -1.0, -1.0, -1.0, -1.0, -1.0], [0.0, 0.0, 0.0, 0.0, 0.0, 0.996364, -1.0, -1.0, -1.0, -1.0, -1.0], [0.0, 0.0, 0.0, 0.0, 0.0, 0.0, 0.993939, -1.0, -1.0, -1.0, -1.0], [0.0, 0.0, 0.0, 0.0, 0.0, 0.0, 0.0, 0.985183, -1.0, -1.0, -1.0], [0.0, 0.0, 0.0, 0.0, 0.0, 0.0, 0.0, 0.0, 0.962312, -1.0, -1.0], [0.0, 0.0, 0.0, 0.0, 0.0, 0.0, 0.0, 0.0, 0.0, 0.981839, -1.0], [0.0, 0.0, 0.0, 0.0, 0.0, 0.0, 0.0, 0.0, 0.0, 0.0, 0.981111]]",False,False,False,False,True,True,,mlp,adamw,incremental,strict,valid_ablation,ablation_table,controlled ablation result under final ablation folders,0.14891261793523602,0.012714537064701392,0.0891919191919192,0.9720178698347697,-0.9720178698347697,-0.9720178698347697,0.0034501516758087838,0.007611672779985628,0.048877194380454715,0.07859601234274864,0.006307056614479846,0.013795073175223809,0.048877194380454715,0.0,0.9811111111111112,0.9811111111111112,350.03873443603516,0.0,0.0,0.0,350.03873443603516,420.13671875,,,,1.5993491252263388
ember,classifier_real_only,ahr_malcl_v15_1_ablation_critic5_classifier_real_only,45,2d6b3df5639afb72,ablation,25,result/final-run/EMBER/ablations/classifier real only /ahr_malcl_v15_1_ablation_critic5_classifier_real_only_results.json,result/final-run/EMBER/ablations/classifier real only /ahr_malcl_v15_1_ablation_critic5_classifier_real_only_results.json,1,run,ember,,11,"[0.8949571744779136, 0.02912893287274764, 0.03790192204059637, 0.07336019607028621, 0.06296699875466999, 0.023177172384969035, 0.03382989652894988, 0.07447133498523471, 0.031398980766069375, 0.027721886876816454, 0.07025872300023736]","[[0.894957, -1.0, -1.0, -1.0, -1.0, -1.0, -1.0, -1.0, -1.0, -1.0, -1.0], [0.0, 0.975, -1.0, -1.0, -1.0, -1.0, -1.0, -1.0, -1.0, -1.0, -1.0], [0.0, 0.00625, 0.992908, -1.0, -1.0, -1.0, -1.0, -1.0, -1.0, -1.0, -1.0], [0.000241, 0.048438, 0.0, 0.958449, -1.0, -1.0, -1.0, -1.0, -1.0, -1.0, -1.0], [0.0, 0.0, 0.0, 0.002216, 0.994455, -1.0, -1.0, -1.0, -1.0, -1.0, -1.0], [0.0, 0.0, 0.0, 0.0, 0.0, 0.979133, -1.0, -1.0, -1.0, -1.0, -1.0], [0.0, 0.0, 0.0, 0.0, 0.0, 0.0, 0.986096, -1.0, -1.0, -1.0, -1.0], [0.0, 0.0, 0.0, 0.0, 0.0, 0.0, 0.009626, 0.990032, -1.0, -1.0, -1.0], [0.0, 0.0, 0.0, 0.0, 0.0, 0.0, 0.0, 0.013593, 0.969602, -1.0, -1.0], [0.0, 0.0, 0.0, 0.0, 0.0, 0.0, 0.0, 0.0, 0.0, 0.96875, -1.0], [0.0, 0.0, 0.0, 0.0, 0.0, 0.0, 0.0, 0.0, 0.0, 0.0, 0.989553]]",False,False,False,False,True,True,,mlp,adamw,incremental,strict,valid_ablation,ablation_table,controlled ablation result under final ablation folders,0.12356120170531733,0.023177172384969035,0.08995935113778825,0.9709381320273318,-0.9709381320273318,-0.9709381320273318,0.010727203747763063,0.006668739451902423,0.049149231915754286,0.07025872300023736,0.014854469742288334,0.011301211104773539,0.049149231915754286,0.0,0.9895528625156708,0.9895528625156708,350.03873443603516,0.0,0.0,0.0,350.03873443603516,420.13671875,,,,1.5274770657221477
ember,classifier_real_only,ahr_malcl_v15_1_ablation_critic5_classifier_real_only,46,3d3a9b228af577d6,ablation,25,result/final-run/EMBER/ablations/classifier real only /ahr_malcl_v15_1_ablation_critic5_classifier_real_only_results.json,result/final-run/EMBER/ablations/classifier real only /ahr_malcl_v15_1_ablation_critic5_classifier_real_only_results.json,1,run,ember,,11,"[0.8793124392614189, 0.13529844472467423, 0.19518377693282637, 0.014970059880239521, 0.04008775428799362, 0.0991019999284462, 0.011870274853387975, 0.02535385461041638, 0.089216178872001, 0.03202120528913534, 0.025545929266555897]","[[0.879312, -1.0, -1.0, -1.0, -1.0, -1.0, -1.0, -1.0, -1.0, -1.0, -1.0], [0.00085, 0.997274, -1.0, -1.0, -1.0, -1.0, -1.0, -1.0, -1.0, -1.0, -1.0], [0.0, 0.0, 0.996119, -1.0, -1.0, -1.0, -1.0, -1.0, -1.0, -1.0, -1.0], [0.0, 0.0, 0.00539, 0.886243, -1.0, -1.0, -1.0, -1.0, -1.0, -1.0, -1.0], [0.0, 0.0, 0.0, 0.0, 0.983366, -1.0, -1.0, -1.0, -1.0, -1.0, -1.0], [0.0, 0.0, 0.0, 0.0, 0.0, 0.961472, -1.0, -1.0, -1.0, -1.0, -1.0], [0.0, 0.0, 0.0, 0.0, 0.0, 0.0, 0.946479, -1.0, -1.0, -1.0, -1.0], [0.0, 0.0, 0.0, 0.0, 0.0, 0.0, 0.0, 0.9202, -1.0, -1.0, -1.0], [0.0, 0.0, 0.0, 0.0, 0.0, 0.0, 0.0, 0.169576, 0.98867, -1.0, -1.0], [0.0, 0.0, 0.0, 0.0, 0.0, 0.0, 0.0, 0.0, 0.026681, 1.0, -1.0], [0.0, 0.0, 0.0, 0.0, 0.0, 0.0, 0.0, 0.0, 0.0, 0.0, 0.97619]]",False,False,False,False,True,True,,mlp,adamw,incremental,strict,valid_ablation,ablation_table,controlled ablation result under final ablation folders,0.14072381071882686,0.011870274853387975,0.08874458874458874,0.9559134611084932,-0.9559134611084932,-0.9559134611084932,0.003424111057093698,0.0014585564250961746,0.0487997574059521,0.025545929266555897,0.006061450605134308,0.002639264762604724,0.0487997574059521,0.0,0.9761904761904762,0.9761904761904762,350.03873443603516,0.0,0.0,0.0,350.03873443603516,420.13671875,,,,1.6713648915290833
ember,hybrid_random_buffer,ahr_malcl_v15_1_ablation_critic5_hybrid_random_buffer,42,e072794a348b3c7a,ablation,25,result/final-run/EMBER/ablations/hybrid-random-buffer/ahr_malcl_v15_1_ablation_critic5_hybrid_random_buffer_results.json,result/final-run/EMBER/ablations/hybrid-random-buffer/ahr_malcl_v15_1_ablation_critic5_hybrid_random_buffer_results.json,1,run,ember,,11,"[0.9100937081659973, 0.8657937806873978, 0.8532537067545305, 0.8130035449564937, 0.791407887970252, 0.7953128026341274, 0.7866145319262015, 0.7678113787801127, 0.7694550417170684, 0.758555653575883, 0.6890280085449798]","[[0.910094, -1.0, -1.0, -1.0, -1.0, -1.0, -1.0, -1.0, -1.0, -1.0, -1.0], [0.85328, 0.925229, -1.0, -1.0, -1.0, -1.0, -1.0, -1.0, -1.0, -1.0, -1.0], [0.84573, 0.837487, 0.974298, -1.0, -1.0, -1.0, -1.0, -1.0, -1.0, -1.0, -1.0], [0.845194, 0.61826, 0.894202, 0.865809, -1.0, -1.0, -1.0, -1.0, -1.0, -1.0, -1.0], [0.817028, 0.678789, 0.760311, 0.731618, 0.898901, -1.0, -1.0, -1.0, -1.0, -1.0, -1.0], [0.828916, 0.652848, 0.7896, 0.630515, 0.830769, 0.824627, -1.0, -1.0, -1.0, -1.0, -1.0], [0.82506, 0.628688, 0.754931, 0.683824, 0.775824, 0.708955, 0.897533, -1.0, -1.0, -1.0, -1.0], [0.806533, 0.599695, 0.66587, 0.634191, 0.731868, 0.628731, 0.840607, 0.847759, -1.0, -1.0, -1.0], [0.799625, 0.596897, 0.690974, 0.637868, 0.718681, 0.613806, 0.806452, 0.741362, 0.933132, -1.0, -1.0], [0.794324, 0.596643, 0.670054, 0.652574, 0.751648, 0.630597, 0.817837, 0.739309, 0.808468, 0.952532, -1.0], [0.715502, 0.596897, 0.695756, 0.608456, 0.718681, 0.628731, 0.825427, 0.719466, 0.502352, 0.889241, 0.914561]]",False,False,False,True,True,True,,mlp,adamw,incremental,strict,valid_memory_efficient_hr,memory_efficient_hr_table,ablation hybrid_random_buffer aggregate provides simplified HR memory-efficient result,0.8000300041557313,0.6890280085449798,0.7104609641921956,0.21294029447057836,-0.21294029447057836,-0.21294029447057836,0.6753843278634029,0.8250713034442723,0.7260199033269157,0.6890280085449798,0.662219574178462,0.7107614476375771,0.7260199033269157,0.6833267423113193,0.914560770156438,0.2312340278451187,463.66902923583984,113.63029479980469,90.90423583984375,22.726058959960938,350.03873443603516,3074.2685546875,0.0020922422409057617,0.05472748354077339,0.652448832988739,13.03763568798701
ember,hybrid_random_buffer,ahr_malcl_v15_1_ablation_critic5_hybrid_random_buffer,43,646324bfa5dd3f2d,ablation,25,result/final-run/EMBER/ablations/hybrid-random-buffer/ahr_malcl_v15_1_ablation_critic5_hybrid_random_buffer_results.json,result/final-run/EMBER/ablations/hybrid-random-buffer/ahr_malcl_v15_1_ablation_critic5_hybrid_random_buffer_results.json,1,run,ember,,11,"[0.8895054822107854, 0.8665158371040724, 0.8210499853354003, 0.7919008833314214, 0.7907486611795996, 0.7603349586601653, 0.7592962683877732, 0.7608050574119468, 0.7326301162203133, 0.7490356871678057, 0.7297650130548303]","[[0.889505, -1.0, -1.0, -1.0, -1.0, -1.0, -1.0, -1.0, -1.0, -1.0, -1.0], [0.863862, 0.959311, -1.0, -1.0, -1.0, -1.0, -1.0, -1.0, -1.0, -1.0, -1.0], [0.814455, 0.882629, 0.943375, -1.0, -1.0, -1.0, -1.0, -1.0, -1.0, -1.0, -1.0], [0.780309, 0.824726, 0.659117, 0.947461, -1.0, -1.0, -1.0, -1.0, -1.0, -1.0, -1.0], [0.778832, 0.841941, 0.732729, 0.802539, 0.944976, -1.0, -1.0, -1.0, -1.0, -1.0, -1.0], [0.758335, 0.804382, 0.669309, 0.681261, 0.894737, 0.870564, -1.0, -1.0, -1.0, -1.0, -1.0], [0.735914, 0.815336, 0.711212, 0.712347, 0.895335, 0.749478, 0.94552, -1.0, -1.0, -1.0, -1.0], [0.749877, 0.834116, 0.731597, 0.704904, 0.886364, 0.73904, 0.785682, 0.960499, -1.0, -1.0, -1.0], [0.731886, 0.798122, 0.674972, 0.551226, 0.848086, 0.620042, 0.786132, 0.927235, 0.866667, -1.0, -1.0], [0.729246, 0.804382, 0.659117, 0.605954, 0.85945, 0.638831, 0.931112, 0.891892, 0.654545, 0.963521, -1.0], [0.71394, 0.796557, 0.644394, 0.510508, 0.819976, 0.599165, 0.924809, 0.927235, 0.704545, 0.909596, 0.807445]]",False,False,False,True,True,True,,mlp,adamw,incremental,strict,valid_memory_efficient_hr,memory_efficient_hr_table,ablation hybrid_random_buffer aggregate provides simplified HR memory-efficient result,0.786507995460374,0.7297650130548303,0.7598336930207069,0.17406736089717498,-0.17406736089717498,-0.17406736089717498,0.6870250552581162,0.8554929792598878,0.7411923074820487,0.7297650130548303,0.686138832494194,0.7642017788735419,0.7411923074820487,0.7279271070615034,0.8074454428754814,0.07951833581397794,463.66902923583984,113.63029479980469,90.90423583984375,22.726058959960938,350.03873443603516,2867.11083984375,0.0028809309005737305,0.05496380850672722,0.7895801663398743,13.051508390903473
ember,hybrid_random_buffer,ahr_malcl_v15_1_ablation_critic5_hybrid_random_buffer,44,9f79673513beaa92,ablation,25,result/final-run/EMBER/ablations/hybrid-random-buffer/ahr_malcl_v15_1_ablation_critic5_hybrid_random_buffer_results.json,result/final-run/EMBER/ablations/hybrid-random-buffer/ahr_malcl_v15_1_ablation_critic5_hybrid_random_buffer_results.json,1,run,ember,,11,"[0.9057598438008461, 0.8714698688014232, 0.8206213968675068, 0.8297908446820246, 0.8096855040827876, 0.7979110433047765, 0.7878959063006064, 0.7631286795626577, 0.7521827175248149, 0.7394207199071088, 0.7446000474721102]","[[0.90576, -1.0, -1.0, -1.0, -1.0, -1.0, -1.0, -1.0, -1.0, -1.0, -1.0], [0.868793, 0.887152, -1.0, -1.0, -1.0, -1.0, -1.0, -1.0, -1.0, -1.0, -1.0], [0.835991, 0.713305, 0.848729, -1.0, -1.0, -1.0, -1.0, -1.0, -1.0, -1.0, -1.0], [0.837032, 0.638582, 0.801612, 0.939547, -1.0, -1.0, -1.0, -1.0, -1.0, -1.0, -1.0], [0.832021, 0.672512, 0.657781, 0.835013, 0.947729, -1.0, -1.0, -1.0, -1.0, -1.0, -1.0], [0.814644, 0.632101, 0.734036, 0.797481, 0.916881, 0.972121, -1.0, -1.0, -1.0, -1.0, -1.0], [0.806443, 0.623332, 0.731556, 0.759698, 0.857755, 0.918788, 0.949495, -1.0, -1.0, -1.0, -1.0], [0.814448, 0.578345, 0.731556, 0.553652, 0.846615, 0.906667, 0.789899, 0.869168, -1.0, -1.0, -1.0], [0.798698, 0.447579, 0.732796, 0.596725, 0.879177, 0.921212, 0.865657, 0.833859, 0.937186, -1.0, -1.0], [0.802733, 0.503241, 0.66956, 0.578589, 0.844901, 0.904242, 0.754545, 0.726671, 0.894472, 0.855846, -1.0], [0.810218, 0.453679, 0.709857, 0.553401, 0.845758, 0.882424, 0.779798, 0.764502, 0.864322, 0.629966, 0.853333]]",False,False,False,True,True,True,,mlp,adamw,incremental,strict,valid_memory_efficient_hr,memory_efficient_hr_table,ablation hybrid_random_buffer aggregate provides simplified HR memory-efficient result,0.8020424156642421,0.7394207199071088,0.7406598446843269,0.18188073362375742,-0.18188073362375742,-0.18188073362375742,0.6727865733337945,0.8149759534593256,0.7353132903048573,0.7446000474721102,0.6737503920952365,0.7507780449596468,0.7353132903048573,0.7351309508450522,0.8533333333333334,0.11820238248828119,463.66902923583984,113.63029479980469,90.90423583984375,22.726058959960938,350.03873443603516,2994.732421875,0.0034055709838867188,0.060909196734428406,0.9444781541824341,13.439524479707082
ember,hybrid_random_buffer,ahr_malcl_v15_1_ablation_critic5_hybrid_random_buffer,45,750b2fc74d166cbe,ablation,25,result/final-run/EMBER/ablations/hybrid-random-buffer/ahr_malcl_v15_1_ablation_critic5_hybrid_random_buffer_results.json,result/final-run/EMBER/ablations/hybrid-random-buffer/ahr_malcl_v15_1_ablation_critic5_hybrid_random_buffer_results.json,1,run,ember,,11,"[0.888076219805601, 0.8498739613481467, 0.8518950961020298, 0.8037220122128526, 0.8118773349937733, 0.7841863292678293, 0.7710060908490497, 0.7673534503241574, 0.7626500082196285, 0.7535051579317172, 0.7487241870401139]","[[0.888076, -1.0, -1.0, -1.0, -1.0, -1.0, -1.0, -1.0, -1.0, -1.0, -1.0], [0.847464, 0.928125, -1.0, -1.0, -1.0, -1.0, -1.0, -1.0, -1.0, -1.0, -1.0], [0.84732, 0.834375, 0.977541, -1.0, -1.0, -1.0, -1.0, -1.0, -1.0, -1.0, -1.0], [0.793379, 0.746875, 0.93026, 0.883657, -1.0, -1.0, -1.0, -1.0, -1.0, -1.0, -1.0], [0.8018, 0.770312, 0.867612, 0.780055, 0.963648, -1.0, -1.0, -1.0, -1.0, -1.0, -1.0], [0.778799, 0.7625, 0.886525, 0.698615, 0.879852, 0.845907, -1.0, -1.0, -1.0, -1.0, -1.0], [0.767299, 0.751562, 0.849882, 0.711357, 0.773259, 0.70626, 0.949733, -1.0, -1.0, -1.0, -1.0], [0.762102, 0.7625, 0.892435, 0.53241, 0.780037, 0.624398, 0.865241, 0.951971, -1.0, -1.0, -1.0], [0.767539, 0.759375, 0.865248, 0.562327, 0.794824, 0.658106, 0.899465, 0.724513, 0.914046, -1.0, -1.0], [0.754114, 0.7375, 0.886525, 0.496953, 0.721503, 0.614767, 0.905882, 0.818305, 0.820755, 0.90625, -1.0], [0.743769, 0.751562, 0.835697, 0.545706, 0.67098, 0.648475, 0.851337, 0.82918, 0.77044, 0.828125, 0.839532]]",False,False,False,True,True,True,,mlp,adamw,incremental,strict,valid_memory_efficient_hr,memory_efficient_hr_table,ablation hybrid_random_buffer aggregate provides simplified HR memory-efficient result,0.7993518043722637,0.7487241870401139,0.7558912458847039,0.17336815757637453,-0.17336815757637453,-0.17336815757637453,0.6739602927375412,0.8235546086303936,0.7364288964854285,0.7487241870401139,0.6807157382401734,0.7629593200950044,0.7364288964854285,0.7417840375586855,0.8395319682407021,0.09774793068201659,463.66902923583984,113.63029479980469,90.90423583984375,22.726058959960938,350.03873443603516,2867.11083984375,0.002117753028869629,0.05190581455826759,0.669702410697937,13.252376353740692
ember,hybrid_random_buffer,ahr_malcl_v15_1_ablation_critic5_hybrid_random_buffer,46,a04630b82264b268,ablation,25,result/final-run/EMBER/ablations/hybrid-random-buffer/ahr_malcl_v15_1_ablation_critic5_hybrid_random_buffer_results.json,result/final-run/EMBER/ablations/hybrid-random-buffer/ahr_malcl_v15_1_ablation_critic5_hybrid_random_buffer_results.json,1,run,ember,,11,"[0.8872691933916423, 0.8433165195460277, 0.825306294888044, 0.7997338656021291, 0.8130434782608695, 0.7870916961826053, 0.7596269342188935, 0.7590353167514086, 0.7527320688355734, 0.7013283773079032, 0.7301507239496796]","[[0.887269, -1.0, -1.0, -1.0, -1.0, -1.0, -1.0, -1.0, -1.0, -1.0, -1.0], [0.821003, 0.986371, -1.0, -1.0, -1.0, -1.0, -1.0, -1.0, -1.0, -1.0, -1.0], [0.762694, 0.943146, 0.98232, -1.0, -1.0, -1.0, -1.0, -1.0, -1.0, -1.0, -1.0], [0.733358, 0.926402, 0.963562, 0.820106, -1.0, -1.0, -1.0, -1.0, -1.0, -1.0, -1.0], [0.746842, 0.94704, 0.959034, 0.671958, 0.932485, -1.0, -1.0, -1.0, -1.0, -1.0, -1.0], [0.70973, 0.935358, 0.940923, 0.595238, 0.874755, 0.843457, -1.0, -1.0, -1.0, -1.0, -1.0], [0.687925, 0.939642, 0.944588, 0.555556, 0.855186, 0.694551, 0.83662, -1.0, -1.0, -1.0, -1.0], [0.689444, 0.916277, 0.943941, 0.534392, 0.836595, 0.725095, 0.650704, 0.791771, -1.0, -1.0, -1.0], [0.681183, 0.893692, 0.939198, 0.489418, 0.850294, 0.651163, 0.597183, 0.604738, 0.905336, -1.0, -1.0], [0.588861, 0.913551, 0.940276, 0.521164, 0.817025, 0.679972, 0.608451, 0.537406, 0.743421, 0.966258, -1.0], [0.659803, 0.915888, 0.94157, 0.560847, 0.857143, 0.62999, 0.597183, 0.592269, 0.637792, 0.871166, 0.952381]]",False,False,False,True,True,True,,mlp,adamw,incremental,strict,valid_memory_efficient_hr,memory_efficient_hr_table,ablation hybrid_random_buffer aggregate provides simplified HR memory-efficient result,0.7871485880849797,0.7013283773079032,0.7469119203616604,0.16883421976471996,-0.16883421976471996,-0.16883421976471996,0.6604937283597802,0.8261956992019862,0.7361351059253769,0.7301507239496796,0.6666780686367036,0.7531164977529002,0.7361351059253769,0.7241789043933947,0.9523809523809523,0.2282020479875576,463.66902923583984,113.63029479980469,90.90423583984375,22.726058959960938,350.03873443603516,2867.11083984375,0.001851797103881836,0.04785775765776634,0.6568300724029541,13.29694542090098
ember,hybrid_diversity_buffer,ahr_malcl_v15_1_ablation_critic5_hybrid_diversity_buffer,42,2658528c6bfae862,ablation,25,result/final-run/EMBER/ablations/hybrid_diversity_buffer/ahr_malcl_v15_1_ablation_critic5_hybrid_diversity_buffer_results.json,result/final-run/EMBER/ablations/hybrid_diversity_buffer/ahr_malcl_v15_1_ablation_critic5_hybrid_diversity_buffer_results.json,1,run,ember,,11,"[0.9100937081659973, 0.8516388729154687, 0.8224876441515651, 0.7535852400902353, 0.7543019897939001, 0.6985473561882627, 0.7000987016931136, 0.6834785580044421, 0.6552216122328712, 0.6373315486873726, 0.5771421789698552]","[[0.910094, -1.0, -1.0, -1.0, -1.0, -1.0, -1.0, -1.0, -1.0, -1.0, -1.0], [0.837537, 0.918616, -1.0, -1.0, -1.0, -1.0, -1.0, -1.0, -1.0, -1.0, -1.0], [0.815582, 0.799084, 0.954573, -1.0, -1.0, -1.0, -1.0, -1.0, -1.0, -1.0, -1.0], [0.77012, 0.595371, 0.91572, 0.830882, -1.0, -1.0, -1.0, -1.0, -1.0, -1.0, -1.0], [0.77328, 0.643693, 0.772863, 0.729779, 0.892308, -1.0, -1.0, -1.0, -1.0, -1.0, -1.0], [0.723588, 0.553408, 0.768081, 0.606618, 0.668132, 0.79291, -1.0, -1.0, -1.0, -1.0, -1.0], [0.732959, 0.559512, 0.65272, 0.652574, 0.617582, 0.688433, 0.867173, -1.0, -1.0, -1.0, -1.0], [0.715556, 0.460834, 0.628213, 0.533088, 0.538462, 0.574627, 0.85389, 0.84947, -1.0, -1.0, -1.0], [0.649317, 0.453204, 0.781829, 0.518382, 0.4, 0.561567, 0.770398, 0.690044, 0.914315, -1.0, -1.0], [0.629237, 0.47762, 0.736402, 0.5625, 0.450549, 0.541045, 0.664137, 0.656175, 0.811492, 0.958861, -1.0], [0.575261, 0.482452, 0.716079, 0.53125, 0.452747, 0.563433, 0.616698, 0.632569, 0.449261, 0.884494, 0.898917]]",True,False,False,True,True,True,,mlp,adamw,incremental,strict,valid_ablation,ablation_table,controlled ablation result under final ablation folders,0.7312661282630075,0.5771421789698552,0.6184691520819597,0.29849572740069563,-0.29849572740069563,-0.29849572740069563,0.49874587712357404,0.6825082519349992,0.6098235577259261,0.5771421789698552,0.4935748898109034,0.5774441826627273,0.6098235577259261,0.5690080004867216,0.8989169675090253,0.32990896702230366,463.66902923583984,113.63029479980469,90.90423583984375,22.726058959960938,350.03873443603516,2867.11083984375,0.004073500633239746,0.06535584479570389,1.025935411453247,12.685566000143687
ember,hybrid_diversity_buffer,ahr_malcl_v15_1_ablation_critic5_hybrid_diversity_buffer,43,708fafef67ca2502,ablation,25,result/final-run/EMBER/ablations/hybrid_diversity_buffer/ahr_malcl_v15_1_ablation_critic5_hybrid_diversity_buffer_results.json,result/final-run/EMBER/ablations/hybrid_diversity_buffer/ahr_malcl_v15_1_ablation_critic5_hybrid_diversity_buffer_results.json,1,run,ember,,11,"[0.8895054822107854, 0.8563348416289592, 0.8223488498763983, 0.7674658712859929, 0.7512849081695, 0.6532047205144512, 0.6468564688923107, 0.5766030189652948, 0.546488125315816, 0.5476689445709947, 0.5105032043674341]","[[0.889505, -1.0, -1.0, -1.0, -1.0, -1.0, -1.0, -1.0, -1.0, -1.0, -1.0], [0.85339, 0.959311, -1.0, -1.0, -1.0, -1.0, -1.0, -1.0, -1.0, -1.0, -1.0], [0.817498, 0.86698, 0.912797, -1.0, -1.0, -1.0, -1.0, -1.0, -1.0, -1.0, -1.0], [0.758469, 0.859155, 0.728199, 0.845009, -1.0, -1.0, -1.0, -1.0, -1.0, -1.0, -1.0], [0.741419, 0.773083, 0.688562, 0.74387, 0.918062, -1.0, -1.0, -1.0, -1.0, -1.0, -1.0], [0.634325, 0.751174, 0.674972, 0.601576, 0.879187, 0.820459, -1.0, -1.0, -1.0, -1.0, -1.0], [0.604699, 0.682316, 0.617214, 0.569615, 0.869019, 0.718163, 0.969383, -1.0, -1.0, -1.0, -1.0], [0.514388, 0.801252, 0.643262, 0.515762, 0.852273, 0.724426, 0.851869, 0.95842, -1.0, -1.0, -1.0], [0.481539, 0.794992, 0.550396, 0.456217, 0.860048, 0.59499, 0.840162, 0.777547, 0.825758, -1.0, -1.0], [0.465921, 0.72457, 0.462061, 0.422504, 0.83134, 0.588727, 0.971634, 0.571726, 0.710606, 0.960349, -1.0], [0.445469, 0.652582, 0.553794, 0.330123, 0.807416, 0.599165, 0.628996, 0.596674, 0.742424, 0.904044, 0.82285]]",True,False,False,True,True,True,,mlp,adamw,incremental,strict,valid_ablation,ablation_table,controlled ablation result under final ablation folders,0.6880240396179943,0.5105032043674341,0.6439578744912233,0.2800618486576423,-0.2798367248395423,-0.2798367248395423,0.4960792457487795,0.7160705194027895,0.5942009100010385,0.5105032043674341,0.47192212057719857,0.5247465341931287,0.5942009100010385,0.5031131359149582,0.8228498074454429,0.3197366715304847,463.66902923583984,113.63029479980469,90.90423583984375,22.726058959960938,350.03873443603516,2867.11083984375,0.003969430923461914,0.06718479841947556,0.986508309841156,12.97507080634435
ember,hybrid_diversity_buffer,ahr_malcl_v15_1_ablation_critic5_hybrid_diversity_buffer,44,c9170155c8af0343,ablation,25,result/final-run/EMBER/ablations/hybrid_diversity_buffer/ahr_malcl_v15_1_ablation_critic5_hybrid_diversity_buffer_results.json,result/final-run/EMBER/ablations/hybrid_diversity_buffer/ahr_malcl_v15_1_ablation_critic5_hybrid_diversity_buffer_results.json,1,run,ember,,11,"[0.9057598438008461, 0.8516788970424728, 0.813529921942758, 0.7997539349200289, 0.7372867653003476, 0.7304307006219928, 0.7051180657552819, 0.6503616484440706, 0.6284898582478505, 0.5906334666494646, 0.5567885117493473]","[[0.90576, -1.0, -1.0, -1.0, -1.0, -1.0, -1.0, -1.0, -1.0, -1.0, -1.0], [0.850439, 0.85894, -1.0, -1.0, -1.0, -1.0, -1.0, -1.0, -1.0, -1.0, -1.0], [0.83111, 0.705299, 0.822071, -1.0, -1.0, -1.0, -1.0, -1.0, -1.0, -1.0, -1.0], [0.802473, 0.614182, 0.765034, 0.925945, -1.0, -1.0, -1.0, -1.0, -1.0, -1.0, -1.0], [0.72177, 0.597408, 0.6708, 0.854912, 0.947729, -1.0, -1.0, -1.0, -1.0, -1.0, -1.0], [0.708298, 0.564621, 0.66708, 0.844584, 0.937446, 0.951515, -1.0, -1.0, -1.0, -1.0, -1.0], [0.68656, 0.474647, 0.66398, 0.791184, 0.910026, 0.855758, 0.958586, -1.0, -1.0, -1.0, -1.0], [0.648487, 0.293176, 0.65964, 0.561461, 0.847472, 0.831515, 0.887879, 0.867591, -1.0, -1.0, -1.0], [0.657859, 0.160122, 0.65902, 0.512343, 0.892888, 0.833939, 0.861616, 0.74338, 0.919598, -1.0, -1.0], [0.568955, 0.19024, 0.637322, 0.527456, 0.866324, 0.761212, 0.728283, 0.793821, 0.879397, 0.818388, -1.0], [0.590823, 0.154785, 0.651581, 0.455164, 0.867181, 0.738182, 0.79899, 0.32314, 0.796482, 0.481271, 0.831852]]",True,False,False,True,True,True,,mlp,adamw,incremental,strict,valid_ablation,ablation_table,controlled ablation result under final ablation folders,0.7245301467704055,0.5567885117493473,0.6081318704165469,0.3118524366560009,-0.3118524366560009,-0.3118524366560009,0.5081474210910354,0.6780820197831415,0.6027974404490154,0.5567885117493473,0.4970615645775425,0.542046506659659,0.6027974404490154,0.5328344729712295,0.8318518518518518,0.2990173788806223,463.66902923583984,113.63029479980469,90.90423583984375,22.726058959960938,350.03873443603516,2867.11083984375,0.0031238794326782227,0.06708145141601562,0.8888506293296814,12.792822213967641
ember,hybrid_diversity_buffer,ahr_malcl_v15_1_ablation_critic5_hybrid_diversity_buffer,45,3fec623a815747fe,ablation,25,result/final-run/EMBER/ablations/hybrid_diversity_buffer/ahr_malcl_v15_1_ablation_critic5_hybrid_diversity_buffer_results.json,result/final-run/EMBER/ablations/hybrid_diversity_buffer/ahr_malcl_v15_1_ablation_critic5_hybrid_diversity_buffer_results.json,1,run,ember,,11,"[0.888076219805601, 0.8481467650079357, 0.8444853601580744, 0.7769285091180991, 0.7291796388542964, 0.7105133173752802, 0.7023189256622882, 0.686874172635009, 0.6427420680585237, 0.6143527833668678, 0.6303999525278898]","[[0.888076, -1.0, -1.0, -1.0, -1.0, -1.0, -1.0, -1.0, -1.0, -1.0, -1.0], [0.848042, 0.851562, -1.0, -1.0, -1.0, -1.0, -1.0, -1.0, -1.0, -1.0, -1.0], [0.841113, 0.78125, 0.975177, -1.0, -1.0, -1.0, -1.0, -1.0, -1.0, -1.0, -1.0], [0.768357, 0.610938, 0.939716, 0.858172, -1.0, -1.0, -1.0, -1.0, -1.0, -1.0, -1.0], [0.708305, 0.746875, 0.862884, 0.708587, 0.942699, -1.0, -1.0, -1.0, -1.0, -1.0, -1.0], [0.700462, 0.55625, 0.885343, 0.61108, 0.869994, 0.839486, -1.0, -1.0, -1.0, -1.0, -1.0], [0.685545, 0.578125, 0.869976, 0.632687, 0.797289, 0.738363, 0.954011, -1.0, -1.0, -1.0, -1.0], [0.664999, 0.6, 0.760047, 0.479778, 0.754775, 0.574639, 0.91016, 0.946534, -1.0, -1.0, -1.0], [0.624771, 0.554688, 0.749409, 0.391136, 0.788663, 0.548957, 0.931551, 0.684187, 0.908805, -1.0, -1.0], [0.575306, 0.495312, 0.829787, 0.395568, 0.629698, 0.439807, 0.926203, 0.806525, 0.839623, 0.897321, -1.0], [0.603888, 0.476562, 0.830969, 0.308033, 0.561922, 0.483146, 0.880214, 0.781604, 0.72327, 0.766741, 0.833682]]",True,False,False,True,True,True,,mlp,adamw,incremental,strict,valid_ablation,ablation_table,controlled ablation result under final ablation folders,0.734001610233624,0.6143527833668678,0.659093854137278,0.264549291953733,-0.264549291953733,-0.264549291953733,0.5280781875979507,0.7286286395025238,0.606332981941178,0.6303999525278898,0.5199898629690828,0.6269430940763796,0.606332981941178,0.6148637858899428,0.8336815712494776,0.21881778535953478,463.66902923583984,113.63029479980469,90.90423583984375,22.726058959960938,350.03873443603516,2867.11083984375,0.007161736488342285,0.07579002529382706,1.3778270483016968,12.682548014322917
ember,hybrid_diversity_buffer,ahr_malcl_v15_1_ablation_critic5_hybrid_diversity_buffer,46,acd5e88452f2b130,ablation,25,result/final-run/EMBER/ablations/hybrid_diversity_buffer/ahr_malcl_v15_1_ablation_critic5_hybrid_diversity_buffer_results.json,result/final-run/EMBER/ablations/hybrid_diversity_buffer/ahr_malcl_v15_1_ablation_critic5_hybrid_diversity_buffer_results.json,1,run,ember,,11,"[0.8872691933916423, 0.8293400588482556, 0.7860160540768906, 0.7546573519627412, 0.7624650977263662, 0.7101713713283961, 0.6910902282201653, 0.6575855434931978, 0.6197399824142695, 0.5949972579367497, 0.5781212912413957]","[[0.887269, -1.0, -1.0, -1.0, -1.0, -1.0, -1.0, -1.0, -1.0, -1.0, -1.0], [0.80424, 0.990265, -1.0, -1.0, -1.0, -1.0, -1.0, -1.0, -1.0, -1.0, -1.0], [0.70475, 0.96067, 0.977792, -1.0, -1.0, -1.0, -1.0, -1.0, -1.0, -1.0, -1.0], [0.656159, 0.982866, 0.976283, 0.775132, -1.0, -1.0, -1.0, -1.0, -1.0, -1.0, -1.0], [0.664237, 0.977804, 0.966796, 0.595238, 0.938356, -1.0, -1.0, -1.0, -1.0, -1.0, -1.0], [0.622206, 0.942757, 0.829237, 0.412698, 0.850294, 0.803193, -1.0, -1.0, -1.0, -1.0, -1.0], [0.580357, 0.950545, 0.894782, 0.39418, 0.80137, 0.763277, 0.701408, -1.0, -1.0, -1.0, -1.0], [0.520226, 0.952882, 0.910953, 0.373016, 0.784736, 0.745574, 0.6, 0.74813, -1.0, -1.0, -1.0], [0.455479, 0.903037, 0.929927, 0.325397, 0.786693, 0.545644, 0.580282, 0.552369, 0.897661, -1.0, -1.0], [0.441509, 0.910436, 0.884217, 0.349206, 0.55773, 0.559528, 0.577465, 0.497506, 0.722588, 0.94683, -1.0], [0.408345, 0.900312, 0.880768, 0.312169, 0.560665, 0.56647, 0.574648, 0.369077, 0.673246, 0.885481, 0.945578]]",True,False,False,True,True,True,,mlp,adamw,incremental,strict,valid_ablation,ablation_table,controlled ablation result under final ablation folders,0.7155866755127337,0.5781212912413957,0.6433417128770902,0.253485651857352,-0.253485651857352,-0.253485651857352,0.4732452507317754,0.6727369323315513,0.5778833975154488,0.5781212912413957,0.4693997098866096,0.574135878086693,0.5778833975154488,0.5682469075620011,0.9455782312925171,0.3773313237305159,463.66902923583984,113.63029479980469,90.90423583984375,22.726058959960938,350.03873443603516,2867.11083984375,0.003087639808654785,0.06313998252153397,0.8542909622192383,12.94985190629959
ember,malcl_like,ahr_malcl_v15_1_ablation_critic5_malcl_like,42,cf76f95e361b7c26,ablation,25,result/final-run/EMBER/ablations/malcl-like/ahr_malcl_v15_1_ablation_critic5_malcl_like_results.json,result/final-run/EMBER/ablations/malcl-like/ahr_malcl_v15_1_ablation_critic5_malcl_like_results.json,1,run,ember,,11,"[0.9117001338688085, 0.5865882248860972, 0.5263179571663921, 0.34096036094102483, 0.35764864116460304, 0.2850668216153399, 0.26808898337256093, 0.27182641380488637, 0.28373809745355294, 0.23873695738143766, 0.22575955376216472]","[[0.9117, -1.0, -1.0, -1.0, -1.0, -1.0, -1.0, -1.0, -1.0, -1.0, -1.0], [0.50838, 0.958037, -1.0, -1.0, -1.0, -1.0, -1.0, -1.0, -1.0, -1.0, -1.0], [0.470469, 0.600966, 0.974298, -1.0, -1.0, -1.0, -1.0, -1.0, -1.0, -1.0, -1.0], [0.332209, 0.356562, 0.214585, 0.917279, -1.0, -1.0, -1.0, -1.0, -1.0, -1.0, -1.0], [0.369692, 0.343591, 0.086073, 0.417279, 0.912088, -1.0, -1.0, -1.0, -1.0, -1.0, -1.0], [0.295368, 0.290183, 0.037657, 0.040441, 0.285714, 0.908582, -1.0, -1.0, -1.0, -1.0, -1.0], [0.273414, 0.241862, 0.112373, 0.018382, 0.092308, 0.509328, 0.933586, -1.0, -1.0, -1.0, -1.0], [0.227898, 0.223296, 0.001793, 0.0, 0.002198, 0.001866, 0.358634, 0.898734, -1.0, -1.0, -1.0], [0.232236, 0.282299, 0.002989, 0.0, 0.0, 0.093284, 0.0, 0.248375, 0.981183, -1.0, -1.0], [0.238554, 0.286877, 0.044232, 0.001838, 0.002198, 0.143657, 0.005693, 0.325009, 0.179435, 0.988924, -1.0], [0.216278, 0.284334, 0.016736, 0.0, 0.002198, 0.166045, 0.0, 0.301745, 0.13172, 0.390823, 0.978339]]",False,False,False,False,False,False,,mlp,adamw,incremental,strict,valid_ablation,ablation_table,controlled ablation result under final ablation folders,0.39058474049244263,0.22575955376216472,0.22620167703632718,0.7874532102804774,-0.7874532102804774,-0.7874532102804774,0.12371604184561838,0.3754439866879235,0.1302460456555371,0.22575955376216472,0.07359895780310838,0.2279396452547741,0.1302460456555371,0.20673501049493506,0.9783393501805054,0.7716043396855704,440.9322280883789,90.90423583984375,90.90423583984375,0.0,350.02799224853516,2592.451171875,0.06628942489624023,0.2492763251066208,3.9539055824279785,5.030485626061758
ember,malcl_like,ahr_malcl_v15_1_ablation_critic5_malcl_like,43,348ba559b975a018,ablation,25,result/final-run/EMBER/ablations/malcl-like/ahr_malcl_v15_1_ablation_critic5_malcl_like_results.json,result/final-run/EMBER/ablations/malcl-like/ahr_malcl_v15_1_ablation_critic5_malcl_like_results.json,1,run,ember,,11,"[0.8882971582009398, 0.709319526627219, 0.512087820002514, 0.38923941723069866, 0.2771448082521655, 0.27259557628436154, 0.3170723716541624, 0.2829312346793962, 0.21863946437594745, 0.2515413819286257, 0.18416211725611203]","[[0.888297, -1.0, -1.0, -1.0, -1.0, -1.0, -1.0, -1.0, -1.0, -1.0, -1.0], [0.701231, 0.992175, -1.0, -1.0, -1.0, -1.0, -1.0, -1.0, -1.0, -1.0, -1.0], [0.496487, 0.399061, 0.988675, -1.0, -1.0, -1.0, -1.0, -1.0, -1.0, -1.0, -1.0], [0.336764, 0.334898, 0.259343, 0.968039, -1.0, -1.0, -1.0, -1.0, -1.0, -1.0, -1.0], [0.260819, 0.042254, 0.1359, 0.047285, 0.973684, -1.0, -1.0, -1.0, -1.0, -1.0, -1.0], [0.265518, 0.039124, 0.023783, 0.027145, 0.719498, 0.983299, -1.0, -1.0, -1.0, -1.0, -1.0], [0.261311, 0.126761, 0.002265, 0.029335, 0.720694, 0.56785, 0.995948, -1.0, -1.0, -1.0, -1.0], [0.25424, 0.212833, 0.005663, 0.019264, 0.667464, 0.379958, 0.511481, 0.981289, -1.0, -1.0, -1.0], [0.20179, 0.081377, 0.00906, 0.019702, 0.662081, 0.010438, 0.171995, 0.407484, 0.937879, -1.0, -1.0], [0.193466, 0.00626, 0.088335, 0.010508, 0.672847, 0.0, 0.459703, 0.205821, 0.556061, 0.98414, -1.0], [0.170284, 0.00939, 0.010193, 0.033275, 0.182416, 0.0, 0.031067, 0.137214, 0.325758, 0.734338, 0.937099]]",False,False,False,False,False,False,,mlp,adamw,incremental,strict,valid_ablation,ablation_table,controlled ablation result under final ablation folders,0.39118462513564933,0.18416211725611203,0.23373027932473436,0.8059489566109889,-0.8059489566109889,-0.8059489566109889,0.18727234846941465,0.4157602437992041,0.13357042225094629,0.18416211725611203,0.09684607828699406,0.18135652766732155,0.13357042225094629,0.16634776006074412,0.9370988446726572,0.7707510846119131,440.9322280883789,90.90423583984375,90.90423583984375,0.0,350.02799224853516,2592.451171875,0.08201479911804199,0.2870669662952423,4.445211887359619,4.884855115413666
ember,malcl_like,ahr_malcl_v15_1_ablation_critic5_malcl_like,44,832c965c1c924640,ablation,25,result/final-run/EMBER/ablations/malcl-like/ahr_malcl_v15_1_ablation_critic5_malcl_like_results.json,result/final-run/EMBER/ablations/malcl-like/ahr_malcl_v15_1_ablation_critic5_malcl_like_results.json,1,run,ember,,11,"[0.908883826879271, 0.5919501890148988, 0.4733942145808887, 0.4575113486911883, 0.30042849058129195, 0.3530884481477135, 0.29405340262870483, 0.30825904121110176, 0.21757461076254025, 0.17513869178170557, 0.11357702349869452]","[[0.908884, -1.0, -1.0, -1.0, -1.0, -1.0, -1.0, -1.0, -1.0, -1.0, -1.0], [0.528474, 0.963782, -1.0, -1.0, -1.0, -1.0, -1.0, -1.0, -1.0, -1.0, -1.0], [0.43176, 0.443004, 0.919405, -1.0, -1.0, -1.0, -1.0, -1.0, -1.0, -1.0, -1.0], [0.376896, 0.088448, 0.582145, 0.96272, -1.0, -1.0, -1.0, -1.0, -1.0, -1.0, -1.0], [0.326326, 0.053755, 0.030998, 0.275567, 0.970865, -1.0, -1.0, -1.0, -1.0, -1.0, -1.0], [0.387048, 0.07663, 0.055797, 0.337028, 0.544987, 0.986667, -1.0, -1.0, -1.0, -1.0, -1.0], [0.333095, 0.054518, 0.00372, 0.256927, 0.071979, 0.56, 0.984848, -1.0, -1.0, -1.0, -1.0], [0.312659, 0.030499, 0.00248, 0.224433, 0.0, 0.147879, 0.216162, 0.960908, -1.0, -1.0, -1.0], [0.328994, 0.007244, 0.00062, 0.125441, 0.000857, 0.092121, 0.150505, 0.11633, 0.969849, -1.0, -1.0], [0.23931, 0.005337, 0.0031, 0.059698, 0.001714, 0.225455, 0.107071, 0.071248, 0.339196, 0.955732, -1.0], [0.042304, 0.016012, 0.00062, 0.098237, 0.0, 0.113939, 0.035354, 0.011034, 0.0, 0.141884, 0.90963]]",False,False,False,False,False,False,,mlp,adamw,incremental,strict,valid_ablation,ablation_table,controlled ablation result under final ablation folders,0.3812599352525454,0.11357702349869452,0.12445579138443436,0.9124276850959683,-0.9124276850959683,-0.9124276850959683,0.10916277876181456,0.22836933766316406,0.08163628013539513,0.11357702349869452,0.04259206616908009,0.07100475459966593,0.08163628013539513,0.04425235453489872,0.9096296296296297,0.865377275094731,440.9322280883789,90.90423583984375,90.90423583984375,0.0,350.02799224853516,2592.451171875,0.059424757957458496,0.24480807781219482,3.9302818775177,4.666048034032186
ember,malcl_like,ahr_malcl_v15_1_ablation_critic5_malcl_like,45,8172ecb7a2b94c2b,ablation,25,result/final-run/EMBER/ablations/malcl-like/ahr_malcl_v15_1_ablation_critic5_malcl_like_results.json,result/final-run/EMBER/ablations/malcl-like/ahr_malcl_v15_1_ablation_critic5_malcl_like_results.json,1,run,ember,,11,"[0.888124338369743, 0.6836429838483802, 0.6430303574636249, 0.366302496572924, 0.39060554171855544, 0.26980508377977885, 0.2804358993175314, 0.3341366552391297, 0.23550879500246588, 0.2308773274568043, 0.23816164253501068]","[[0.888124, -1.0, -1.0, -1.0, -1.0, -1.0, -1.0, -1.0, -1.0, -1.0, -1.0], [0.6752, 0.957812, -1.0, -1.0, -1.0, -1.0, -1.0, -1.0, -1.0, -1.0, -1.0], [0.627851, 0.689062, 0.981087, -1.0, -1.0, -1.0, -1.0, -1.0, -1.0, -1.0, -1.0], [0.314984, 0.198438, 0.515366, 0.946814, -1.0, -1.0, -1.0, -1.0, -1.0, -1.0, -1.0], [0.372486, 0.304688, 0.445626, 0.063712, 0.991374, -1.0, -1.0, -1.0, -1.0, -1.0, -1.0], [0.272303, 0.198438, 0.339243, 0.069252, 0.184227, 0.969502, -1.0, -1.0, -1.0, -1.0, -1.0], [0.276441, 0.067188, 0.325059, 0.075346, 0.117683, 0.542536, 0.97861, -1.0, -1.0, -1.0, -1.0], [0.289722, 0.301562, 0.315603, 0.033795, 0.139248, 0.150883, 0.863102, 0.985501, -1.0, -1.0, -1.0], [0.225917, 0.104688, 0.283688, 0.063158, 0.140481, 0.11557, 0.790374, 0.048482, 0.944444, -1.0, -1.0], [0.22558, 0.110938, 0.269504, 0.00277, 0.12138, 0.11557, 0.639572, 0.016765, 0.510482, 0.944196, -1.0], [0.208642, 0.065625, 0.0, 0.0, 0.06716, 0.035313, 0.587166, 0.008609, 0.165618, 0.555804, 0.958629]]",False,False,False,False,False,False,,mlp,adamw,incremental,strict,valid_ablation,ablation_table,controlled ablation result under final ablation folders,0.4146028292094499,0.2308773274568043,0.24114234356648379,0.7893529854394116,-0.7893529854394116,-0.7893529854394116,0.168749363223324,0.3866173768555467,0.1301127147324461,0.23816164253501068,0.09308617978258223,0.20320929074423966,0.1301127147324461,0.18309859154929578,0.958629335562056,0.7755307440127602,440.9322280883789,90.90423583984375,90.90423583984375,0.0,350.02799224853516,2592.451171875,0.07556378841400146,0.26811230182647705,4.21368932723999,4.79820913473765
ember,malcl_like,ahr_malcl_v15_1_ablation_critic5_malcl_like,46,83e86a7e4b0c12a3,ablation,25,result/final-run/EMBER/ablations/malcl-like/ahr_malcl_v15_1_ablation_critic5_malcl_like_results.json,result/final-run/EMBER/ablations/malcl-like/ahr_malcl_v15_1_ablation_critic5_malcl_like_results.json,1,run,ember,,11,"[0.8835034013605442, 0.6451240016813787, 0.4532741867342628, 0.4166666666666667, 0.42026326286398086, 0.36789381417480593, 0.28732424221013214, 0.2835646557647382, 0.3171398065569652, 0.25815002132715864, 0.2262342748635177]","[[0.883503, -1.0, -1.0, -1.0, -1.0, -1.0, -1.0, -1.0, -1.0, -1.0, -1.0], [0.59044, 0.995717, -1.0, -1.0, -1.0, -1.0, -1.0, -1.0, -1.0, -1.0, -1.0], [0.287779, 0.538162, 0.993747, -1.0, -1.0, -1.0, -1.0, -1.0, -1.0, -1.0, -1.0], [0.237184, 0.593069, 0.918715, 0.875661, -1.0, -1.0, -1.0, -1.0, -1.0, -1.0, -1.0], [0.244108, 0.457165, 0.912247, 0.301587, 0.976517, -1.0, -1.0, -1.0, -1.0, -1.0, -1.0], [0.182398, 0.378505, 0.751186, 0.18254, 0.165362, 0.897605, -1.0, -1.0, -1.0, -1.0, -1.0], [0.127976, 0.374611, 0.751833, 0.002646, 0.138943, 0.384589, 0.91831, -1.0, -1.0, -1.0, -1.0], [0.090075, 0.361371, 0.751401, 0.002646, 0.075342, 0.523776, 0.152113, 0.894015, -1.0, -1.0, -1.0], [0.140914, 0.354361, 0.751186, 0.0, 0.082192, 0.111767, 0.143662, 0.394015, 0.954678, -1.0, -1.0], [0.091412, 0.354361, 0.751186, 0.0, 0.051859, 0.199236, 0.025352, 0.401496, 0.233553, 0.998978, -1.0], [0.038083, 0.354361, 0.751186, 0.0, 0.040117, 0.354738, 0.0, 0.177057, 0.16886, 0.0818, 0.971655]]",False,False,False,False,False,False,,mlp,adamw,incremental,strict,valid_ablation,ablation_table,controlled ablation result under final ablation folders,0.41446712129128643,0.2262342748635177,0.26707796342228013,0.7422528645700633,-0.7422528645700633,-0.7422528645700633,0.13856680473377517,0.46701512093219,0.11062537437021673,0.2262342748635177,0.06771791066780308,0.23965483910935773,0.11062537437021673,0.20620315641947473,0.971655328798186,0.7654521723787112,440.9322280883789,90.90423583984375,90.90423583984375,0.0,350.02799224853516,2592.451171875,0.08867073059082031,0.3164689838886261,4.690441608428955,4.8974889357884726
ember,plus_kd,ahr_malcl_v15_1_ablation_critic5_plus_kd,42,5b42a0366f7ac0dc,ablation,25,result/final-run/EMBER/ablations/plus_kd/ahr_malcl_v15_1_ablation_critic5_plus_kd_results.json,result/final-run/EMBER/ablations/plus_kd/ahr_malcl_v15_1_ablation_critic5_plus_kd_results.json,1,run,ember,,11,"[0.9100937081659973, 0.8803910293271996, 0.8524299835255355, 0.8062359007412182, 0.7742394873214922, 0.7459616502033701, 0.7352516893174398, 0.7350418588757902, 0.6993889767687107, 0.6806801934718462, 0.6102243057203893]","[[0.910094, -1.0, -1.0, -1.0, -1.0, -1.0, -1.0, -1.0, -1.0, -1.0, -1.0], [0.866238, 0.947609, -1.0, -1.0, -1.0, -1.0, -1.0, -1.0, -1.0, -1.0, -1.0], [0.839893, 0.863174, 0.967125, -1.0, -1.0, -1.0, -1.0, -1.0, -1.0, -1.0, -1.0], [0.824471, 0.660732, 0.9474, 0.797794, -1.0, -1.0, -1.0, -1.0, -1.0, -1.0, -1.0], [0.79593, 0.625636, 0.860729, 0.735294, 0.896703, -1.0, -1.0, -1.0, -1.0, -1.0, -1.0], [0.76905, 0.591556, 0.866109, 0.637868, 0.786813, 0.774254, -1.0, -1.0, -1.0, -1.0, -1.0], [0.758286, 0.567396, 0.877466, 0.652574, 0.716484, 0.684701, 0.872865, -1.0, -1.0, -1.0, -1.0], [0.761767, 0.533062, 0.794381, 0.586397, 0.564835, 0.61194, 0.863378, 0.855628, -1.0, -1.0, -1.0], [0.711968, 0.508138, 0.747759, 0.53125, 0.547253, 0.593284, 0.840607, 0.685939, 0.907258, -1.0, -1.0], [0.691138, 0.49237, 0.736999, 0.556985, 0.52967, 0.583955, 0.844402, 0.654122, 0.835685, 0.947785, -1.0], [0.614886, 0.484741, 0.721458, 0.518382, 0.516484, 0.593284, 0.83871, 0.588437, 0.546707, 0.946203, 0.901324]]",True,True,False,True,True,True,,mlp,adamw,incremental,strict,valid_ablation,ablation_table,controlled ablation result under final ablation folders,0.7663580712217262,0.6102243057203893,0.6609649230373941,0.25078246206783017,-0.25078246206783017,-0.25078246206783017,0.513626861873216,0.6829657256849285,0.6373086553530188,0.6102243057203893,0.5231237317076101,0.6077838497080827,0.6373086553530188,0.6028655735710158,0.901323706377858,0.2984581328068422,463.66902923583984,113.63029479980469,90.90423583984375,22.726058959960938,350.03873443603516,2879.6201171875,0.00462031364440918,0.05169807747006416,0.8590850234031677,12.879996514320373
ember,plus_kd,ahr_malcl_v15_1_ablation_critic5_plus_kd,43,c1f5cfe247fc5a64,ablation,25,result/final-run/EMBER/ablations/plus_kd/ahr_malcl_v15_1_ablation_critic5_plus_kd_results.json,result/final-run/EMBER/ablations/plus_kd/ahr_malcl_v15_1_ablation_critic5_plus_kd_results.json,1,run,ember,,11,"[0.8895054822107854, 0.8757831534980857, 0.8207147944861105, 0.7894535581813314, 0.7682492901556266, 0.7029185216592467, 0.687841955246863, 0.6633015094826474, 0.5681531076301162, 0.5894001518602885, 0.5454545454545454]","[[0.889505, -1.0, -1.0, -1.0, -1.0, -1.0, -1.0, -1.0, -1.0, -1.0, -1.0], [0.873484, 0.956182, -1.0, -1.0, -1.0, -1.0, -1.0, -1.0, -1.0, -1.0, -1.0], [0.814097, 0.931142, 0.908267, -1.0, -1.0, -1.0, -1.0, -1.0, -1.0, -1.0, -1.0], [0.773999, 0.912363, 0.802945, 0.901051, -1.0, -1.0, -1.0, -1.0, -1.0, -1.0, -1.0], [0.748892, 0.865415, 0.763307, 0.809545, 0.936005, -1.0, -1.0, -1.0, -1.0, -1.0, -1.0], [0.682345, 0.762128, 0.689694, 0.718914, 0.9061, 0.822547, -1.0, -1.0, -1.0, -1.0, -1.0], [0.645648, 0.687011, 0.626274, 0.68345, 0.892943, 0.768267, 0.969833, -1.0, -1.0, -1.0, -1.0], [0.624748, 0.787167, 0.622877, 0.605954, 0.883373, 0.732777, 0.845565, 0.960499, -1.0, -1.0, -1.0], [0.492951, 0.748044, 0.545866, 0.470228, 0.860048, 0.60334, 0.985142, 0.933472, 0.874242, -1.0, -1.0], [0.509868, 0.72144, 0.496036, 0.485989, 0.853469, 0.607516, 0.972085, 0.804574, 0.801515, 0.960349, -1.0], [0.462206, 0.748044, 0.500566, 0.404116, 0.82177, 0.609603, 0.840612, 0.783784, 0.743939, 0.934972, 0.81258]]",True,True,False,True,True,True,,mlp,adamw,incremental,strict,valid_ablation,ablation_table,controlled ablation result under final ablation folders,0.718252369987786,0.5454545454545454,0.6965630574321341,0.234417557364535,-0.23288671540145534,-0.23288671540145534,0.5136997315015512,0.7098591062771927,0.6339371319584847,0.5454545454545454,0.50735454145937,0.5557852107267514,0.6339371319584847,0.5391343963553531,0.8125802310654685,0.2734458347101154,463.66902923583984,113.63029479980469,90.90423583984375,22.726058959960938,350.03873443603516,2879.6201171875,0.005955338478088379,0.06448400765657425,0.9907741546630859,12.937316020329794
ember,plus_kd,ahr_malcl_v15_1_ablation_critic5_plus_kd,44,10cc13baeaac1370,ablation,25,result/final-run/EMBER/ablations/plus_kd/ahr_malcl_v15_1_ablation_critic5_plus_kd_results.json,result/final-run/EMBER/ablations/plus_kd/ahr_malcl_v15_1_ablation_critic5_plus_kd_results.json,1,run,ember,,11,"[0.9057598438008461, 0.8766955748276629, 0.8258762308045507, 0.7642441983793645, 0.7434715821812596, 0.7257755349528615, 0.6999585734191993, 0.6582001682085786, 0.6418683398067921, 0.617275190298026, 0.5907607405649181]","[[0.90576, -1.0, -1.0, -1.0, -1.0, -1.0, -1.0, -1.0, -1.0, -1.0, -1.0], [0.87836, 0.866946, -1.0, -1.0, -1.0, -1.0, -1.0, -1.0, -1.0, -1.0, -1.0], [0.837097, 0.731986, 0.871668, -1.0, -1.0, -1.0, -1.0, -1.0, -1.0, -1.0, -1.0], [0.751188, 0.598551, 0.745195, 0.93199, -1.0, -1.0, -1.0, -1.0, -1.0, -1.0, -1.0], [0.729125, 0.631338, 0.647861, 0.852393, 0.946015, -1.0, -1.0, -1.0, -1.0, -1.0, -1.0], [0.69808, 0.612276, 0.635462, 0.833249, 0.938303, 0.961212, -1.0, -1.0, -1.0, -1.0, -1.0], [0.672112, 0.576439, 0.625542, 0.745592, 0.940874, 0.89697, 0.949495, -1.0, -1.0, -1.0, -1.0], [0.674715, 0.350743, 0.618723, 0.451889, 0.916881, 0.901818, 0.894949, 0.87831, -1.0, -1.0, -1.0], [0.661894, 0.285551, 0.618103, 0.449622, 0.908312, 0.867879, 0.888889, 0.825977, 0.899497, -1.0, -1.0], [0.629678, 0.27907, 0.603224, 0.44534, 0.888603, 0.888485, 0.813131, 0.730139, 0.89196, 0.844495, -1.0], [0.608786, 0.222646, 0.593304, 0.367506, 0.852614, 0.866667, 0.767677, 0.574086, 0.889447, 0.645857, 0.867778]]",True,True,False,True,True,True,,mlp,adamw,incremental,strict,valid_ablation,ablation_table,controlled ablation result under final ablation folders,0.7318078161130963,0.5907607405649181,0.6596697677339945,0.2666799134486407,-0.2666799134486407,-0.2666799134486407,0.5433763917422426,0.6937925605443964,0.6262924549991545,0.5907607405649181,0.527296019857244,0.5731545943361757,0.6262924549991545,0.5666365630241259,0.8677777777777778,0.30114121475365185,463.66902923583984,113.63029479980469,90.90423583984375,22.726058959960938,350.03873443603516,2879.6201171875,0.014326810836791992,0.0843193307518959,1.3680428266525269,12.872726035118102
ember,plus_kd,ahr_malcl_v15_1_ablation_critic5_plus_kd,45,678db8987811cfaa,ablation,25,result/final-run/EMBER/ablations/plus_kd/ahr_malcl_v15_1_ablation_critic5_plus_kd_results.json,result/final-run/EMBER/ablations/plus_kd/ahr_malcl_v15_1_ablation_critic5_plus_kd_results.json,1,run,ember,,11,"[0.888076219805601, 0.8744748389506115, 0.8470450871205317, 0.7476425871308104, 0.7550202366127023, 0.6976708841521334, 0.6690760989212593, 0.6636570381181901, 0.6247575209600527, 0.6269681581552808, 0.6189769760265844]","[[0.888076, -1.0, -1.0, -1.0, -1.0, -1.0, -1.0, -1.0, -1.0, -1.0, -1.0], [0.875469, 0.842188, -1.0, -1.0, -1.0, -1.0, -1.0, -1.0, -1.0, -1.0, -1.0], [0.842604, 0.821875, 0.975177, -1.0, -1.0, -1.0, -1.0, -1.0, -1.0, -1.0, -1.0], [0.73299, 0.607812, 0.962175, 0.865374, -1.0, -1.0, -1.0, -1.0, -1.0, -1.0, -1.0], [0.736743, 0.6125, 0.898345, 0.767313, 0.95687, -1.0, -1.0, -1.0, -1.0, -1.0, -1.0], [0.674382, 0.584375, 0.900709, 0.634349, 0.938386, 0.871589, -1.0, -1.0, -1.0, -1.0, -1.0], [0.635646, 0.592188, 0.911348, 0.576177, 0.892175, 0.780096, 0.963636, -1.0, -1.0, -1.0, -1.0], [0.617746, 0.579688, 0.846336, 0.469806, 0.859519, 0.605136, 0.95615, 0.957408, -1.0, -1.0, -1.0], [0.56982, 0.584375, 0.815603, 0.421053, 0.845964, 0.622793, 0.936898, 0.829633, 0.909853, -1.0, -1.0], [0.577182, 0.49375, 0.925532, 0.323546, 0.738139, 0.601926, 0.939037, 0.83643, 0.8826, 0.908482, -1.0], [0.569483, 0.50625, 0.879433, 0.249307, 0.770795, 0.505618, 0.918717, 0.781151, 0.697065, 0.831473, 0.814877]]",True,True,False,True,True,True,,mlp,adamw,incremental,strict,valid_ablation,ablation_table,controlled ablation result under final ablation folders,0.728487785995796,0.6189769760265844,0.6840153182327251,0.24293622905753304,-0.24293622905753304,-0.24293622905753304,0.5355972907992566,0.7208583987173712,0.6387273993610223,0.6189769760265844,0.5316789437282893,0.6082383278244151,0.6387273993610223,0.6040049822746,0.8148767237776849,0.21087174150308496,463.66902923583984,113.63029479980469,90.90423583984375,22.726058959960938,350.03873443603516,2879.6201171875,0.011378049850463867,0.08077534288167953,1.3332949876785278,12.943848470846811
ember,plus_kd,ahr_malcl_v15_1_ablation_critic5_plus_kd,46,871b240429da9141,ablation,25,result/final-run/EMBER/ablations/plus_kd/ahr_malcl_v15_1_ablation_critic5_plus_kd_results.json,result/final-run/EMBER/ablations/plus_kd/ahr_malcl_v15_1_ablation_critic5_plus_kd_results.json,1,run,ember,,11,"[0.8872691933916423, 0.8655947877259352, 0.8391634980988593, 0.8151613439787092, 0.7932987634623055, 0.7398661944116489, 0.7303751854730446, 0.6716366634602171, 0.6385818364527069, 0.6350313813905307, 0.621024210776169]","[[0.887269, -1.0, -1.0, -1.0, -1.0, -1.0, -1.0, -1.0, -1.0, -1.0, -1.0], [0.846331, 0.989097, -1.0, -1.0, -1.0, -1.0, -1.0, -1.0, -1.0, -1.0, -1.0], [0.776421, 0.982477, 0.982536, -1.0, -1.0, -1.0, -1.0, -1.0, -1.0, -1.0, -1.0], [0.743865, 0.976636, 0.981889, 0.777778, -1.0, -1.0, -1.0, -1.0, -1.0, -1.0, -1.0], [0.710398, 0.974688, 0.966365, 0.613757, 0.954012, -1.0, -1.0, -1.0, -1.0, -1.0, -1.0], [0.657799, 0.96067, 0.835921, 0.457672, 0.863992, 0.850399, -1.0, -1.0, -1.0, -1.0, -1.0], [0.647595, 0.951324, 0.874299, 0.436508, 0.804305, 0.78688, 0.732394, -1.0, -1.0, -1.0, -1.0], [0.554057, 0.949377, 0.900604, 0.412698, 0.777886, 0.693509, 0.633803, 0.796758, -1.0, -1.0, -1.0], [0.48026, 0.902259, 0.924321, 0.37037, 0.78865, 0.584866, 0.571831, 0.647132, 0.903143, -1.0, -1.0], [0.491436, 0.900312, 0.923674, 0.354497, 0.639922, 0.506421, 0.588732, 0.592269, 0.837354, 0.95501, -1.0], [0.485423, 0.903037, 0.933808, 0.320106, 0.560665, 0.445331, 0.571831, 0.392768, 0.758772, 0.904908, 0.944444]]",True,True,False,True,True,True,,mlp,adamw,incremental,strict,valid_ablation,ablation_table,controlled ablation result under final ablation folders,0.7488184598747062,0.621024210776169,0.6564630799213703,0.2551746564743593,-0.2551746564743593,-0.2551746564743593,0.4977829598314832,0.7149801086098911,0.620546606491403,0.621024210776169,0.5034242173148727,0.6170570862708232,0.620546606491403,0.6123331911522759,0.9444444444444444,0.3321112532921685,463.66902923583984,113.63029479980469,90.90423583984375,22.726058959960938,350.03873443603516,2879.6201171875,0.007378578186035156,0.060497771948575974,1.045748233795166,12.867244978745779
ember,real_buffer_only,ahr_malcl_v15_1_ablation_critic5_real_buffer_only,42,f9042b865a81473f,ablation,25,result/final-run/EMBER/ablations/real-buffer -only/ahr_malcl_v15_1_ablation_critic5_real_buffer_only_results.json,result/final-run/EMBER/ablations/real-buffer -only/ahr_malcl_v15_1_ablation_critic5_real_buffer_only_results.json,1,run,ember,,11,"[0.912342704149933, 0.8481443800592737, 0.8350494233937397, 0.771873992910087, 0.7455991138889988, 0.6932791012976951, 0.6923923771923165, 0.6602426106270288, 0.6256319593064731, 0.6270191342439084, 0.5470863992404462]","[[0.912343, -1.0, -1.0, -1.0, -1.0, -1.0, -1.0, -1.0, -1.0, -1.0, -1.0], [0.832503, 0.922431, -1.0, -1.0, -1.0, -1.0, -1.0, -1.0, -1.0, -1.0, -1.0], [0.82747, 0.820193, 0.954573, -1.0, -1.0, -1.0, -1.0, -1.0, -1.0, -1.0, -1.0], [0.78656, 0.640387, 0.911536, 0.788603, -1.0, -1.0, -1.0, -1.0, -1.0, -1.0, -1.0], [0.77253, 0.614954, 0.744172, 0.700368, 0.828571, -1.0, -1.0, -1.0, -1.0, -1.0, -1.0], [0.744364, 0.503306, 0.582188, 0.665441, 0.731868, 0.649254, -1.0, -1.0, -1.0, -1.0, -1.0], [0.743133, 0.506358, 0.558876, 0.612132, 0.696703, 0.649254, 0.829222, -1.0, -1.0, -1.0, -1.0], [0.685301, 0.52823, 0.508069, 0.542279, 0.514286, 0.574627, 0.635674, 0.829627, -1.0, -1.0, -1.0], [0.651834, 0.457782, 0.504483, 0.479779, 0.459341, 0.58209, 0.464896, 0.578173, 0.886089, -1.0, -1.0], [0.660348, 0.443286, 0.527794, 0.492647, 0.408791, 0.589552, 0.356736, 0.570647, 0.822581, 0.917722, -1.0], [0.591004, 0.442523, 0.563658, 0.466912, 0.386813, 0.58209, 0.322581, 0.24427, 0.617608, 0.871835, 0.847172]]",True,True,True,False,True,True,,mlp,adamw,incremental,strict,valid_ablation,ablation_table,controlled ablation result under final ablation folders,0.7235146542099908,0.5470863992404462,0.5396786173738076,0.3429141388142022,-0.3429141388142022,-0.3429141388142022,0.4830013920428071,0.6414109394458128,0.6023085756297863,0.5470863992404462,0.48142671272420073,0.5381191606021635,0.6023085756297863,0.5395005019316764,0.8471720818291215,0.3076715798974451,372.7647933959961,22.726058959960938,0.0,22.726058959960938,350.03873443603516,435.83642578125,,,,1.782626779874166
ember,real_buffer_only,ahr_malcl_v15_1_ablation_critic5_real_buffer_only,43,e569ee0afd6242ed,ablation,25,result/final-run/EMBER/ablations/real-buffer -only/ahr_malcl_v15_1_ablation_critic5_real_buffer_only_results.json,result/final-run/EMBER/ablations/real-buffer -only/ahr_malcl_v15_1_ablation_critic5_real_buffer_only_results.json,1,run,ember,,11,"[0.8942492727679571, 0.8703445875391577, 0.8255750618008129, 0.7592443883599097, 0.7432340150235417, 0.6697759875627164, 0.61583068505717, 0.5993742742871887, 0.5612367357251137, 0.5414123006833713, 0.5261690007120816]","[[0.894249, -1.0, -1.0, -1.0, -1.0, -1.0, -1.0, -1.0, -1.0, -1.0, -1.0], [0.869367, 0.904538, -1.0, -1.0, -1.0, -1.0, -1.0, -1.0, -1.0, -1.0, -1.0], [0.825822, 0.827856, 0.817667, -1.0, -1.0, -1.0, -1.0, -1.0, -1.0, -1.0, -1.0], [0.749966, 0.782473, 0.703284, 0.865149, -1.0, -1.0, -1.0, -1.0, -1.0, -1.0, -1.0], [0.726874, 0.784038, 0.701019, 0.763135, 0.941388, -1.0, -1.0, -1.0, -1.0, -1.0, -1.0], [0.64614, 0.633803, 0.705549, 0.707093, 0.911483, 0.732777, -1.0, -1.0, -1.0, -1.0, -1.0], [0.565361, 0.688576, 0.657984, 0.537653, 0.85945, 0.713987, 0.961729, -1.0, -1.0, -1.0, -1.0], [0.550772, 0.661972, 0.656852, 0.435639, 0.845096, 0.709812, 0.948222, 0.871102, -1.0, -1.0, -1.0], [0.501589, 0.644757, 0.630804, 0.403678, 0.819378, 0.605428, 0.929311, 0.831601, 0.830303, -1.0, -1.0], [0.468382, 0.651017, 0.570781, 0.320928, 0.816388, 0.60334, 0.918505, 0.713098, 0.768182, 0.922284, -1.0], [0.467174, 0.589984, 0.535674, 0.203152, 0.802033, 0.615866, 0.867627, 0.559252, 0.607576, 0.926249, 0.744544]]",True,True,True,False,True,True,,mlp,adamw,incremental,strict,valid_ablation,ablation_table,controlled ablation result under final ablation folders,0.6914951190471837,0.5261690007120816,0.6290120097811445,0.25665976314513483,-0.25665976314513483,-0.25665976314513483,0.4665911212712844,0.6820942243162121,0.5899511276535288,0.5261690007120816,0.4636411750885532,0.5256862627296124,0.5899511276535288,0.5210022779043281,0.7445442875481386,0.22354200964381055,372.7647933959961,22.726058959960938,0.0,22.726058959960938,350.03873443603516,435.84912109375,,,,1.6940547784169515
ember,real_buffer_only,ahr_malcl_v15_1_ablation_critic5_real_buffer_only,44,ae43d25910cc130c,ablation,25,result/final-run/EMBER/ablations/real-buffer -only/ahr_malcl_v15_1_ablation_critic5_real_buffer_only_results.json,result/final-run/EMBER/ablations/real-buffer -only/ahr_malcl_v15_1_ablation_critic5_real_buffer_only_results.json,1,run,ember,,11,"[0.9046534331272372, 0.8636869023793641, 0.7648079179633692, 0.7530439947392983, 0.7275850917616622, 0.7097758479051754, 0.6987157759951794, 0.6403364171572751, 0.6349301198419812, 0.5997935750225777, 0.5653038215048659]","[[0.904653, -1.0, -1.0, -1.0, -1.0, -1.0, -1.0, -1.0, -1.0, -1.0, -1.0], [0.871331, 0.81891, -1.0, -1.0, -1.0, -1.0, -1.0, -1.0, -1.0, -1.0, -1.0], [0.773641, 0.657263, 0.855549, -1.0, -1.0, -1.0, -1.0, -1.0, -1.0, -1.0, -1.0], [0.75672, 0.471979, 0.711097, 0.941562, -1.0, -1.0, -1.0, -1.0, -1.0, -1.0, -1.0], [0.730036, 0.50934, 0.623683, 0.851889, 0.906598, -1.0, -1.0, -1.0, -1.0, -1.0, -1.0], [0.699707, 0.448342, 0.620583, 0.864736, 0.860326, 0.944242, -1.0, -1.0, -1.0, -1.0, -1.0], [0.692938, 0.423942, 0.628022, 0.79194, 0.850043, 0.892121, 0.918182, -1.0, -1.0, -1.0, -1.0], [0.648357, 0.200152, 0.601364, 0.587154, 0.866324, 0.877576, 0.794949, 0.858764, -1.0, -1.0, -1.0], [0.657794, 0.180709, 0.654061, 0.533753, 0.842331, 0.858182, 0.730303, 0.821564, 0.88191, -1.0, -1.0], [0.631435, 0.183759, 0.596404, 0.593703, 0.826907, 0.853333, 0.30101, 0.669609, 0.896985, 0.732123, -1.0], [0.623951, 0.160122, 0.553007, 0.397733, 0.822622, 0.870303, 0.265657, 0.480139, 0.864322, 0.642452, 0.815185]]",True,True,True,False,True,True,,mlp,adamw,incremental,strict,valid_ablation,ablation_table,controlled ablation result under final ablation folders,0.7147848088543625,0.5653038215048659,0.5904992110893482,0.30972613781730135,-0.3082186001288591,-0.3082186001288591,0.48584141310509765,0.6529719816933697,0.5960527140016952,0.5653038215048659,0.48068299620382865,0.5483267327785194,0.5960527140016952,0.5435427686750097,0.8151851851851852,0.2716424165101755,372.7647933959961,22.726058959960938,0.0,22.726058959960938,350.03873443603516,435.84912109375,,,,1.672665774822235
ember,real_buffer_only,ahr_malcl_v15_1_ablation_critic5_real_buffer_only,45,4d8288ad2e207d1b,ablation,25,result/final-run/EMBER/ablations/real-buffer -only/ahr_malcl_v15_1_ablation_critic5_real_buffer_only_results.json,result/final-run/EMBER/ablations/real-buffer -only/ahr_malcl_v15_1_ablation_critic5_real_buffer_only_results.json,1,run,ember,,11,"[0.8949571744779136, 0.860843992157595, 0.8314621878929406, 0.7751838158933245, 0.7174657534246576, 0.6726319389034537, 0.6392823071842665, 0.6306642680153424, 0.572316291303633, 0.5802433649516144, 0.5707334441015903]","[[0.894957, -1.0, -1.0, -1.0, -1.0, -1.0, -1.0, -1.0, -1.0, -1.0, -1.0], [0.863151, 0.785938, -1.0, -1.0, -1.0, -1.0, -1.0, -1.0, -1.0, -1.0, -1.0], [0.828794, 0.773438, 0.940898, -1.0, -1.0, -1.0, -1.0, -1.0, -1.0, -1.0, -1.0], [0.767154, 0.529688, 0.956265, 0.869806, -1.0, -1.0, -1.0, -1.0, -1.0, -1.0, -1.0], [0.697094, 0.59375, 0.878251, 0.704155, 0.958102, -1.0, -1.0, -1.0, -1.0, -1.0, -1.0], [0.666394, 0.621875, 0.893617, 0.636565, 0.659273, 0.772071, -1.0, -1.0, -1.0, -1.0, -1.0], [0.616591, 0.707812, 0.845154, 0.506371, 0.736907, 0.714286, 0.947594, -1.0, -1.0, -1.0, -1.0], [0.602252, 0.6, 0.838061, 0.296953, 0.7252, 0.494382, 0.936898, 0.939737, -1.0, -1.0, -1.0], [0.539265, 0.557812, 0.847518, 0.282548, 0.751078, 0.420546, 0.914439, 0.656547, 0.871069, -1.0, -1.0], [0.540997, 0.5125, 0.843972, 0.206648, 0.680838, 0.377207, 0.920856, 0.775261, 0.867925, 0.859375, -1.0], [0.521557, 0.51875, 0.794326, 0.188366, 0.609982, 0.319422, 0.879144, 0.821024, 0.671908, 0.784598, 0.788132]]",True,True,True,False,True,True,,mlp,adamw,incremental,strict,valid_ablation,ablation_table,controlled ablation result under final ablation folders,0.7041622307551211,0.5707334441015903,0.6270190088979436,0.2745836368843376,-0.273046993858333,-0.273046993858333,0.4867614293755391,0.6525482462822321,0.5906804773280063,0.5707334441015903,0.4879435297572177,0.5493541738524441,0.5906804773280063,0.5541183609594073,0.7881320518178019,0.23401369085839463,372.7647933959961,22.726058959960938,0.0,22.726058959960938,350.03873443603516,435.87451171875,,,,1.8970765391985576
ember,real_buffer_only,ahr_malcl_v15_1_ablation_critic5_real_buffer_only,46,c8ef43d6389b9cf9,ablation,25,result/final-run/EMBER/ablations/real-buffer -only/ahr_malcl_v15_1_ablation_critic5_real_buffer_only_results.json,result/final-run/EMBER/ablations/real-buffer -only/ahr_malcl_v15_1_ablation_critic5_real_buffer_only_results.json,1,run,ember,,11,"[0.8793124392614189, 0.8638608659100462, 0.7948457963667089, 0.7791084497671324, 0.7795372955723973, 0.6547887374333655, 0.6715537341906309, 0.6342929778754981, 0.5904094962944354, 0.5899701419779416, 0.5616247329693805]","[[0.879312, -1.0, -1.0, -1.0, -1.0, -1.0, -1.0, -1.0, -1.0, -1.0, -1.0], [0.846331, 0.976246, -1.0, -1.0, -1.0, -1.0, -1.0, -1.0, -1.0, -1.0, -1.0], [0.714407, 0.985202, 0.974989, -1.0, -1.0, -1.0, -1.0, -1.0, -1.0, -1.0, -1.0], [0.693392, 0.984034, 0.976067, 0.703704, -1.0, -1.0, -1.0, -1.0, -1.0, -1.0, -1.0], [0.691327, 0.979751, 0.96809, 0.571429, 0.918787, -1.0, -1.0, -1.0, -1.0, -1.0, -1.0], [0.522534, 0.969237, 0.816731, 0.39418, 0.851272, 0.834085, -1.0, -1.0, -1.0, -1.0, -1.0], [0.560556, 0.961059, 0.851229, 0.373016, 0.766145, 0.772648, 0.602817, -1.0, -1.0, -1.0, -1.0], [0.516521, 0.96729, 0.832687, 0.346561, 0.763209, 0.679278, 0.588732, 0.668329, -1.0, -1.0, -1.0], [0.462949, 0.906153, 0.841311, 0.301587, 0.478474, 0.445331, 0.492958, 0.542394, 0.89693, -1.0, -1.0], [0.442602, 0.904206, 0.879474, 0.298942, 0.514677, 0.520305, 0.456338, 0.527431, 0.755848, 0.904908, -1.0], [0.457726, 0.780763, 0.849288, 0.320106, 0.520548, 0.309962, 0.442254, 0.349127, 0.696637, 0.793456, 0.888889]]",True,True,True,False,True,True,,mlp,adamw,incremental,strict,valid_ablation,ablation_table,controlled ablation result under final ablation folders,0.7090276970562687,0.5616247329693805,0.5826142099653623,0.2850274443087052,-0.2840240005910215,-0.2840240005910215,0.47242612543223106,0.6847664326049094,0.5535992383667692,0.5616247329693805,0.4597678465022086,0.5633280605288441,0.5535992383667692,0.5528304186216562,0.8888888888888888,0.3360584702672327,372.7647933959961,22.726058959960938,0.0,22.726058959960938,350.03873443603516,435.84912109375,,,,1.8120002269744873
ember,wgan_projection_generated_only,ahr_malcl_v15_1_ablation_critic5_wgan_projection_generated_only,42,0a746ec907cdb67d,ablation,25,result/final-run/EMBER/ablations/wgan-projection-generated-only/ahr_malcl_v15_1_ablation_critic5_wgan_projection_generated_only_results.json,result/final-run/EMBER/ablations/wgan-projection-generated-only/ahr_malcl_v15_1_ablation_critic5_wgan_projection_generated_only_results.json,1,run,ember,,11,"[0.9100937081659973, 0.8045738045738046, 0.6950164744645799, 0.34096036094102483, 0.28280390838245184, 0.15967460778617082, 0.19971907979652267, 0.2536477020331454, 0.28584721317577, 0.263924801508837, 0.2036850225492523]","[[0.910094, -1.0, -1.0, -1.0, -1.0, -1.0, -1.0, -1.0, -1.0, -1.0, -1.0], [0.778099, 0.930315, -1.0, -1.0, -1.0, -1.0, -1.0, -1.0, -1.0, -1.0, -1.0], [0.676841, 0.667599, 0.962343, -1.0, -1.0, -1.0, -1.0, -1.0, -1.0, -1.0, -1.0], [0.27502, 0.370295, 0.827256, 0.897059, -1.0, -1.0, -1.0, -1.0, -1.0, -1.0, -1.0], [0.240321, 0.334181, 0.349074, 0.628676, 0.925275, -1.0, -1.0, -1.0, -1.0, -1.0, -1.0], [0.085355, 0.315107, 0.171548, 0.5, 0.573626, 0.875, -1.0, -1.0, -1.0, -1.0, -1.0], [0.119839, 0.343591, 0.221757, 0.503676, 0.496703, 0.572761, 0.937381, -1.0, -1.0, -1.0, -1.0], [0.133708, 0.304934, 0.034071, 0.479779, 0.230769, 0.492537, 0.776091, 0.900103, -1.0, -1.0, -1.0], [0.139438, 0.309257, 0.090257, 0.448529, 0.224176, 0.449627, 0.457306, 0.512145, 0.981183, -1.0, -1.0], [0.123373, 0.306205, 0.068141, 0.340074, 0.151648, 0.481343, 0.265655, 0.484776, 0.793347, 0.987342, -1.0], [0.051191, 0.32706, 0.06575, 0.470588, 0.191209, 0.421642, 0.332068, 0.475539, 0.384745, 0.666139, 0.978339]]",False,False,False,False,True,True,,mlp,adamw,incremental,strict,valid_ablation,ablation_table,controlled ablation result under final ablation folders,0.39999515303432337,0.15967460778617082,0.39675188865721617,0.5920162895600186,-0.5920162895600186,-0.5920162895600186,0.3999442197964133,0.41635269318548945,0.2765010551846554,0.2036850225492523,0.23237712808383237,0.21318386577279216,0.2765010551846554,0.18410245490219937,0.9783393501805054,0.7942368952783061,440.9429702758789,90.90423583984375,90.90423583984375,0.0,350.03873443603516,3060.88916015625,0.08409428596496582,0.2646237313747406,4.577028751373291,13.78324433962504
ember,wgan_projection_generated_only,ahr_malcl_v15_1_ablation_critic5_wgan_projection_generated_only,43,b895a2b890cc8ec8,ablation,25,result/final-run/EMBER/ablations/wgan-projection-generated-only/ahr_malcl_v15_1_ablation_critic5_wgan_projection_generated_only_results.json,result/final-run/EMBER/ablations/wgan-projection-generated-only/ahr_malcl_v15_1_ablation_critic5_wgan_projection_generated_only_results.json,1,run,ember,,11,"[0.8895054822107854, 0.8435868430212322, 0.5766120584908032, 0.537226109900195, 0.5042231247529023, 0.37453183520599254, 0.4496936736231694, 0.38166043091214036, 0.37743178372915615, 0.38028853454821565, 0.2239496795632566]","[[0.889505, -1.0, -1.0, -1.0, -1.0, -1.0, -1.0, -1.0, -1.0, -1.0, -1.0], [0.839561, 0.984351, -1.0, -1.0, -1.0, -1.0, -1.0, -1.0, -1.0, -1.0, -1.0], [0.551578, 0.887324, 0.985277, -1.0, -1.0, -1.0, -1.0, -1.0, -1.0, -1.0, -1.0], [0.486776, 0.331768, 0.813137, 0.981611, -1.0, -1.0, -1.0, -1.0, -1.0, -1.0, -1.0], [0.456567, 0.286385, 0.783692, 0.569177, 0.988038, -1.0, -1.0, -1.0, -1.0, -1.0, -1.0], [0.337346, 0.165884, 0.646659, 0.290718, 0.75, 0.974948, -1.0, -1.0, -1.0, -1.0, -1.0], [0.390154, 0.176839, 0.587769, 0.237303, 0.751196, 0.768267, 0.995047, -1.0, -1.0, -1.0, -1.0], [0.311479, 0.27543, 0.620612, 0.130473, 0.775718, 0.672234, 0.790185, 0.991684, -1.0, -1.0, -1.0], [0.310539, 0.175274, 0.431484, 0.134851, 0.708732, 0.494781, 0.780279, 0.933472, 0.919697, -1.0, -1.0], [0.294697, 0.200313, 0.419026, 0.116025, 0.718301, 0.509395, 0.770374, 0.702703, 0.665152, 0.983347, -1.0], [0.108257, 0.181534, 0.168743, 0.091506, 0.632177, 0.281837, 0.451148, 0.528067, 0.554545, 0.880254, 0.938383]]",False,False,False,False,True,True,,mlp,adamw,incremental,strict,valid_ablation,ablation_table,controlled ablation result under final ablation folders,0.5035190505416226,0.2239496795632566,0.4378591086737606,0.5815437921035144,-0.5815437921035144,-0.5815437921035144,0.45114041690082507,0.554765705578129,0.31600520346167144,0.2239496795632566,0.2646143254334452,0.23146903390322965,0.31600520346167144,0.20704631738800303,0.938382541720154,0.731336224332151,440.9429702758789,90.90423583984375,90.90423583984375,0.0,350.03873443603516,3054.38671875,0.10409259796142578,0.3017062246799469,5.215803623199463,13.036383406321209
ember,wgan_projection_generated_only,ahr_malcl_v15_1_ablation_critic5_wgan_projection_generated_only,44,4766f0a7095e2603,ablation,25,result/final-run/EMBER/ablations/wgan-projection-generated-only/ahr_malcl_v15_1_ablation_critic5_wgan_projection_generated_only_results.json,result/final-run/EMBER/ablations/wgan-projection-generated-only/ahr_malcl_v15_1_ablation_critic5_wgan_projection_generated_only_results.json,1,run,ember,,11,"[0.9057598438008461, 0.7520013342228152, 0.6690474975766543, 0.6645454159772602, 0.5790282157005416, 0.5914798732543128, 0.519752946936316, 0.3150210260723297, 0.3168011154267503, 0.20481228228615664, 0.2823107049608355]","[[0.90576, -1.0, -1.0, -1.0, -1.0, -1.0, -1.0, -1.0, -1.0, -1.0, -1.0], [0.716238, 0.961494, -1.0, -1.0, -1.0, -1.0, -1.0, -1.0, -1.0, -1.0, -1.0], [0.659941, 0.564621, 0.925604, -1.0, -1.0, -1.0, -1.0, -1.0, -1.0, -1.0, -1.0], [0.676017, 0.173084, 0.588965, 0.975567, -1.0, -1.0, -1.0, -1.0, -1.0, -1.0, -1.0], [0.553856, 0.241708, 0.572226, 0.784383, 0.979434, -1.0, -1.0, -1.0, -1.0, -1.0, -1.0], [0.575529, 0.30995, 0.577185, 0.666247, 0.918595, 0.989091, -1.0, -1.0, -1.0, -1.0, -1.0], [0.526586, 0.27907, 0.567266, 0.343073, 0.876607, 0.853333, 0.983838, -1.0, -1.0, -1.0, -1.0], [0.126196, 0.019062, 0.534408, 0.280856, 0.792631, 0.726061, 0.822222, 0.964691, -1.0, -1.0, -1.0], [0.153661, 0.031262, 0.557967, 0.357683, 0.843188, 0.695758, 0.837374, 0.632724, 0.969849, -1.0, -1.0], [0.009697, 0.0122, 0.49845, 0.101763, 0.720651, 0.686061, 0.670707, 0.541929, 0.821608, 0.958002, -1.0], [0.101009, 0.007244, 0.538128, 0.188917, 0.738646, 0.544242, 0.642424, 0.364754, 0.70603, 0.547106, 0.910741]]",False,False,False,False,True,True,,mlp,adamw,incremental,strict,valid_ablation,ablation_table,controlled ablation result under final ablation folders,0.5273236596558927,0.20481228228615664,0.480840028072139,0.5234832265355646,-0.5234832265355646,-0.5234832265355646,0.36461067428134036,0.43247974088694996,0.3048501141878004,0.2823107049608355,0.2675079519484635,0.25534692395057934,0.3048501141878004,0.22758353760805058,0.9107407407407407,0.6831572031326901,440.9429702758789,90.90423583984375,90.90423583984375,0.0,350.03873443603516,3007.994140625,0.07823479175567627,0.2695360481739044,4.402384281158447,12.959746185938517
ember,wgan_projection_generated_only,ahr_malcl_v15_1_ablation_critic5_wgan_projection_generated_only,45,ed30958765a2400f,ablation,25,result/final-run/EMBER/ablations/wgan-projection-generated-only/ahr_malcl_v15_1_ablation_critic5_wgan_projection_generated_only_results.json,result/final-run/EMBER/ablations/wgan-projection-generated-only/ahr_malcl_v15_1_ablation_critic5_wgan_projection_generated_only_results.json,1,run,ember,,11,"[0.888076219805601, 0.7623938007655681, 0.7474851805281121, 0.31981888422714244, 0.45224937733499376, 0.2622060108666743, 0.4123798341527849, 0.4055870472828485, 0.3712313003452244, 0.22448979591836735, 0.2936150011868027]","[[0.888076, -1.0, -1.0, -1.0, -1.0, -1.0, -1.0, -1.0, -1.0, -1.0, -1.0], [0.756424, 0.95625, -1.0, -1.0, -1.0, -1.0, -1.0, -1.0, -1.0, -1.0, -1.0], [0.735348, 0.823438, 0.98818, -1.0, -1.0, -1.0, -1.0, -1.0, -1.0, -1.0, -1.0], [0.240497, 0.492188, 0.808511, 0.942936, -1.0, -1.0, -1.0, -1.0, -1.0, -1.0, -1.0], [0.37032, 0.51875, 0.677305, 0.786704, 0.985829, -1.0, -1.0, -1.0, -1.0, -1.0, -1.0], [0.175344, 0.29375, 0.526005, 0.329086, 0.875539, 0.977528, -1.0, -1.0, -1.0, -1.0, -1.0], [0.370802, 0.38125, 0.549645, 0.288643, 0.571781, 0.741573, 0.976471, -1.0, -1.0, -1.0, -1.0], [0.338899, 0.473438, 0.475177, 0.074792, 0.483056, 0.390048, 0.937968, 0.97961, -1.0, -1.0, -1.0], [0.29795, 0.270312, 0.470449, 0.098061, 0.465188, 0.260032, 0.856684, 0.781151, 0.95283, -1.0, -1.0], [0.119527, 0.259375, 0.362884, 0.007756, 0.192237, 0.216693, 0.700535, 0.613956, 0.786164, 0.949777, -1.0], [0.174045, 0.340625, 0.105201, 0.070914, 0.168823, 0.418941, 0.722995, 0.55188, 0.5587, 0.748884, 0.923945]]",False,False,False,False,True,True,,mlp,adamw,incremental,strict,valid_ablation,ablation_table,controlled ablation result under final ablation folders,0.46723022294673805,0.22448979591836735,0.4349957006201235,0.5736479004761157,-0.5736479004761157,-0.5736479004761157,0.499567557060804,0.6149975204136556,0.31146734633921097,0.2936150011868027,0.29140207903435555,0.2887032452379921,0.31146734633921097,0.2454408993644406,0.9239448391140828,0.6785039397496422,440.9429702758789,90.90423583984375,90.90423583984375,0.0,350.03873443603516,2867.11083984375,0.062197208404541016,0.25582969188690186,3.680790901184082,12.948251696427663
ember,wgan_projection_generated_only,ahr_malcl_v15_1_ablation_critic5_wgan_projection_generated_only,46,7d16e8afbde6d5cc,ablation,25,result/final-run/EMBER/ablations/wgan-projection-generated-only/ahr_malcl_v15_1_ablation_critic5_wgan_projection_generated_only_results.json,result/final-run/EMBER/ablations/wgan-projection-generated-only/ahr_malcl_v15_1_ablation_critic5_wgan_projection_generated_only_results.json,1,run,ember,,11,"[0.8872691933916423, 0.7747477931904161, 0.5493029150823827, 0.530439121756487, 0.4796968488232948, 0.43436728560695503, 0.3353705928071787, 0.19678438917136182, 0.440020097977641, 0.31710438120772655, 0.17983028720626631]","[[0.887269, -1.0, -1.0, -1.0, -1.0, -1.0, -1.0, -1.0, -1.0, -1.0, -1.0], [0.740586, 0.993769, -1.0, -1.0, -1.0, -1.0, -1.0, -1.0, -1.0, -1.0, -1.0], [0.371052, 0.885903, 0.995688, -1.0, -1.0, -1.0, -1.0, -1.0, -1.0, -1.0, -1.0], [0.351312, 0.878505, 0.945666, 0.873016, -1.0, -1.0, -1.0, -1.0, -1.0, -1.0, -1.0], [0.290816, 0.694315, 0.923243, 0.478836, 0.970646, -1.0, -1.0, -1.0, -1.0, -1.0, -1.0], [0.218477, 0.57866, 0.756792, 0.256614, 0.797456, 0.91496, -1.0, -1.0, -1.0, -1.0, -1.0], [0.13569, 0.578271, 0.751617, 0.232804, 0.344423, 0.526206, 0.935211, -1.0, -1.0, -1.0, -1.0], [0.109329, 0.358255, 0.002156, 0.208995, 0.663405, 0.468934, 0.540845, 0.870324, -1.0, -1.0, -1.0], [0.226919, 0.570093, 0.762182, 0.232804, 0.553816, 0.450191, 0.543662, 0.65586, 0.952851, -1.0, -1.0], [0.064747, 0.205218, 0.76865, 0.224868, 0.289628, 0.424505, 0.529577, 0.640898, 0.719664, 0.996933, -1.0], [0.099247, 0.207165, 0.004097, 0.21164, 0.195695, 0.421729, 0.504225, 0.296758, 0.096126, 0.862986, 0.971655]]",False,False,False,False,True,True,,mlp,adamw,incremental,strict,valid_ablation,ablation_table,controlled ablation result under final ablation folders,0.4659029914746684,0.17983028720626631,0.35193838545953154,0.6491000147550066,-0.6491000147550066,-0.6491000147550066,0.3482226768966409,0.4050688803539993,0.25002472335242243,0.17983028720626631,0.2046292734371914,0.18484134050196813,0.25002472335242243,0.15855219060386327,0.971655328798186,0.8131031381943227,440.9429702758789,90.90423583984375,90.90423583984375,0.0,350.03873443603516,2867.11083984375,0.0721595287322998,0.26202377676963806,3.9394936561584473,12.848604134718578
ember,hybrid_random_buffer,ahr_malcl_hr_hybrid_random_buffer_ember_k100,42,a05cb5c5f44662c2,final_best_performance,100,result/final-run/EMBER/best-performance setting/K=100/ahr_malcl_hr_hybrid_random_buffer_ember_k100_results.json,result/final-run/EMBER/best-performance setting/K=100/ahr_malcl_hr_hybrid_random_buffer_ember_k100_results.json;result/final-run/EMBER/best-performance setting/K=100/seed=42/full-result.json,2,run,ember,,11,"[0.9100937081659973, 0.8927765736276374, 0.8819192751235585, 0.8501047373509507, 0.8522093437240397, 0.8467557621537866, 0.8316756510515526, 0.8255253716043055, 0.8143047672218604, 0.811851671584583, 0.7982732019938287]","[[0.910094, -1.0, -1.0, -1.0, -1.0, -1.0, -1.0, -1.0, -1.0, -1.0, -1.0], [0.889692, 0.907426, -1.0, -1.0, -1.0, -1.0, -1.0, -1.0, -1.0, -1.0, -1.0], [0.882731, 0.85351, 0.939629, -1.0, -1.0, -1.0, -1.0, -1.0, -1.0, -1.0, -1.0], [0.872075, 0.717955, 0.927675, 0.8125, -1.0, -1.0, -1.0, -1.0, -1.0, -1.0, -1.0], [0.873735, 0.740081, 0.891811, 0.768382, 0.892308, -1.0, -1.0, -1.0, -1.0, -1.0, -1.0], [0.872718, 0.758393, 0.835027, 0.716912, 0.846154, 0.759328, -1.0, -1.0, -1.0, -1.0, -1.0], [0.862544, 0.716429, 0.830843, 0.735294, 0.81978, 0.68097, 0.863378, -1.0, -1.0, -1.0, -1.0], [0.861205, 0.695575, 0.833234, 0.705882, 0.797802, 0.654851, 0.842505, 0.822785, -1.0, -1.0, -1.0], [0.849157, 0.658444, 0.805738, 0.650735, 0.806593, 0.664179, 0.834915, 0.791652, 0.883065, -1.0, -1.0], [0.846854, 0.70117, 0.791393, 0.704044, 0.775824, 0.660448, 0.829222, 0.756073, 0.832325, 0.914557, -1.0], [0.832343, 0.715666, 0.826061, 0.700368, 0.802198, 0.673507, 0.83871, 0.76052, 0.714718, 0.884494, 0.850782]]",False,False,False,True,True,True,hybrid_random_buffer,mlp,adamw,incremental,strict,valid_main_hr,main_final_table,official best-performance simplified AHR-MalCL-HR result,0.8468627330547364,0.7982732019938287,0.7817605641854574,0.09564852945978769,-0.09564852945978769,-0.09564852945978769,0.7060245347380575,0.8586240141298005,0.797917596643079,0.7982732019938287,0.7277835130791821,0.8126552491363538,0.797917596643079,0.7969458217990448,0.8507821901323707,0.053836368333325835,531.8472061157227,181.8084716796875,90.90423583984375,90.90423583984375,350.03873443603516,3047.68701171875,0.0037696361541748047,0.061366621404886246,0.9611090421676636,15.582517131169636
ember,hybrid_random_buffer,ahr_malcl_hr_hybrid_random_buffer_ember_k100,43,79af7404124fe4f9,final_best_performance,100,result/final-run/EMBER/best-performance setting/K=100/ahr_malcl_hr_hybrid_random_buffer_ember_k100_results.json,result/final-run/EMBER/best-performance setting/K=100/ahr_malcl_hr_hybrid_random_buffer_ember_k100_results.json;result/final-run/EMBER/best-performance setting/K=100/seed=43/full-result.json,2,run,ember,,11,"[0.8895054822107854, 0.8840932822833275, 0.8620689655172413, 0.8400061183128752, 0.8262947920784962, 0.815878736485054, 0.8176457097926154, 0.8135724422655142, 0.8013832743810005, 0.7980258162490509, 0.7951578447661999]","[[0.889505, -1.0, -1.0, -1.0, -1.0, -1.0, -1.0, -1.0, -1.0, -1.0, -1.0], [0.88418, 0.881064, -1.0, -1.0, -1.0, -1.0, -1.0, -1.0, -1.0, -1.0, -1.0], [0.860013, 0.868545, 0.9094, -1.0, -1.0, -1.0, -1.0, -1.0, -1.0, -1.0, -1.0], [0.840322, 0.874804, 0.84145, 0.82662, -1.0, -1.0, -1.0, -1.0, -1.0, -1.0, -1.0], [0.831148, 0.85759, 0.776897, 0.71366, 0.929426, -1.0, -1.0, -1.0, -1.0, -1.0, -1.0], [0.816469, 0.895149, 0.822197, 0.722417, 0.898325, 0.82881, -1.0, -1.0, -1.0, -1.0, -1.0], [0.809488, 0.812207, 0.781427, 0.713222, 0.888756, 0.751566, 0.983791, -1.0, -1.0, -1.0, -1.0], [0.807339, 0.86385, 0.765572, 0.698336, 0.877392, 0.759916, 0.935615, 0.939709, -1.0, -1.0, -1.0], [0.795211, 0.821596, 0.806342, 0.665937, 0.870215, 0.697286, 0.92751, 0.935551, 0.831818, -1.0, -1.0], [0.784113, 0.843505, 0.80521, 0.630473, 0.882177, 0.736952, 0.92706, 0.939709, 0.809091, 0.944489, -1.0], [0.785545, 0.862285, 0.720272, 0.639667, 0.880383, 0.703549, 0.929761, 0.925156, 0.780303, 0.938937, 0.745828]]",False,False,False,True,True,True,hybrid_random_buffer,mlp,adamw,incremental,strict,valid_main_hr,main_final_table,official best-performance simplified AHR-MalCL-HR result,0.8312393149401965,0.7951578447661999,0.8101532937772629,0.08128582095371077,-0.07987737024948541,-0.07987737024948541,0.7120995085561762,0.8649210077376949,0.7973360841275092,0.7951578447661999,0.7338408527303312,0.8163694943805784,0.7973360841275092,0.796324981017464,0.7458279845956355,-0.05049699642182848,531.8472061157227,181.8084716796875,90.90423583984375,90.90423583984375,350.03873443603516,2974.822265625,0.0020922422409057617,0.04760032519698143,0.6981850266456604,15.022265660762788
ember,hybrid_random_buffer,ahr_malcl_hr_hybrid_random_buffer_ember_k100,44,c4a7e0db8f5f7261,final_best_performance,100,result/final-run/EMBER/best-performance setting/K=100/ahr_malcl_hr_hybrid_random_buffer_ember_k100_results.json,result/final-run/EMBER/best-performance setting/K=100/ahr_malcl_hr_hybrid_random_buffer_ember_k100_results.json;result/final-run/EMBER/best-performance setting/K=100/seed=44/full-result.json,2,run,ember,,11,"[0.9057598438008461, 0.8807538358905938, 0.8582725371154533, 0.8539731025412584, 0.8400032338911796, 0.8427805813089231, 0.8337664294053403, 0.8208578637510513, 0.8157222056236099, 0.8081537866081796, 0.7898172323759791]","[[0.90576, -1.0, -1.0, -1.0, -1.0, -1.0, -1.0, -1.0, -1.0, -1.0, -1.0], [0.889554, 0.829203, -1.0, -1.0, -1.0, -1.0, -1.0, -1.0, -1.0, -1.0, -1.0], [0.879076, 0.751811, 0.83323, -1.0, -1.0, -1.0, -1.0, -1.0, -1.0, -1.0, -1.0], [0.873218, 0.712924, 0.761314, 0.910327, -1.0, -1.0, -1.0, -1.0, -1.0, -1.0, -1.0], [0.863456, 0.690431, 0.710477, 0.875315, 0.926307, -1.0, -1.0, -1.0, -1.0, -1.0, -1.0], [0.866905, 0.70873, 0.734656, 0.852141, 0.879177, 0.934545, -1.0, -1.0, -1.0, -1.0, -1.0], [0.853563, 0.701868, 0.770614, 0.806549, 0.904027, 0.935758, 0.920202, -1.0, -1.0, -1.0, -1.0], [0.851611, 0.6565, 0.748295, 0.757683, 0.872322, 0.926061, 0.872727, 0.861286, -1.0, -1.0, -1.0], [0.850569, 0.674419, 0.727836, 0.723426, 0.897172, 0.912727, 0.885859, 0.836696, 0.896985, -1.0, -1.0], [0.842564, 0.638201, 0.722257, 0.780101, 0.896315, 0.913939, 0.850505, 0.79256, 0.89196, 0.752554, -1.0], [0.843736, 0.631338, 0.66584, 0.663476, 0.893745, 0.927273, 0.837374, 0.772699, 0.864322, 0.712826, 0.826667]]",False,False,False,True,True,True,hybrid_random_buffer,mlp,adamw,incremental,strict,valid_main_hr,main_final_table,official best-performance simplified AHR-MalCL-HR result,0.8408964229374921,0.7898172323759791,0.7853903978134803,0.09589842598887655,-0.09577721386766443,-0.09577721386766443,0.7094838482116004,0.8474214105748844,0.790698538881888,0.7898172323759791,0.7271131847562086,0.8004237203577487,0.790698538881888,0.7866081795897304,0.8266666666666667,0.04005848707693627,531.8472061157227,181.8084716796875,90.90423583984375,90.90423583984375,350.03873443603516,3074.224609375,0.0034117698669433594,0.057963546365499496,0.905676007270813,14.71840405066808
ember,hybrid_random_buffer,ahr_malcl_hr_hybrid_random_buffer_ember_k100,45,bfee1d37291f4800,final_best_performance,100,result/final-run/EMBER/best-performance setting/K=100/ahr_malcl_hr_hybrid_random_buffer_ember_k100_results.json,result/final-run/EMBER/best-performance setting/K=100/ahr_malcl_hr_hybrid_random_buffer_ember_k100_results.json;result/final-run/EMBER/best-performance setting/K=100/seed=45/full-result.json,2,run,ember,,11,"[0.888076219805601, 0.8620110167117916, 0.8680168852164541, 0.8250321937440286, 0.8360056039850561, 0.8195220183137657, 0.8290893079914875, 0.8249889684667866, 0.8144994246260069, 0.8100667497045767, 0.7971457393781154]","[[0.888076, -1.0, -1.0, -1.0, -1.0, -1.0, -1.0, -1.0, -1.0, -1.0, -1.0], [0.861274, 0.885938, -1.0, -1.0, -1.0, -1.0, -1.0, -1.0, -1.0, -1.0, -1.0], [0.865076, 0.823438, 0.973995, -1.0, -1.0, -1.0, -1.0, -1.0, -1.0, -1.0, -1.0], [0.817583, 0.801562, 0.964539, 0.85374, -1.0, -1.0, -1.0, -1.0, -1.0, -1.0, -1.0], [0.834424, 0.790625, 0.921986, 0.74626, 0.929144, -1.0, -1.0, -1.0, -1.0, -1.0, -1.0], [0.820999, 0.809375, 0.911348, 0.721884, 0.887862, 0.760835, -1.0, -1.0, -1.0, -1.0, -1.0], [0.826533, 0.80625, 0.944444, 0.786704, 0.839803, 0.70305, 0.944385, -1.0, -1.0, -1.0, -1.0], [0.82124, 0.8, 0.917258, 0.677008, 0.844732, 0.699839, 0.93262, 0.92841, -1.0, -1.0, -1.0], [0.813156, 0.8125, 0.940898, 0.67036, 0.857055, 0.693419, 0.93262, 0.821477, 0.880503, -1.0, -1.0], [0.806419, 0.782812, 0.946809, 0.619945, 0.818854, 0.691814, 0.918717, 0.885818, 0.830189, 0.912946, -1.0], [0.789866, 0.775, 0.951537, 0.686981, 0.815773, 0.677368, 0.914439, 0.879021, 0.832285, 0.878348, 0.747597]]",False,False,False,True,True,True,hybrid_random_buffer,mlp,adamw,incremental,strict,valid_main_hr,main_final_table,official best-performance simplified AHR-MalCL-HR result,0.8340412843585153,0.7971457393781154,0.8134740549995443,0.0757353595261662,-0.0757353595261662,-0.0757353595261662,0.7068917488457597,0.8458542599615216,0.793306978445204,0.7971457393781154,0.7278329798777622,0.8078601878478097,0.793306978445204,0.8009325796046118,0.7475971583786043,-0.05333542122600754,531.8472061157227,181.8084716796875,90.90423583984375,90.90423583984375,350.03873443603516,3054.38671875,0.0024579763412475586,0.043631911277770996,0.7527616024017334,15.169121742248535
ember,hybrid_random_buffer,ahr_malcl_hr_hybrid_random_buffer_ember_k100,46,f8d951075b702435,final_best_performance,100,result/final-run/EMBER/best-performance setting/K=100/ahr_malcl_hr_hybrid_random_buffer_ember_k100_results.json,result/final-run/EMBER/best-performance setting/K=100/ahr_malcl_hr_hybrid_random_buffer_ember_k100_results.json;result/final-run/EMBER/best-performance setting/K=100/seed=46/full-result.json,2,run,ember,,11,"[0.8872691933916423, 0.8681168558217739, 0.8649345162653147, 0.8483033932135728, 0.8475069804547267, 0.8265178347822976, 0.8194022468734544, 0.808849800742064, 0.7979211154377591, 0.7895009444884529, 0.7932292902919534]","[[0.887269, -1.0, -1.0, -1.0, -1.0, -1.0, -1.0, -1.0, -1.0, -1.0, -1.0], [0.851373, 0.975467, -1.0, -1.0, -1.0, -1.0, -1.0, -1.0, -1.0, -1.0, -1.0], [0.820092, 0.94704, 0.978655, -1.0, -1.0, -1.0, -1.0, -1.0, -1.0, -1.0, -1.0], [0.798226, 0.958723, 0.968521, 0.804233, -1.0, -1.0, -1.0, -1.0, -1.0, -1.0, -1.0], [0.793975, 0.966121, 0.966796, 0.68254, 0.931507, -1.0, -1.0, -1.0, -1.0, -1.0, -1.0], [0.775328, 0.94081, 0.942648, 0.661376, 0.896282, 0.827143, -1.0, -1.0, -1.0, -1.0, -1.0], [0.778, 0.942368, 0.956878, 0.653439, 0.87182, 0.736897, 0.749296, -1.0, -1.0, -1.0, -1.0], [0.774174, 0.936137, 0.947176, 0.677249, 0.905088, 0.718153, 0.656338, 0.645885, -1.0, -1.0, -1.0], [0.75413, 0.933022, 0.950194, 0.600529, 0.895303, 0.72336, 0.630986, 0.604738, 0.824196, -1.0, -1.0], [0.739249, 0.929517, 0.954506, 0.65873, 0.918787, 0.715377, 0.653521, 0.63591, 0.744883, 0.919223, -1.0], [0.740525, 0.940421, 0.950625, 0.632275, 0.907045, 0.700451, 0.63662, 0.659601, 0.752558, 0.916155, 0.935374]]",False,False,False,True,True,True,hybrid_random_buffer,mlp,adamw,incremental,strict,valid_main_hr,main_final_table,official best-performance simplified AHR-MalCL-HR result,0.8319592883420921,0.7895009444884529,0.7974227954639477,0.07065973534639358,-0.07065973534639358,-0.07065973534639358,0.686526298471827,0.8479519323366081,0.7962775795256956,0.7932292902919534,0.7174219793461515,0.8048214541470325,0.7962775795256956,0.7894095423801109,0.935374149659864,0.14596460727975313,531.8472061157227,181.8084716796875,90.90423583984375,90.90423583984375,350.03873443603516,2994.7470703125,0.0009938478469848633,0.037489380687475204,0.4598485827445984,15.092442103226979
ember,hybrid_random_buffer,ahr_malcl_v15_1_final_paper_critic5_ember_k25,42,c99be68d4932cb01,final_memory_efficient,25,result/final-run/EMBER/memory-efficient setting/ahr_malcl_v15_1_final_paper_critic5_ember_k25_results.json,result/final-run/EMBER/memory-efficient setting/ahr_malcl_v15_1_final_paper_critic5_ember_k25_results.json,1,run,ember,,11,"[0.9100937081659973, 0.8803025611536249, 0.8556425041186162, 0.7989042861746697, 0.7853554333636615, 0.7316288979275615, 0.7401488117834637, 0.7021356569280711, 0.6889674637883441, 0.6735923097983147, 0.6028661286494185]","[[0.910094, -1.0, -1.0, -1.0, -1.0, -1.0, -1.0, -1.0, -1.0, -1.0, -1.0], [0.867631, 0.940488, -1.0, -1.0, -1.0, -1.0, -1.0, -1.0, -1.0, -1.0, -1.0], [0.847604, 0.847915, 0.963539, -1.0, -1.0, -1.0, -1.0, -1.0, -1.0, -1.0, -1.0], [0.822436, 0.624364, 0.940227, 0.818015, -1.0, -1.0, -1.0, -1.0, -1.0, -1.0, -1.0], [0.803213, 0.648779, 0.895995, 0.729779, 0.892308, -1.0, -1.0, -1.0, -1.0, -1.0, -1.0], [0.74656, 0.611902, 0.841602, 0.643382, 0.786813, 0.789179, -1.0, -1.0, -1.0, -1.0, -1.0], [0.759732, 0.596134, 0.866109, 0.650735, 0.738462, 0.679104, 0.87666, -1.0, -1.0, -1.0, -1.0], [0.714752, 0.513479, 0.785415, 0.606618, 0.646154, 0.597015, 0.851992, 0.846391, -1.0, -1.0, -1.0], [0.700509, 0.503306, 0.768679, 0.545956, 0.558242, 0.574627, 0.85389, 0.638385, 0.904234, -1.0, -1.0], [0.68589, 0.48118, 0.753736, 0.558824, 0.527473, 0.576493, 0.817837, 0.624016, 0.830645, 0.950949, -1.0], [0.601339, 0.49237, 0.730424, 0.540441, 0.494505, 0.606343, 0.825427, 0.590831, 0.535618, 0.93038, 0.894103]]",True,True,True,True,True,True,,mlp,adamw,incremental,strict,legacy_or_config_mismatch,supplementary_only,memory-efficient file uses full-complexity flags; not the final simplified AHR-MalCL-HR method,0.7608761601683404,0.6028661286494185,0.6583439203456612,0.2544176705522764,-0.2544176705522764,-0.2544176705522764,0.5183399221038355,0.7010945191644601,0.6517752953821797,0.6028661286494185,0.5267529328063107,0.6025257686569343,0.6517752953821797,0.595503908983056,0.8941034897713598,0.29859958078830373,463.66902923583984,113.63029479980469,90.90423583984375,22.726058959960938,350.03873443603516,6746.03515625,0.0056008100509643555,0.060163091868162155,0.9707291126251221,13.019042078653971
ember,hybrid_random_buffer,ahr_malcl_v15_1_final_paper_critic5_ember_k25,43,0b6649414269c805,final_memory_efficient,25,result/final-run/EMBER/memory-efficient setting/ahr_malcl_v15_1_final_paper_critic5_ember_k25_results.json,result/final-run/EMBER/memory-efficient setting/ahr_malcl_v15_1_final_paper_critic5_ember_k25_results.json;result/final-run/EMBER/memory-efficient setting/seed=43/full-result.json,2,run,ember,,11,"[0.8895054822107854, 0.8752610511660286, 0.8226002430133658, 0.7910596153110779, 0.7710886676490674, 0.6800226132428804, 0.6888248206270681, 0.638498258289253, 0.55649949469429, 0.5855125284738041, 0.532281034892001]","[[0.889505, -1.0, -1.0, -1.0, -1.0, -1.0, -1.0, -1.0, -1.0, -1.0, -1.0], [0.873081, 0.951487, -1.0, -1.0, -1.0, -1.0, -1.0, -1.0, -1.0, -1.0, -1.0], [0.816021, 0.935837, 0.907135, -1.0, -1.0, -1.0, -1.0, -1.0, -1.0, -1.0, -1.0], [0.776102, 0.899844, 0.80521, 0.901489, -1.0, -1.0, -1.0, -1.0, -1.0, -1.0, -1.0], [0.753368, 0.865415, 0.775764, 0.782837, 0.953349, -1.0, -1.0, -1.0, -1.0, -1.0, -1.0], [0.656299, 0.807512, 0.744054, 0.64317, 0.918062, 0.843424, -1.0, -1.0, -1.0, -1.0, -1.0], [0.64256, 0.777778, 0.696489, 0.672067, 0.894737, 0.762004, 0.972085, -1.0, -1.0, -1.0, -1.0], [0.574312, 0.827856, 0.731597, 0.570928, 0.884569, 0.716075, 0.991896, 0.954262, -1.0, -1.0, -1.0], [0.474334, 0.774648, 0.571914, 0.497811, 0.856459, 0.60334, 0.972985, 0.941788, 0.833333, -1.0, -1.0], [0.504811, 0.766823, 0.534541, 0.441331, 0.847488, 0.60334, 0.986493, 0.796258, 0.806061, 0.964314, -1.0], [0.446901, 0.676056, 0.570781, 0.278459, 0.838517, 0.597077, 0.931112, 0.706861, 0.677273, 0.947661, 0.826701]]",True,True,True,True,True,True,,mlp,adamw,incremental,strict,legacy_or_config_mismatch,supplementary_only,memory-efficient file uses full-complexity flags; not the final simplified AHR-MalCL-HR method,0.7119230735972383,0.532281034892001,0.6815816821529336,0.2519495907883075,-0.2499685011890279,-0.2499685011890279,0.5090981852561981,0.7016846047753545,0.6116437395902189,0.532281034892001,0.48967820226410486,0.5396642051041759,0.6116437395902189,0.5253151100987092,0.8267008985879333,0.30138578848922404,463.66902923583984,113.63029479980469,90.90423583984375,22.726058959960938,350.03873443603516,4276.9140625,0.0071108341217041016,0.0600309781730175,1.0591593980789185,12.983105615774791
ember,hybrid_random_buffer,ahr_malcl_v15_1_final_paper_critic5_ember_k25,44,c351e99718a6b8a3,final_memory_efficient,25,result/final-run/EMBER/memory-efficient setting/ahr_malcl_v15_1_final_paper_critic5_ember_k25_results.json,result/final-run/EMBER/memory-efficient setting/ahr_malcl_v15_1_final_paper_critic5_ember_k25_results.json;result/final-run/EMBER/memory-efficient setting/seed=44/full-result.json,2,run,ember,,11,"[0.9057598438008461, 0.8776406493217701, 0.8273047293505433, 0.7736625514403292, 0.7444821731748726, 0.7373938896060713, 0.7238353481715813, 0.6644911690496216, 0.650964379377884, 0.642852535156754, 0.5980299074293852]","[[0.90576, -1.0, -1.0, -1.0, -1.0, -1.0, -1.0, -1.0, -1.0, -1.0, -1.0], [0.879727, 0.865421, -1.0, -1.0, -1.0, -1.0, -1.0, -1.0, -1.0, -1.0, -1.0], [0.845298, 0.697674, 0.866708, -1.0, -1.0, -1.0, -1.0, -1.0, -1.0, -1.0, -1.0], [0.757891, 0.64125, 0.743955, 0.934257, -1.0, -1.0, -1.0, -1.0, -1.0, -1.0, -1.0], [0.722356, 0.621807, 0.637942, 0.895466, 0.945159, -1.0, -1.0, -1.0, -1.0, -1.0, -1.0], [0.71012, 0.598551, 0.632982, 0.873804, 0.934019, 0.956364, -1.0, -1.0, -1.0, -1.0, -1.0], [0.693524, 0.588639, 0.630502, 0.816877, 0.926307, 0.89697, 0.948485, -1.0, -1.0, -1.0, -1.0], [0.674585, 0.316432, 0.630502, 0.526196, 0.882605, 0.887273, 0.910101, 0.878941, -1.0, -1.0, -1.0], [0.66632, 0.183378, 0.639802, 0.546348, 0.871465, 0.911515, 0.876768, 0.850252, 0.89196, -1.0, -1.0], [0.642629, 0.253908, 0.619343, 0.594962, 0.871465, 0.898182, 0.812121, 0.749369, 0.89196, 0.835414, -1.0], [0.61204, 0.26687, 0.602604, 0.368262, 0.844045, 0.841212, 0.764646, 0.593947, 0.861809, 0.706016, 0.864074]]",True,True,True,True,True,True,,mlp,adamw,incremental,strict,legacy_or_config_mismatch,supplementary_only,memory-efficient file uses full-complexity flags; not the final simplified AHR-MalCL-HR method,0.7405833796254235,0.5980299074293852,0.6659568497817971,0.25670166114067894,-0.25670166114067894,-0.25670166114067894,0.5484279203679263,0.7116770844888541,0.6197571121451899,0.5980299074293852,0.5275237797107645,0.5849090123950579,0.6197571121451899,0.5748613082182944,0.8640740740740741,0.2892127658557797,463.66902923583984,113.63029479980469,90.90423583984375,22.726058959960938,350.03873443603516,4404.52587890625,0.0090714693069458,0.06685836613178253,1.1094125509262085,13.599812229474386
ember,hybrid_random_buffer,ahr_malcl_v15_1_final_paper_critic5_ember_k25,45,cf0fea57de6cb0e4,final_memory_efficient,25,result/final-run/EMBER/memory-efficient setting/ahr_malcl_v15_1_final_paper_critic5_ember_k25_results.json,result/final-run/EMBER/memory-efficient setting/ahr_malcl_v15_1_final_paper_critic5_ember_k25_results.json;result/final-run/EMBER/memory-efficient setting/seed=45/full-result.json,2,run,ember,,11,"[0.888076219805601, 0.8729810475212398, 0.8452487874977547, 0.7787562829726249, 0.7824564134495642, 0.7112732246665907, 0.6909077566595729, 0.6784223210345881, 0.6298536906131843, 0.6158219156207084, 0.6093342036553525]","[[0.888076, -1.0, -1.0, -1.0, -1.0, -1.0, -1.0, -1.0, -1.0, -1.0, -1.0], [0.873881, 0.84375, -1.0, -1.0, -1.0, -1.0, -1.0, -1.0, -1.0, -1.0, -1.0], [0.841161, 0.803125, 0.977541, -1.0, -1.0, -1.0, -1.0, -1.0, -1.0, -1.0, -1.0], [0.769223, 0.6, 0.964539, 0.86482, -1.0, -1.0, -1.0, -1.0, -1.0, -1.0, -1.0], [0.768646, 0.614062, 0.900709, 0.78892, 0.95687, -1.0, -1.0, -1.0, -1.0, -1.0, -1.0], [0.688769, 0.598438, 0.905437, 0.682548, 0.917437, 0.860353, -1.0, -1.0, -1.0, -1.0, -1.0], [0.659272, 0.579688, 0.921986, 0.621053, 0.911275, 0.783307, 0.951872, -1.0, -1.0, -1.0, -1.0], [0.635165, 0.584375, 0.853428, 0.483657, 0.876771, 0.5939, 0.954011, 0.96647, -1.0, -1.0, -1.0], [0.590174, 0.592188, 0.6974, 0.432133, 0.873075, 0.547352, 0.935829, 0.754418, 0.885744, -1.0, -1.0], [0.571697, 0.521875, 0.754137, 0.311357, 0.773259, 0.520064, 0.934759, 0.806978, 0.86478, 0.901786, -1.0], [0.550091, 0.521875, 0.770686, 0.354017, 0.780037, 0.433387, 0.891979, 0.787041, 0.725367, 0.84375, 0.80443]]",True,True,True,True,True,True,,mlp,adamw,incremental,strict,legacy_or_config_mismatch,supplementary_only,memory-efficient file uses full-complexity flags; not the final simplified AHR-MalCL-HR method,0.7366483512269801,0.6093342036553525,0.6784235214632871,0.24411924755915398,-0.2439053438158385,-0.2439053438158385,0.5239842286803114,0.7145340186451705,0.6239178442041811,0.6093342036553525,0.5169465657693499,0.595281054836249,0.6239178442041811,0.5944236849669445,0.8044295862933556,0.21000590132641106,463.66902923583984,113.63029479980469,90.90423583984375,22.726058959960938,350.03873443603516,4276.9140625,0.011453032493591309,0.07339824736118317,1.2927271127700806,13.64518310626348
ember,hybrid_random_buffer,ahr_malcl_v15_1_final_paper_critic5_ember_k25,46,b90ba2295604d901,final_memory_efficient,25,result/final-run/EMBER/memory-efficient setting/ahr_malcl_v15_1_final_paper_critic5_ember_k25_results.json,result/final-run/EMBER/memory-efficient setting/ahr_malcl_v15_1_final_paper_critic5_ember_k25_results.json;result/final-run/EMBER/memory-efficient setting/seed=46/full-result.json,2,run,ember,,11,"[0.8872691933916423, 0.8628625472887768, 0.8337135614702155, 0.804474384564205, 0.7882728360590348, 0.7366104969410755, 0.7142655267434466, 0.6611927992304522, 0.6206506720261273, 0.6204070440558163, 0.6139330643247093]","[[0.887269, -1.0, -1.0, -1.0, -1.0, -1.0, -1.0, -1.0, -1.0, -1.0, -1.0], [0.843112, 0.989486, -1.0, -1.0, -1.0, -1.0, -1.0, -1.0, -1.0, -1.0, -1.0], [0.770044, 0.972741, 0.982751, -1.0, -1.0, -1.0, -1.0, -1.0, -1.0, -1.0, -1.0], [0.729835, 0.974299, 0.976714, 0.78836, -1.0, -1.0, -1.0, -1.0, -1.0, -1.0, -1.0], [0.702077, 0.97352, 0.964856, 0.666667, 0.95499, -1.0, -1.0, -1.0, -1.0, -1.0, -1.0], [0.651543, 0.954439, 0.855972, 0.436508, 0.863014, 0.830961, -1.0, -1.0, -1.0, -1.0, -1.0], [0.625972, 0.963396, 0.83937, 0.42328, 0.862035, 0.776467, 0.752113, -1.0, -1.0, -1.0, -1.0], [0.54853, 0.963006, 0.864812, 0.399471, 0.808219, 0.669906, 0.64507, 0.741895, -1.0, -1.0, -1.0], [0.446672, 0.900312, 0.930789, 0.373016, 0.728963, 0.569941, 0.574648, 0.668329, 0.918494, -1.0, -1.0], [0.466594, 0.905763, 0.92928, 0.399471, 0.545988, 0.507116, 0.569014, 0.588529, 0.830409, 0.949898, -1.0], [0.462889, 0.897196, 0.921087, 0.365079, 0.549902, 0.483513, 0.571831, 0.418953, 0.781067, 0.907975, 0.950113]]",True,True,True,True,True,True,,mlp,adamw,incremental,strict,legacy_or_config_mismatch,supplementary_only,memory-efficient file uses full-complexity flags; not the final simplified AHR-MalCL-HR method,0.7403320114632274,0.6139330643247093,0.6645095950422575,0.24367255095709445,-0.24367255095709445,-0.24367255095709445,0.5074716897333396,0.7149034082241723,0.6199082373223442,0.6139330643247093,0.5088295490897243,0.610983127465945,0.6199082373223442,0.6048991530071294,0.9501133786848073,0.3452142256776779,463.66902923583984,113.63029479980469,90.90423583984375,22.726058959960938,350.03873443603516,4276.9140625,0.006320834159851074,0.059644464403390884,0.9658163785934448,13.553023966153463
ember,ahr_malcl_v15_1_final_paper_critic2_ember_k25,ahr_malcl_v15_1_final_paper_critic2_ember_k25,42,053d1a6b1f39caab,final_memory_efficient,25,result/final-run/EMBER/memory-efficient setting/seed=42/full-result.json,result/final-run/EMBER/memory-efficient setting/seed=42/full-result.json,1,run,,,11,"[0.9072556894243641, 0.8745963639580661, 0.8510708401976935, 0.8129229777634547, 0.7814786977332964, 0.7546775130737943, 0.736428517196872, 0.6815308388860414, 0.6623243695915139, 0.6536671432482585, 0.5541478756230714]","[[0.907256, -1.0, -1.0, -1.0, -1.0, -1.0, -1.0, -1.0, -1.0, -1.0, -1.0], [0.862222, 0.933367, -1.0, -1.0, -1.0, -1.0, -1.0, -1.0, -1.0, -1.0, -1.0], [0.838447, 0.858087, 0.975493, -1.0, -1.0, -1.0, -1.0, -1.0, -1.0, -1.0, -1.0], [0.831914, 0.659969, 0.961148, 0.810662, -1.0, -1.0, -1.0, -1.0, -1.0, -1.0, -1.0], [0.801767, 0.666582, 0.809922, 0.737132, 0.89011, -1.0, -1.0, -1.0, -1.0, -1.0, -1.0], [0.777242, 0.604781, 0.900179, 0.623162, 0.753846, 0.748134, -1.0, -1.0, -1.0, -1.0, -1.0], [0.762731, 0.572228, 0.858936, 0.637868, 0.626374, 0.70709, 0.867173, -1.0, -1.0, -1.0, -1.0], [0.709665, 0.422686, 0.799761, 0.560662, 0.50989, 0.570896, 0.855787, 0.82039, -1.0, -1.0, -1.0], [0.680054, 0.420142, 0.668261, 0.509191, 0.474725, 0.552239, 0.815939, 0.679781, 0.899866, -1.0, -1.0], [0.690549, 0.434893, 0.706515, 0.529412, 0.468132, 0.580224, 0.821632, 0.468354, 0.835349, 0.949367, -1.0], [0.571995, 0.416836, 0.711297, 0.511029, 0.437363, 0.529851, 0.768501, 0.42388, 0.476142, 0.94462, 0.898917]]",True,True,True,True,True,True,,mlp,adamw,incremental,strict,excluded_incomplete,exclude_from_paper_claims,stray incomplete EMBER critic2 memory-efficient seed file; not part of declared final result set,0.7518273478814933,0.5541478756230714,0.608220995070588,0.3010303429375604,-0.3010303429375604,-0.3010303429375604,0.5016485390774582,0.6696340797110042,0.6097700844647764,0.5541478756230714,0.4949968781638342,0.553522164849984,0.6097700844647764,0.5454324217442886,0.8989169675090253,0.35348454576473665,440.9429702758789,90.90423583984375,68.17817687988281,22.726058959960938,350.03873443603516,4351.548828125,0.006235718727111816,0.06438644230365753,1.0368354320526123,7.69155151049296
